Data,Usuari,Paraula,Codi,Rima,Tipus de rima,Num. síl·,Comença per,Incloure NP,Incloure pl.,Dialecte
03/08/2026 1:46:51,usr_ms0wbtzx_absdx,intento,VMIP1S0C,entu,r.consonant,0,indiferent,no,si,
03/08/2026 1:47:26,usr_ms0wbtzx_absdx,comès,VMP00SM0,ɛs,r.consonant,0,indiferent,no,si,
03/08/2026 1:51:58,usr_ms0wbtzx_absdx,intento,VMIP1S0C,entu,r.consonant,0,indiferent,no,si,
03/08/2026 2:41:37,usr_ms7btuyi_nml4w,vacances,NCFP000,ansəs,r.consonant,0,indiferent,no,si,
03/08/2026 2:44:52,usr_ms7btuyi_nml4w,indomable,AQ0CS0,abblə,r.consonant,0,indiferent,no,si,
03/08/2026 2:46:42,usr_ms7btuyi_nml4w,vacances,NCFP000,ansəs,r.consonant,0,indiferent,no,si,
03/08/2026 2:51:55,usr_ms7btuyi_nml4w,victòries,NCFP000,ɔɾiəs,r.consonant,0,indiferent,no,si,
03/08/2026 11:04:39,usr_msd06ior_b07dl,pasta,NCFS000,astə,r.consonant,0,indiferent,no,si,
03/08/2026 11:06:47,usr_msd06ior_b07dl,vendes,NCFP000,ɛndəs,r.consonant,0,indiferent,no,si,
03/08/2026 11:13:31,usr_msd06ior_b07dl,tub,NCMS000,up,r.consonant,0,indiferent,no,si,
03/08/2026 11:14:00,usr_msd06ior_b07dl,tut,NCMS000,ut,r.consonant,0,indiferent,no,si,
03/08/2026 11:15:33,usr_msd06ior_b07dl,rap,NCMS000,ap,r.consonant,0,indiferent,no,si,
03/08/2026 11:16:36,usr_msd06ior_b07dl,canya,NCFS000,aɲə,r.consonant,0,indiferent,no,si,
03/08/2026 11:27:38,usr_mrvuyes9_ng6ch,versos,NCMP000,ɛrsus,r.consonant,0,indiferent,no,si,
03/08/2026 11:34:49,usr_mrvuyes9_ng6ch,torben,VMIP3P00,orβən,r.consonant,0,indiferent,no,si,
03/08/2026 11:38:07,usr_mrvuyes9_ng6ch,passions,NCFP000,ons,r.consonant,0,indiferent,no,si,
03/08/2026 11:41:59,usr_mrvuyes9_ng6ch,ment,NCFS000,en,r.consonant,0,indiferent,no,si,
03/08/2026 11:45:27,usr_msd1mx4l_f9foe,treballa,VMIP3S00,aʎə,r.consonant,0,indiferent,no,si,
03/08/2026 11:48:17,usr_msd1mx4l_f9foe,desnonat,VMP00SM0,at,r.consonant,0,indiferent,no,si,
03/08/2026 11:48:25,usr_msd1mx4l_f9foe,desnonat,VMP00SM0,at,r.consonant,0,indiferent,no,si,
03/08/2026 11:48:29,usr_msd1mx4l_f9foe,desnonat,VMP00SM0,at,r.consonant,0,indiferent,no,si,
03/08/2026 11:50:51,usr_msd1mx4l_f9foe,desnonat,VMP00SM0,at,r.consonant,3,indiferent,no,si,
03/08/2026 11:50:54,usr_msd1mx4l_f9foe,desnonat,VMP00SM0,at,r.consonant,3,indiferent,no,si,
03/08/2026 11:51:54,usr_mrvuyes9_ng6ch,vida,NCFS000,iðə,r.consonant,0,indiferent,no,si,
03/08/2026 12:15:31,usr_mrvuyes9_ng6ch,brases,NCFP000,azəs,r.consonant,0,indiferent,no,si,
03/08/2026 12:15:35,usr_mrvuyes9_ng6ch,brases,NCFP000,azəs,r.consonant,0,indiferent,no,si,
03/08/2026 12:22:04,usr_msd2y116_jyhd7,rius,NCMP000,iws,r.consonant,0,indiferent,no,si,
03/08/2026 12:29:30,usr_mrvuyes9_ng6ch,castell,NCMS000,eʎ,r.consonant,0,indiferent,no,si,
03/08/2026 12:34:49,usr_msd1mx4l_f9foe,organitzada,AQ0FS0,aðə,r.consonant,0,indiferent,no,no,
03/08/2026 12:34:54,usr_msd1mx4l_f9foe,organitzada,AQ0FS0,aðə,r.consonant,0,indiferent,no,no,
03/08/2026 12:42:37,usr_msd1mx4l_f9foe,organitzada,AQ0FS0,aðə,r.consonant,0,indiferent,no,si,
03/08/2026 12:50:35,usr_msd1mx4l_f9foe,celebrar,VMN00000,a,r.consonant,2,indiferent,no,si,
03/08/2026 13:02:49,usr_mrx4oknp_u4ni2,ment,NCFS000,en,r.consonant,0,indiferent,no,si,
03/08/2026 13:02:51,usr_mrx4oknp_u4ni2,ment,NCFS000,en,r.consonant,0,indiferent,no,si,
03/08/2026 13:05:48,usr_mrvt0o9h_87xcv,vegada,NCFS000,aðə,r.consonant,0,indiferent,no,si,
03/08/2026 13:08:58,usr_msd1mx4l_f9foe,casa,NCFS000,azə,r.consonant,0,indiferent,no,si,
03/08/2026 13:09:48,usr_msd1mx4l_f9foe,llar,NCFS000,ar,r.consonant,0,indiferent,no,si,
03/08/2026 13:11:59,usr_mrx4oknp_u4ni2,nu,NCMS000,u,r.consonant,0,indiferent,no,si,
03/08/2026 13:12:24,usr_msd1mx4l_f9foe,habitatge,NCMS000,adʒə,r.consonant,0,indiferent,no,si,
03/08/2026 13:15:17,usr_msd1mx4l_f9foe,acollir,VMN00000,i,r.consonant,0,indiferent,no,si,
03/08/2026 13:16:52,usr_msd1mx4l_f9foe,habitatge,NCMS000,adʒə,r.consonant,0,indiferent,no,si,
03/08/2026 13:20:42,usr_msd1mx4l_f9foe,sostre,NCMS000,ɔstɾə,r.consonant,0,indiferent,no,si,
03/08/2026 13:20:42,usr_msd1mx4l_f9foe,sostre,NCMS000,ɔstɾə,r.consonant,0,indiferent,no,si,
03/08/2026 13:38:57,usr_msbjpvyd_b5379,desmereix,VMIP3S00,ɛʃ,r.consonant,0,indiferent,no,si,
03/08/2026 13:50:48,usr_msbjpvyd_b5379,desmereix,VMIP3S00,ɛʃ,r.consonant,0,indiferent,no,si,
03/08/2026 15:58:12,usr_mrvuyes9_ng6ch,encanteri,NCMS000,ɛɾi,r.consonant,0,indiferent,no,si,
03/08/2026 16:02:03,usr_mrvuyes9_ng6ch,precioses,AQ0FP0,ozəs,r.consonant,0,indiferent,no,si,
03/08/2026 16:15:38,usr_mrvuyes9_ng6ch,atentament,ZRG,en,r.consonant,0,indiferent,no,si,
03/08/2026 16:20:43,usr_mrvuyes9_ng6ch,virginal,NCMS000,al,r.consonant,0,indiferent,no,si,
03/08/2026 16:20:46,usr_mrvuyes9_ng6ch,virginal,NCMS000,al,r.consonant,0,indiferent,no,si,
03/08/2026 16:28:01,usr_mrvuyes9_ng6ch,blanc,NCMS000,aŋ,r.consonant,0,indiferent,no,si,
03/08/2026 16:31:47,usr_mrvuyes9_ng6ch,ulls,NCMP000,uʎs,r.consonant,0,indiferent,no,si,
03/08/2026 17:09:30,usr_msdd7mxe_x90tv,dinosaures,NCMP000,awɾəs,r.consonant,0,indiferent,no,si,
03/08/2026 17:09:30,usr_msdd7mxe_x90tv,dinosaures,NCMP000,awɾəs,r.consonant,0,indiferent,no,si,
03/08/2026 17:10:36,usr_msdd8z11_w65tr,gran,NCCS000,an,r.consonant,0,indiferent,no,si,
03/08/2026 17:10:38,usr_msdd8z11_w65tr,gran,NCCS000,an,r.consonant,0,indiferent,no,si,
03/08/2026 17:10:42,usr_msdd8z11_w65tr,gran,NCCS000,an,r.consonant,0,indiferent,no,si,
03/08/2026 17:10:43,usr_msdd8z11_w65tr,gran,NCCS000,an,r.consonant,0,indiferent,no,si,
03/08/2026 17:10:50,usr_msdd8z11_w65tr,gran,NCCS000,an,r.consonant,0,indiferent,no,si,
03/08/2026 17:10:53,usr_msdd8z11_w65tr,gran,NCCS000,an,r.consonant,0,indiferent,no,si,
03/08/2026 17:10:56,usr_msdd8z11_w65tr,gran,NCCS000,an,r.consonant,0,indiferent,no,si,
03/08/2026 17:10:58,usr_msdd8z11_w65tr,gran,NCCS000,an,r.consonant,0,indiferent,no,si,
03/08/2026 17:11:00,usr_msdd8z11_w65tr,gran,NCCS000,an,r.consonant,0,indiferent,no,si,
03/08/2026 17:14:39,usr_mrvt0o9h_87xcv,préssec,NCMS000,esək,r.consonant,0,indiferent,no,si,
03/08/2026 17:21:13,usr_msddmqng_siv44,gran,NCCS000,a,r.assonant,0,indiferent,no,no,
03/08/2026 17:21:19,usr_msddmqng_siv44,gran,NCCS000,a,r.assonant,0,indiferent,no,no,
03/08/2026 17:22:18,usr_msddmqng_siv44,gran,NCCS000,an,r.consonant,0,indiferent,no,no,
03/08/2026 17:22:29,usr_msddmqng_siv44,gran,NCCS000,an,r.consonant,0,indiferent,no,no,
03/08/2026 17:22:32,usr_msddmqng_siv44,gran,NCCS000,an,r.consonant,0,indiferent,no,no,
03/08/2026 17:22:33,usr_msddmqng_siv44,gran,NCCS000,an,r.consonant,0,indiferent,no,no,
03/08/2026 17:58:06,usr_msdey5so_zs05w,al,ZSP+DA,əl,r.consonant,0,indiferent,no,si,
03/08/2026 17:58:46,usr_msdey5so_zs05w,al,ZSP+DA,əl,r.consonant,4,indiferent,no,si,
03/08/2026 18:42:08,usr_msdgj3k2_tmz2s,així,VMIS1S00,i,r.consonant,0,indiferent,no,si,
03/08/2026 18:43:33,usr_msdgj3k2_tmz2s,així,VMIS1S00,i,r.consonant,0,indiferent,no,si,
03/08/2026 18:43:42,usr_msdgj3k2_tmz2s,així,VMIS1S00,i,r.consonant,2,indiferent,no,si,
03/08/2026 18:57:00,usr_ms7btuyi_nml4w,senyal,NCMS000,al,r.consonant,0,indiferent,no,si,
03/08/2026 19:02:58,usr_msdh9l9e_fr4ip,perspectiva,NCFS000,iβə,r.consonant,0,indiferent,no,si,
03/08/2026 19:03:46,usr_msdh9l9e_fr4ip,perspectiva,NCFS000,iə,r.assonant,0,indiferent,no,si,
03/08/2026 19:14:13,usr_ms7btuyi_nml4w,tornar,VMN00000,a,r.consonant,0,indiferent,no,si,
03/08/2026 19:23:16,usr_msdhxtxp_zfqyv,fer,AQ0MS0,e,r.consonant,0,indiferent,no,si,
03/08/2026 20:37:35,usr_mrynm4vz_6ub2j,quixot,NCMS000,ɔ,r.assonant,2,indiferent,no,si,
03/08/2026 20:53:17,usr_msdl7g2a_299o9,pau,NCFS000,aw,r.consonant,0,indiferent,no,si,
03/08/2026 20:54:32,usr_msdl7g2a_299o9,anys,NCMP000,aɲʃ,r.consonant,0,indiferent,no,si,
03/08/2026 20:55:00,usr_msdl7g2a_299o9,sang,NCFS000,aŋ,r.consonant,0,indiferent,no,si,
03/08/2026 20:55:02,usr_msdl7g2a_299o9,sang,NCFS000,aŋ,r.consonant,0,indiferent,no,si,
03/08/2026 20:58:59,usr_msdl7g2a_299o9,canviat,AQ0MS0,at,r.consonant,0,indiferent,no,si,
03/08/2026 21:11:04,usr_msdlualj_fowge,dormilega,NCCS000,ɛɣə,r.consonant,0,indiferent,no,si,
03/08/2026 21:16:37,usr_msdlualj_fowge,amor,NCCS000,or,r.consonant,0,indiferent,no,si,
03/08/2026 21:18:00,usr_msdlualj_fowge,cucurella,AQ0FS0,eʎə,r.consonant,0,indiferent,no,si,
03/08/2026 21:20:24,usr_msdlualj_fowge,barça,NPMSO00,arsə,r.consonant,0,indiferent,no,si,
03/08/2026 21:24:53,usr_msdlualj_fowge,dormilega,NCCS000,ɛɣə,r.consonant,0,indiferent,no,si,
03/08/2026 22:07:17,usr_msdnulrd_iccu2,cavall,NCMS000,aʎ,r.consonant,0,indiferent,no,si,
03/08/2026 22:08:39,usr_msdnulrd_iccu2,préssec,NCMS000,esək,r.consonant,0,indiferent,no,si,
04/08/2026 8:03:25,usr_mse959hs_sb9co,iva,NCFS000,iβə,r.consonant,0,indiferent,no,si,
04/08/2026 9:43:14,usr_msa9lcfl_7pi7a,purpurina,NCFS000,inə,r.consonant,0,indiferent,no,si,
04/08/2026 9:50:58,usr_msa9lcfl_7pi7a,armari,NCMS000,aɾi,r.consonant,0,indiferent,no,si,
04/08/2026 10:00:38,usr_msa9lcfl_7pi7a,respecti,VMM03S0Y,ekti,r.consonant,0,indiferent,no,si,
04/08/2026 10:06:27,usr_msa9lcfl_7pi7a,respecte,NCMS000,ektə,r.consonant,0,indiferent,no,si,
04/08/2026 10:06:52,usr_msa9lcfl_7pi7a,amagarme'n,***,***,r.consonant,0,indiferent,no,si,
04/08/2026 10:06:58,usr_msa9lcfl_7pi7a,amagarme,***,***,r.consonant,0,indiferent,no,si,
04/08/2026 10:07:10,usr_msa9lcfl_7pi7a,amagar-me,***,***,r.consonant,0,indiferent,no,si,
04/08/2026 10:07:30,usr_msa9lcfl_7pi7a,amagar-me'n,***,***,r.consonant,0,indiferent,no,si,
04/08/2026 10:39:35,usr_mrv97eba_v0083,casa,NCFS000,azə,r.consonant,0,indiferent,no,si,
04/08/2026 12:31:06,usr_mseiphmd_5c8tl,alegria,NCFS000,iə,r.consonant,0,indiferent,no,si,
04/08/2026 12:42:20,usr_ms7btuyi_nml4w,dubte,NCMS000,uptə,r.consonant,0,indiferent,no,si,
04/08/2026 12:42:45,usr_ms7btuyi_nml4w,idees,NCFP000,eəs,r.consonant,0,indiferent,no,si,
04/08/2026 12:48:11,usr_msejbh06_2ge97,hamelin,***,***,r.consonant,0,indiferent,no,si,
04/08/2026 12:48:16,usr_msejbh06_2ge97,hamelin,***,***,r.consonant,0,indiferent,no,si,
04/08/2026 12:48:24,usr_msejbh06_2ge97,festin,***,***,r.consonant,0,indiferent,no,si,
04/08/2026 12:48:30,usr_msejbh06_2ge97,in,***,***,r.consonant,0,indiferent,no,si,
04/08/2026 12:48:40,usr_msejbh06_2ge97,mastin,***,***,r.consonant,0,indiferent,no,si,
04/08/2026 12:52:03,usr_ms7btuyi_nml4w,oberta,NCFS000,ɛrtə,r.consonant,0,indiferent,no,si,
04/08/2026 12:52:34,usr_msejh3nu_a5yxn,por,NCFS000,o,r.consonant,0,indiferent,no,si,
04/08/2026 13:36:28,usr_msel1jby_ids4t,cel,NCMS000,ɛl,r.consonant,0,indiferent,no,si,
04/08/2026 14:17:17,usr_msemi13d_e455g,entenguis,VMSP2S0Y,ɛŋɡis,r.consonant,0,indiferent,no,si,
04/08/2026 14:19:32,usr_msemi13d_e455g,aia,***,***,r.consonant,0,indiferent,no,si,
04/08/2026 14:19:39,usr_msemi13d_e455g,aia,***,***,r.consonant,0,indiferent,no,si,
04/08/2026 14:19:43,usr_msemi13d_e455g,aya,***,***,r.consonant,0,indiferent,no,si,
04/08/2026 14:20:29,usr_msemi13d_e455g,ano,***,***,r.consonant,0,indiferent,no,si,
04/08/2026 14:20:37,usr_msemi13d_e455g,ano,***,***,r.consonant,0,indiferent,no,si,
04/08/2026 14:20:48,usr_msemi13d_e455g,ano,***,***,r.consonant,0,indiferent,no,si,
04/08/2026 14:20:51,usr_msemi13d_e455g,ant,NCMS000,an,r.consonant,0,indiferent,no,si,
04/08/2026 14:21:03,usr_msemi13d_e455g,demano,VMIP1S0C,anu,r.consonant,0,indiferent,no,si,
04/08/2026 14:26:22,usr_ms7btuyi_nml4w,muntanyes,NCFP000,aɲəs,r.consonant,0,indiferent,no,si,
04/08/2026 14:32:00,usr_ms7btuyi_nml4w,recte,NCMS000,ɛktə,r.consonant,0,indiferent,no,si,
04/08/2026 14:38:43,usr_msemi13d_e455g,gràcia,NCFS000,asiə,r.consonant,0,indiferent,no,si,
04/08/2026 15:31:50,usr_msep5vr1_bxpnm,mirada,NCFS000,aðə,r.consonant,0,indiferent,no,si,
04/08/2026 15:35:02,usr_msepa054_olno7,dutxa,NCFS000,utʃə,r.consonant,0,indiferent,no,si,
04/08/2026 15:35:05,usr_msepa054_olno7,dutxa,NCFS000,utʃə,r.consonant,0,indiferent,no,si,
04/08/2026 15:50:20,usr_msep5vr1_bxpnm,indiferència,NCFS000,ɛnsiə,r.consonant,0,indiferent,no,si,
04/08/2026 16:14:27,usr_msep5vr1_bxpnm,tú,***,***,r.consonant,0,indiferent,no,si,
04/08/2026 16:20:18,usr_msep5vr1_bxpnm,involuntàriament,ZRG,en,r.consonant,0,indiferent,no,si,
04/08/2026 16:31:32,usr_msdd7mxe_x90tv,fènix,NCMS000,ɛniks,r.consonant,0,indiferent,no,si,
04/08/2026 16:32:19,usr_msdd7mxe_x90tv,préssec,NCMS000,esək,r.consonant,0,indiferent,no,si,
04/08/2026 16:32:20,usr_msdd7mxe_x90tv,préssec,NCMS000,esək,r.consonant,0,indiferent,no,si,
04/08/2026 16:37:09,usr_msep5vr1_bxpnm,llum,NCCS000,um,r.consonant,0,indiferent,no,si,
04/08/2026 16:37:10,usr_msep5vr1_bxpnm,llum,NCCS000,um,r.consonant,0,indiferent,no,si,
04/08/2026 16:37:11,usr_msep5vr1_bxpnm,llum,NCCS000,um,r.consonant,0,indiferent,no,si,
04/08/2026 16:43:28,usr_mserq1x4_hozom,promesa,NCFS000,ɛzə,r.consonant,0,indiferent,no,si,
04/08/2026 16:43:31,usr_mserq1x4_hozom,promesa,NCFS000,ɛzə,r.consonant,0,indiferent,no,si,
04/08/2026 17:28:27,usr_msetbvrl_zws4s,pas,NCMS000,as,r.consonant,0,indiferent,no,si,
04/08/2026 17:30:51,usr_msetbvrl_zws4s,guàrdia,NCCS000,arðiə,r.consonant,0,indiferent,no,si,
04/08/2026 17:31:03,usr_msetbvrl_zws4s,dia,NCMS000,iə,r.consonant,0,indiferent,no,si,
04/08/2026 17:36:10,usr_msetbvrl_zws4s,der,***,***,r.consonant,0,indiferent,no,si,
04/08/2026 17:36:11,usr_msetbvrl_zws4s,der,***,***,r.consonant,0,indiferent,no,si,
04/08/2026 17:36:13,usr_msetbvrl_zws4s,der,***,***,r.consonant,0,indiferent,no,si,
04/08/2026 17:36:17,usr_msetbvrl_zws4s,der,***,***,r.consonant,0,indiferent,no,si,
04/08/2026 17:36:17,usr_msetbvrl_zws4s,der,***,***,r.consonant,0,indiferent,no,si,
04/08/2026 17:36:17,usr_msetbvrl_zws4s,der,***,***,r.consonant,0,indiferent,no,si,
04/08/2026 17:36:18,usr_msetbvrl_zws4s,der,***,***,r.consonant,0,indiferent,no,si,
04/08/2026 17:36:18,usr_msetbvrl_zws4s,der,***,***,r.consonant,0,indiferent,no,si,
04/08/2026 17:36:20,usr_msetbvrl_zws4s,der,***,***,r.consonant,0,indiferent,no,si,
04/08/2026 17:36:24,usr_msetbvrl_zws4s,der,***,***,r.consonant,0,indiferent,no,si,
04/08/2026 17:36:28,usr_msetbvrl_zws4s,poder,NCMS000,ɛ,r.consonant,0,indiferent,no,si,
04/08/2026 17:36:35,usr_msetbvrl_zws4s,poder,NCMS000,ɛ,r.consonant,0,indiferent,no,si,
04/08/2026 19:23:14,usr_msexfgyt_kb7f1,urt,***,***,r.consonant,0,indiferent,no,si,
04/08/2026 19:23:18,usr_msexfgyt_kb7f1,urd,***,***,r.consonant,0,indiferent,no,si,
04/08/2026 19:23:25,usr_msexfgyt_kb7f1,arg,***,***,r.consonant,0,indiferent,no,si,
04/08/2026 19:23:28,usr_msexfgyt_kb7f1,curt,AQ0MS0,urt,r.consonant,0,indiferent,no,si,
04/08/2026 19:23:28,usr_msexfgyt_kb7f1,curt,AQ0MS0,urt,r.consonant,0,indiferent,no,si,
04/08/2026 19:49:35,usr_ms2b633h_ltwxz,asta,NCFS000,astə,r.consonant,0,indiferent,no,si,
04/08/2026 19:55:47,usr_ms2b633h_ltwxz,llagasta,NCFS000,astə,r.consonant,0,indiferent,no,si,
04/08/2026 19:57:09,usr_ms2b633h_ltwxz,ordi,NCMS000,ɔrði,r.consonant,0,indiferent,no,si,
04/08/2026 19:57:10,usr_ms2b633h_ltwxz,ordi,NCMS000,ɔrði,r.consonant,0,indiferent,no,si,
04/08/2026 19:59:35,usr_mseyq9aw_tanj6,vinya,NCFS000,iɲə,r.consonant,0,indiferent,no,si,
04/08/2026 20:02:00,usr_mseyq9aw_tanj6,temps,NCMN000,ems,r.consonant,0,indiferent,no,si,
04/08/2026 20:15:36,usr_ms3k2b18_i2i62,secrets,NCMP000,ets,r.consonant,0,indiferent,no,si,
04/08/2026 20:17:02,usr_ms3k2b18_i2i62,vellut,NCMS000,ut,r.consonant,0,indiferent,no,si,
04/08/2026 20:29:44,usr_msezszzc_sob0i,cara,NCFS000,aɾə,r.consonant,0,indiferent,no,si,
04/08/2026 20:33:08,usr_msezszzc_sob0i,repertori,NCMS000,ɔɾi,r.consonant,2,indiferent,no,si,
04/08/2026 21:17:54,usr_msf1ixib_6p6gk,uni,***,***,r.consonant,0,indiferent,no,si,
04/08/2026 21:17:59,usr_msf1ixib_6p6gk,dejuni,NCMS000,uni,r.consonant,0,indiferent,no,si,
04/08/2026 21:18:55,usr_msf1ixib_6p6gk,classe,NCFS000,asə,r.consonant,0,indiferent,no,si,
04/08/2026 21:19:24,usr_msf1ixib_6p6gk,arxiu,NCMS000,iw,r.consonant,0,indiferent,no,si,
04/08/2026 21:43:35,usr_msf2fwo2_f6a00,erus,***,***,r.consonant,0,indiferent,no,si,
04/08/2026 21:51:11,usr_ms7btuyi_nml4w,història,NCFS000,ɔɾiə,r.consonant,0,indiferent,no,si,
04/08/2026 21:57:55,usr_msf2yf30_xaj1u,préssec,NCMS000,esək,r.consonant,0,indiferent,no,si,
04/08/2026 22:52:32,usr_msf4wnnw_yr7fz,lluny,AQ0MS0,uɲ,r.consonant,0,indiferent,no,si,
04/08/2026 22:52:47,usr_msf4wnnw_yr7fz,lluny,AQ0MS0,u,r.assonant,0,indiferent,no,si,
05/08/2026 0:59:09,usr_msf9fgv1_pa9c2,ot,NPMSSP0,ɔt,r.consonant,0,indiferent,no,si,
05/08/2026 1:02:47,usr_msf9fgv1_pa9c2,ré,***,***,r.consonant,0,indiferent,no,si,
05/08/2026 1:02:59,usr_msf9fgv1_pa9c2,aré,NCMS000,e,r.consonant,0,indiferent,no,si,
05/08/2026 1:14:07,usr_msf9fgv1_pa9c2,on,PR000000,on,r.consonant,0,indiferent,no,si,
05/08/2026 1:57:43,usr_msf9fgv1_pa9c2,eia,ZI,ɛjə,r.consonant,0,indiferent,no,si,
05/08/2026 2:11:28,usr_msf9fgv1_pa9c2,aven,***,***,r.consonant,0,indiferent,no,si,
05/08/2026 2:11:33,usr_msf9fgv1_pa9c2,aben,***,***,r.consonant,0,indiferent,no,si,
05/08/2026 2:11:42,usr_msf9fgv1_pa9c2,aba,NPCSG00,aβə,r.consonant,0,indiferent,no,si,
05/08/2026 7:50:51,usr_msd66n6o_jw93a,enlloc,ZRG,ɔk,r.consonant,0,indiferent,no,si,
05/08/2026 8:34:05,usr_msfpojs1_0org2,cançó,NCFS000,o,r.consonant,3,consonant,no,no,
05/08/2026 10:31:25,usr_ms0wbtzx_absdx,rima,NCFS000,imə,r.consonant,0,indiferent,no,si,
05/08/2026 10:38:05,usr_ms0wbtzx_absdx,fitxa,NCFS000,itʃə,r.consonant,0,indiferent,no,si,
05/08/2026 10:48:17,usr_ms0wbtzx_absdx,pèsol,NCMS000,ɛzul,r.consonant,0,indiferent,no,si,
05/08/2026 10:50:24,usr_msfujtzm_ifkwj,guitarra,NCFS000,arə,r.consonant,0,indiferent,no,si,
05/08/2026 10:51:45,usr_msfulklz_b9gz8,bicicleta,NCFS000,ɛtə,r.consonant,0,indiferent,no,si,
05/08/2026 10:52:23,usr_msfulklz_b9gz8,ves-te’n,***,***,r.consonant,0,indiferent,no,si,
05/08/2026 10:52:33,usr_msfulklz_b9gz8,vés-te’n,***,***,r.consonant,0,indiferent,no,si,
05/08/2026 10:56:03,usr_msfur4kx_800dc,cercatasques,***,***,r.consonant,0,indiferent,no,si,
05/08/2026 10:56:14,usr_msfur4kx_800dc,cerca tasques,***,***,r.consonant,0,indiferent,no,si,
05/08/2026 10:56:14,usr_msfurc8q_clgji,cacauet,NCMS000,ɛt,r.consonant,6,indiferent,no,si,
05/08/2026 10:56:21,usr_msfurgss_y57k0,hoal,***,***,r.consonant,0,indiferent,no,si,
05/08/2026 10:56:27,usr_msfurgss_y57k0,hoal,***,***,r.consonant,0,indiferent,no,si,
05/08/2026 10:56:34,usr_msfur4kx_800dc,tasques,NCFP000,askəs,r.consonant,0,indiferent,no,si,
05/08/2026 10:56:35,usr_msfurc8q_clgji,pastoret,NCMS000,ɛt,r.consonant,6,indiferent,no,si,
05/08/2026 10:56:36,usr_msfurgss_y57k0,ríma,***,***,r.consonant,0,indiferent,no,si,
05/08/2026 10:56:48,usr_msfurc8q_clgji,pastoret,NCMS000,ɛt,r.consonant,0,indiferent,no,si,
05/08/2026 10:56:54,usr_msfurgss_y57k0,encantat,NCMS000,at,r.consonant,0,indiferent,no,si,
05/08/2026 10:57:41,usr_msfurgss_y57k0,flípa,***,***,r.consonant,0,indiferent,no,si,
05/08/2026 10:57:53,usr_msfurgss_y57k0,glossa,NCFS000,ɔsə,r.consonant,0,indiferent,no,si,
05/08/2026 11:32:40,usr_msfw26w1_9erik,llit,NCMS000,it,r.consonant,0,indiferent,no,si,
05/08/2026 11:49:48,usr_msfwo7sm_7mrwh,cocaïna,NCFS000,inə,r.consonant,0,indiferent,no,si,
05/08/2026 11:55:49,usr_msfwvy0s_siwhn,joan,NPCNSP0,an,r.consonant,0,indiferent,no,si,
05/08/2026 11:59:48,usr_ms7btuyi_nml4w,madura,AQ0FS0,uɾə,r.consonant,0,indiferent,no,si,
05/08/2026 12:06:16,usr_ms7btuyi_nml4w,origen,NCMS000,iʒən,r.consonant,0,indiferent,no,si,
05/08/2026 12:30:03,usr_msfy3z81_gmj4a,sort,NCFS000,ɔrt,r.consonant,0,indiferent,no,si,
05/08/2026 13:10:18,usr_msfzjq0e_yzxdp,serveix,VMIP3S00,ɛʃ,r.consonant,0,indiferent,no,si,
05/08/2026 15:07:27,usr_msg3qbw7_yyjfk,nestlé,NPCNO00,e,r.consonant,0,indiferent,no,si,
05/08/2026 15:08:22,usr_msg3qbw7_yyjfk,nestlé,NPCNO00,e,r.assonant,0,indiferent,no,si,
05/08/2026 15:09:06,usr_msg3qbw7_yyjfk,nestlé,NPCNO00,e,r.assonant,0,indiferent,no,si,
05/08/2026 16:44:32,usr_ms7btuyi_nml4w,factura,NCFS000,uɾə,r.consonant,0,indiferent,no,si,
05/08/2026 16:53:13,usr_ms7btuyi_nml4w,invasora,NCFS000,oɾə,r.consonant,0,indiferent,no,si,
05/08/2026 17:03:37,usr_ms7btuyi_nml4w,miratge,NCMS000,adʒə,r.consonant,0,indiferent,no,si,
05/08/2026 17:15:41,usr_msg8bbb7_yc60b,llapis,NCMN000,apis,r.consonant,0,indiferent,no,si,
05/08/2026 17:15:47,usr_msg8bbb7_yc60b,llapis,NCMN000,apis,r.consonant,0,indiferent,no,si,
05/08/2026 17:16:30,usr_msg8bbb7_yc60b,llapis,NCMN000,apis,r.consonant,0,indiferent,si,si,
05/08/2026 17:42:28,usr_msg99rht_qkano,conte,NCMS000,ontə,r.consonant,0,indiferent,no,si,
05/08/2026 17:50:02,usr_msg99rht_qkano,monta,***,***,r.consonant,0,indiferent,no,si,
05/08/2026 17:50:07,usr_msg99rht_qkano,remonta,***,***,r.consonant,0,indiferent,no,si,
05/08/2026 17:50:46,usr_msg99rht_qkano,món,NCMS000,on,r.consonant,0,indiferent,no,si,
05/08/2026 17:51:21,usr_msg9l6h6_wyogm,corrandes,NCFP000,andəs,r.consonant,0,indiferent,no,si,
05/08/2026 17:51:48,usr_msg99rht_qkano,pont,NCMS000,ɔn,r.consonant,0,indiferent,no,si,
05/08/2026 17:53:53,usr_msg99rht_qkano,arma,NCFS000,armə,r.consonant,0,indiferent,no,si,
05/08/2026 17:55:31,usr_msg99rht_qkano,fonda,NCFS000,ondə,r.consonant,0,indiferent,no,si,
05/08/2026 17:59:03,usr_msg99rht_qkano,arna,NCFS000,arnə,r.consonant,0,indiferent,no,si,
05/08/2026 18:00:42,usr_msd66n6o_jw93a,olot,NPCSG00,ɔt,r.consonant,0,indiferent,no,si,
05/08/2026 18:02:27,usr_msg9zg8t_9tkmy,professor,NCMS000,o,r.consonant,0,indiferent,no,si,
05/08/2026 18:02:49,usr_msg9zg8t_9tkmy,professor,NCMS000,o,r.consonant,0,indiferent,no,si,
05/08/2026 18:02:51,usr_msg9zg8t_9tkmy,professor,NCMS000,o,r.consonant,0,indiferent,no,si,
05/08/2026 18:03:20,usr_msg9zg8t_9tkmy,alumnes,NCCP000,umnəs,r.consonant,0,indiferent,no,si,
05/08/2026 18:03:31,usr_msg9zg8t_9tkmy,aula,NCFS000,awlə,r.consonant,0,indiferent,no,si,
05/08/2026 18:03:44,usr_msg99rht_qkano,faves,NCCP000,aβəs,r.consonant,0,indiferent,no,si,
05/08/2026 18:03:53,usr_msg9zg8t_9tkmy,institut,NCMS000,ut,r.consonant,0,indiferent,no,si,
05/08/2026 18:03:53,usr_msg9zg8t_9tkmy,institut,NCMS000,ut,r.consonant,0,indiferent,no,si,
05/08/2026 18:03:55,usr_msg9zg8t_9tkmy,institut,NCMS000,ut,r.consonant,0,indiferent,no,si,
05/08/2026 18:03:55,usr_msg9zg8t_9tkmy,institut,NCMS000,ut,r.consonant,0,indiferent,no,si,
05/08/2026 18:09:06,usr_msg99rht_qkano,dur,AQ0MS0,u,r.consonant,0,indiferent,no,si,
05/08/2026 18:24:31,usr_msg9zg8t_9tkmy,eleccions,NCFP000,ons,r.consonant,0,indiferent,no,si,
05/08/2026 18:24:32,usr_msg9zg8t_9tkmy,eleccions,NCFP000,ons,r.consonant,0,indiferent,no,si,
05/08/2026 19:11:14,usr_msgcfwg5_qo6iz,ana,***,***,r.consonant,0,indiferent,no,si,
05/08/2026 19:11:19,usr_msgcfwg5_qo6iz,catalana,NCFS000,anə,r.consonant,0,indiferent,no,si,
05/08/2026 19:16:06,usr_msgcfwg5_qo6iz,crit,NCMS000,it,r.consonant,0,indiferent,no,si,
05/08/2026 19:20:07,usr_msgcfwg5_qo6iz,any,NCMS000,aɲ,r.consonant,0,indiferent,no,si,
05/08/2026 19:23:26,usr_msgcvm51_tbppg,amor,NCCS000,or,r.consonant,0,indiferent,no,si,
05/08/2026 19:26:30,usr_msgcfwg5_qo6iz,crits,NCMP000,its,r.consonant,0,indiferent,no,si,
05/08/2026 19:28:23,usr_msgcfwg5_qo6iz,gran,NCCS000,an,r.consonant,0,indiferent,no,si,
05/08/2026 19:29:19,usr_msgcvm51_tbppg,pura,AQ0FS0,uɾə,r.consonant,0,indiferent,no,si,
05/08/2026 19:35:09,usr_msgcvm51_tbppg,pau,NCFS000,aw,r.consonant,0,indiferent,no,si,
05/08/2026 19:35:59,usr_msgcfwg5_qo6iz,serps,NCFP000,erps,r.consonant,0,indiferent,no,si,
05/08/2026 19:39:37,usr_msgcvm51_tbppg,trobo,VMIP1S0C,ɔβu,r.consonant,0,indiferent,no,si,
05/08/2026 19:39:56,usr_msgcvm51_tbppg,rosa,NCCS000,ɔzə,r.consonant,0,indiferent,no,si,
05/08/2026 19:43:06,usr_msgcvm51_tbppg,ulls,NCMP000,uʎs,r.consonant,0,indiferent,no,si,
05/08/2026 19:46:35,usr_msgcfwg5_qo6iz,riols,NPCNSP0,ɔls,r.consonant,0,indiferent,no,si,
05/08/2026 19:48:58,usr_msgcvm51_tbppg,debilitat,NCFS000,at,r.consonant,0,indiferent,no,si,
05/08/2026 20:05:01,usr_msged35x_m1v3h,futur,NCMS000,ur,r.consonant,0,indiferent,no,si,
05/08/2026 20:07:14,usr_msgcfwg5_qo6iz,oca,NCFS000,ɔkə,r.consonant,0,indiferent,no,si,
05/08/2026 20:12:37,usr_mrxnkknn_p0dvm,respecte,NCMS000,ektə,r.consonant,0,indiferent,no,si,
05/08/2026 20:12:39,usr_mrxnkknn_p0dvm,respecte,NCMS000,ektə,r.consonant,0,indiferent,no,si,
05/08/2026 20:14:11,usr_msged35x_m1v3h,mi,NCMS000,i,r.consonant,0,indiferent,no,si,
05/08/2026 20:14:51,usr_mrxnkknn_p0dvm,treure,VMN00000,ɛwɾə,r.consonant,0,indiferent,no,si,
05/08/2026 20:15:51,usr_msgcfwg5_qo6iz,all,NCMS000,aʎ,r.consonant,0,indiferent,no,si,
05/08/2026 20:17:27,usr_mrxnkknn_p0dvm,distregui,VMM03S0Y,ɛɣi,r.consonant,0,indiferent,no,si,
05/08/2026 20:18:08,usr_mrxnkknn_p0dvm,energies,NCFP000,iəs,r.consonant,0,indiferent,no,si,
05/08/2026 20:18:12,usr_mrxnkknn_p0dvm,energies,NCFP000,iəs,r.consonant,0,indiferent,no,si,
05/08/2026 20:18:18,usr_mrxnkknn_p0dvm,energies,NCFP000,iəs,r.consonant,0,indiferent,no,si,
05/08/2026 20:18:22,usr_mrxnkknn_p0dvm,energies,NCFP000,iəs,r.consonant,0,indiferent,no,si,
05/08/2026 20:18:27,usr_mrxnkknn_p0dvm,energies,NCFP000,iəs,r.consonant,0,indiferent,no,si,
05/08/2026 20:18:46,usr_msgcfwg5_qo6iz,mut,NCMS000,ut,r.consonant,0,indiferent,no,si,
05/08/2026 20:19:47,usr_mrxnkknn_p0dvm,gegants,NCMP000,ans,r.consonant,0,indiferent,no,si,
05/08/2026 20:20:50,usr_ms6k157w_hbli5,pèsol,NCMS000,ɛzul,r.consonant,0,indiferent,no,si,
05/08/2026 20:22:25,usr_msged35x_m1v3h,vestigi,NCMS000,iʒi,r.consonant,0,indiferent,no,si,
05/08/2026 21:39:53,usr_msghr3nv_twqnt,esplugues,NCFP000,uɣəs,r.consonant,0,indiferent,no,si,
05/08/2026 21:47:05,usr_msghr3nv_twqnt,prèssec,***,***,r.consonant,0,indiferent,no,si,
05/08/2026 23:20:46,usr_mrw92o1u_osk4m,ministre,NCMS000,istɾə,r.consonant,0,indiferent,no,si,
05/08/2026 23:20:46,usr_mrw92o1u_osk4m,ministre,NCMS000,istɾə,r.consonant,0,indiferent,no,si,
05/08/2026 23:22:58,usr_msf2yf30_xaj1u,ministre,NCMS000,istɾə,r.consonant,0,indiferent,no,si,
05/08/2026 23:25:03,usr_mrw92o1u_osk4m,lustre,NCMS000,ustɾə,r.consonant,0,indiferent,no,si,
05/08/2026 23:25:32,usr_msf2yf30_xaj1u,ostra,NCFS000,ɔstɾə,r.consonant,0,indiferent,no,si,
05/08/2026 23:25:33,usr_msf2yf30_xaj1u,ostra,NCFS000,ɔstɾə,r.consonant,0,indiferent,no,si,
05/08/2026 23:26:11,usr_msf2yf30_xaj1u,finestre,***,***,r.consonant,0,indiferent,no,si,
05/08/2026 23:26:17,usr_msf2yf30_xaj1u,finestra,NCFS000,estɾə,r.consonant,0,indiferent,no,si,
05/08/2026 23:26:17,usr_msf2yf30_xaj1u,finestra,NCFS000,estɾə,r.consonant,0,indiferent,no,si,
05/08/2026 23:29:11,usr_msf2yf30_xaj1u,domèstica,NCFS000,ɛstikə,r.consonant,0,indiferent,no,si,
06/08/2026 1:14:56,usr_msf9fgv1_pa9c2,àtic,NCMS000,atik,r.consonant,0,indiferent,no,si,
06/08/2026 10:48:48,usr_msh9xmem_3j158,horòscop,NCMS000,ɔskup,r.consonant,0,indiferent,no,si,
06/08/2026 10:49:06,usr_msh9xmem_3j158,difícil,AQ0CS0,isil,r.consonant,0,indiferent,no,si,
06/08/2026 11:15:44,usr_mshaw8rz_9x5cj,antònia,NPFSSP0,ɔniə,r.consonant,0,indiferent,si,si,
06/08/2026 11:17:21,usr_mshaw8rz_9x5cj,trenta,NCCN000,ɛntə,r.consonant,0,indiferent,si,si,
06/08/2026 11:18:15,usr_mshaw8rz_9x5cj,carquinyoli,NCMS000,ɔli,r.consonant,0,indiferent,si,si,
06/08/2026 11:50:22,usr_mshc4spz_bd9m6,costat,NCMS000,at,r.consonant,0,indiferent,no,si,
06/08/2026 12:03:09,usr_ms633znc_ze8oz,marilin,***,***,r.consonant,0,indiferent,no,si,
06/08/2026 12:03:12,usr_ms633znc_ze8oz,lin,***,***,r.consonant,0,indiferent,no,si,
06/08/2026 12:03:14,usr_ms633znc_ze8oz,lin,***,***,r.consonant,0,indiferent,no,si,
06/08/2026 12:03:14,usr_ms633znc_ze8oz,lin,***,***,r.consonant,0,indiferent,no,si,
06/08/2026 12:03:17,usr_ms633znc_ze8oz,erlin,***,***,r.consonant,0,indiferent,no,si,
06/08/2026 12:03:20,usr_ms633znc_ze8oz,merlin,***,***,r.consonant,0,indiferent,no,si,
06/08/2026 12:03:23,usr_ms633znc_ze8oz,lin,***,***,r.consonant,0,indiferent,no,si,
06/08/2026 12:03:55,usr_ms633znc_ze8oz,ballin,VMM03P0Y,aʎin,r.consonant,0,indiferent,no,si,
06/08/2026 12:09:16,usr_mshct42i_q79u3,otxe,***,***,r.consonant,0,indiferent,no,si,
06/08/2026 12:09:18,usr_mshct42i_q79u3,-otxe,***,***,r.consonant,0,indiferent,no,si,
06/08/2026 12:09:20,usr_mshct42i_q79u3,-otxe,***,***,r.consonant,0,indiferent,no,si,
06/08/2026 12:09:30,usr_mshct42i_q79u3,garrotxa,NCFS000,ɔtʃə,r.consonant,0,indiferent,no,si,
06/08/2026 12:10:00,usr_mshct42i_q79u3,garrotxa,NCFS000,ɔə,r.assonant,0,indiferent,no,si,
06/08/2026 12:16:03,usr_ms633znc_ze8oz,món,NCMS000,on,r.consonant,0,indiferent,no,si,
06/08/2026 12:18:08,usr_mshd4i9l_ryb7o,lleó,NCMS000,o,r.consonant,0,indiferent,no,si,
06/08/2026 12:19:47,usr_ms633znc_ze8oz,tancarà,VMIF3S00,a,r.consonant,0,indiferent,no,si,
06/08/2026 12:44:06,usr_ms6gfnsa_ot8rk,pluja,NCFS000,uʒə,r.consonant,0,indiferent,no,si,
06/08/2026 12:44:19,usr_ms6gfnsa_ot8rk,ploure,VMN00000,ɔwɾə,r.consonant,0,indiferent,no,si,
06/08/2026 12:44:32,usr_ms6gfnsa_ot8rk,plou,VMIP3S00,ɔw,r.consonant,0,indiferent,no,si,
06/08/2026 12:44:34,usr_ms6gfnsa_ot8rk,plou,VMIP3S00,ɔw,r.consonant,0,indiferent,no,si,
06/08/2026 12:55:13,usr_ms2b633h_ltwxz,piscina,NCFS000,inə,r.consonant,0,indiferent,no,si,
06/08/2026 13:12:49,usr_mrxnkknn_p0dvm,condueix,VMIP3S00,ɛʃ,r.consonant,0,indiferent,no,si,
06/08/2026 13:16:21,usr_mrxnkknn_p0dvm,història,NCFS000,ɔɾiə,r.consonant,0,indiferent,no,si,
06/08/2026 13:17:59,usr_mrxnkknn_p0dvm,sons,NCMP000,ɔns,r.consonant,0,indiferent,no,si,
06/08/2026 14:18:09,usr_ms6gfnsa_ot8rk,piscina,NCFS000,inə,r.consonant,0,indiferent,no,si,
06/08/2026 14:38:40,usr_msd66n6o_jw93a,preses,NCFP000,ɛzəs,r.consonant,0,indiferent,no,si,
06/08/2026 14:47:54,usr_mshaw8rz_9x5cj,bombona,NCFS000,onə,r.consonant,0,indiferent,no,si,
06/08/2026 14:53:32,usr_ms7btuyi_nml4w,arles,NPCSG00,arləs,r.consonant,0,indiferent,no,si,
06/08/2026 14:55:32,usr_mshaw8rz_9x5cj,deu,NCCN000,ɛw,r.consonant,0,indiferent,no,si,
06/08/2026 14:55:39,usr_mshaw8rz_9x5cj,deu,NCCN000,ɛw,r.consonant,0,indiferent,no,si,
06/08/2026 14:55:41,usr_mshaw8rz_9x5cj,deu,NCCN000,ɛw,r.consonant,0,indiferent,no,si,
06/08/2026 14:55:45,usr_mshaw8rz_9x5cj,deu,NCCN000,ɛw,r.consonant,0,indiferent,no,si,
06/08/2026 14:56:21,usr_mshaw8rz_9x5cj,deu,NCCN000,ɛw,r.consonant,0,indiferent,no,si,
06/08/2026 14:56:52,usr_ms7btuyi_nml4w,memòria,NCFS000,ɔɾiə,r.consonant,0,indiferent,no,si,
06/08/2026 15:00:05,usr_mshaw8rz_9x5cj,dividir,VMN00000,i,r.consonant,0,indiferent,si,si,
06/08/2026 15:00:17,usr_mshaw8rz_9x5cj,dividir,VMN00000,i,r.consonant,0,indiferent,no,si,
06/08/2026 15:13:27,usr_ms097x8s_wspn8,nom,NCMS000,ɔm,r.consonant,3,indiferent,no,si,
06/08/2026 15:13:41,usr_ms097x8s_wspn8,nom,NCMS000,ɔm,r.consonant,0,indiferent,no,si,
06/08/2026 15:14:21,usr_ms6k157w_hbli5,vicenç,NPCNSP0,ɛns,r.consonant,0,indiferent,no,si,
06/08/2026 15:15:12,usr_ms097x8s_wspn8,oficial,NCCS000,al,r.consonant,0,indiferent,no,si,
06/08/2026 15:15:16,usr_ms097x8s_wspn8,oficial,NCCS000,al,r.consonant,0,indiferent,no,si,
06/08/2026 15:21:58,usr_ms6k157w_hbli5,vicenç,NPCNSP0,ɛns,r.consonant,0,indiferent,no,si,
06/08/2026 15:41:54,usr_ms097x8s_wspn8,jugar,VMN00000,a,r.consonant,0,indiferent,no,si,
06/08/2026 15:42:43,usr_ms097x8s_wspn8,jugar,VMN00000,a,r.consonant,0,indiferent,no,si,
06/08/2026 15:48:52,usr_ms6k157w_hbli5,dens,AQ0MS0,ɛns,r.consonant,0,indiferent,no,si,
06/08/2026 15:53:42,usr_ms097x8s_wspn8,gronxadors,NCMP000,os,r.consonant,0,indiferent,no,si,
06/08/2026 16:02:43,usr_ms6gfnsa_ot8rk,dinàmica,NCFS000,amikə,r.consonant,0,indiferent,no,si,
06/08/2026 16:17:15,usr_mrvuyes9_ng6ch,pits,NCMP000,its,r.consonant,0,indiferent,no,si,
06/08/2026 16:25:22,usr_mshlygu1_jo2gt,gronxadors,NCMP000,os,r.consonant,0,indiferent,no,si,
06/08/2026 16:25:48,usr_mshlygu1_jo2gt,gronxadors,NCMP000,os,r.consonant,3,indiferent,no,si,
06/08/2026 16:40:52,usr_ms7btuyi_nml4w,poma,NCFS000,omə,r.consonant,0,indiferent,no,si,
06/08/2026 16:45:58,usr_ms7btuyi_nml4w,mal,NCMS000,al,r.consonant,0,indiferent,no,si,
06/08/2026 17:18:36,usr_mshnuwhp_iwa8q,senoyra,***,***,r.assonant,0,indiferent,si,si,
06/08/2026 17:18:40,usr_mshnuwhp_iwa8q,senyora,NCFS000,oə,r.assonant,0,indiferent,si,si,
06/08/2026 17:18:48,usr_mshnuwhp_iwa8q,senyora,NCFS000,oə,r.assonant,0,indiferent,no,si,
06/08/2026 17:18:58,usr_mshnuwhp_iwa8q,senyora,NCFS000,oə,r.assonant,3,indiferent,no,si,
06/08/2026 17:19:04,usr_mshnuwhp_iwa8q,senyora,NCFS000,oɾə,r.consonant,3,indiferent,no,si,
06/08/2026 17:24:04,usr_ms680lk0_8u09q,mamelles,NCFP000,eʎəs,r.consonant,0,indiferent,no,si,
06/08/2026 19:58:47,usr_mrxnkknn_p0dvm,fruits,NCMP000,ujts,r.consonant,0,indiferent,no,si,
06/08/2026 20:41:35,usr_msdnulrd_iccu2,nàufrag,NCMS000,awfɾək,r.consonant,0,indiferent,no,si,
07/08/2026 0:07:49,usr_msi2h5xo_1beil,carranquer,***,***,r.assonant,0,indiferent,no,si,
07/08/2026 0:07:51,usr_msi2h5xo_1beil,carranquer,***,***,r.assonant,0,indiferent,no,si,
07/08/2026 0:07:54,usr_msi2h5xo_1beil,carranquer,***,***,r.consonant,0,indiferent,no,si,
07/08/2026 0:08:03,usr_msi2h5xo_1beil,botifler,NCMS000,e,r.consonant,0,indiferent,no,si,
07/08/2026 0:08:08,usr_msi2h5xo_1beil,botifler,NCMS000,e,r.consonant,0,indiferent,no,si,
07/08/2026 0:08:14,usr_msi2h5xo_1beil,botifler,NCMS000,e,r.consonant,0,indiferent,no,si,
07/08/2026 0:08:21,usr_msi2h5xo_1beil,botifler,NCMS000,e,r.consonant,0,indiferent,no,si,
07/08/2026 0:09:53,usr_msi2jubg_85zd3,carranquer,***,***,r.consonant,0,indiferent,si,si,
07/08/2026 0:10:02,usr_msi2jubg_85zd3,botifler,NCMS000,e,r.consonant,0,indiferent,si,si,
07/08/2026 0:10:25,usr_msi2jubg_85zd3,botifler,NCMS000,e,r.consonant,3,indiferent,si,si,
07/08/2026 0:11:31,usr_msi2ly38_b8k3e,trotar,VMN00000,a,r.consonant,2,consonant,no,si,
07/08/2026 0:55:19,usr_ms6gfnsa_ot8rk,garrotxa,NCFS000,ɔtʃə,r.consonant,0,indiferent,no,si,
07/08/2026 1:32:32,usr_msi5i2ow_qg0fc,llisca,VMIP3S00,iskə,r.consonant,0,indiferent,no,si,
07/08/2026 1:36:27,usr_msi5i2ow_qg0fc,avall,ZRG,aʎ,r.consonant,0,indiferent,no,si,
07/08/2026 2:06:29,usr_msi5i2ow_qg0fc,turmells,NCMP000,eʎs,r.consonant,0,indiferent,no,si,
07/08/2026 2:10:04,usr_msi5i2ow_qg0fc,capbussar-se,***,***,r.consonant,0,indiferent,no,si,
07/08/2026 2:10:15,usr_msi5i2ow_qg0fc,farsa,NCFS000,arsə,r.consonant,0,indiferent,no,si,
07/08/2026 2:26:12,usr_msi5i2ow_qg0fc,turmells,NCMP000,eʎs,r.consonant,0,indiferent,no,si,
07/08/2026 2:26:13,usr_msi5i2ow_qg0fc,turmells,NCMP000,eʎs,r.consonant,0,indiferent,no,si,
07/08/2026 2:33:16,usr_ms2b633h_ltwxz,musa,NCFS000,uzə,r.consonant,0,indiferent,no,si,
07/08/2026 5:57:30,usr_ms7btuyi_nml4w,estona,NCFS000,onə,r.consonant,0,indiferent,no,si,
07/08/2026 6:03:35,usr_ms7btuyi_nml4w,veure’t,***,***,r.consonant,0,indiferent,no,si,
07/08/2026 6:04:55,usr_ms7btuyi_nml4w,veure,VMN00000,ɛwɾə,r.consonant,0,indiferent,no,si,
07/08/2026 6:06:52,usr_ms7btuyi_nml4w,ganes,NCFP000,anəs,r.consonant,0,indiferent,no,si,
07/08/2026 6:20:19,usr_ms7btuyi_nml4w,concentro,VMIP1S0C,entɾu,r.consonant,0,indiferent,no,si,
07/08/2026 7:00:35,usr_msih802s_1lyal,taula,NCFS000,awlə,r.consonant,0,indiferent,no,si,
07/08/2026 7:45:05,usr_msiit77a_xqm1p,batalla,NCFS000,aʎə,r.consonant,0,indiferent,no,si,
07/08/2026 8:08:28,usr_msijnapy_31td2,pèsol,NCMS000,ɛzul,r.consonant,0,indiferent,no,si,
07/08/2026 8:09:05,usr_msijnapy_31td2,cantar,VMN00000,a,r.consonant,0,indiferent,no,si,
07/08/2026 8:09:36,usr_msijnapy_31td2,mandra,NCCS000,andɾə,r.consonant,0,indiferent,no,si,
07/08/2026 8:10:10,usr_msijnapy_31td2,mandra,NCCS000,aə,r.assonant,0,indiferent,no,si,
07/08/2026 8:10:22,usr_msijnapy_31td2,mandra,NCCS000,aə,r.assonant,0,indiferent,no,si,
07/08/2026 8:15:42,usr_ms7btuyi_nml4w,paren,VMIP3P00,aɾən,r.consonant,0,indiferent,no,si,
07/08/2026 9:34:36,usr_msimq1ue_ajwwe,carranquer,***,***,r.consonant,0,indiferent,no,si,
07/08/2026 9:34:44,usr_msimq1ue_ajwwe,porter,NCMS000,e,r.consonant,0,indiferent,no,si,
07/08/2026 11:29:11,usr_msiqvmjx_hveg8,cantar,VMN00000,a,r.consonant,0,indiferent,no,si,
07/08/2026 11:29:11,usr_msiqvmjx_hveg8,cantar,VMN00000,a,r.consonant,0,indiferent,no,si,
07/08/2026 13:30:19,usr_msd66n6o_jw93a,gresca,NCFS000,ɛskə,r.consonant,0,indiferent,no,si,
07/08/2026 13:32:55,usr_msd66n6o_jw93a,pista,NCFS000,istə,r.consonant,0,indiferent,no,si,
07/08/2026 13:32:56,usr_msd66n6o_jw93a,pista,NCFS000,istə,r.consonant,0,indiferent,no,si,
07/08/2026 14:25:16,usr_mrwnd8n1_t4ago,quintí,VMIS1S00,i,r.consonant,0,indiferent,no,si,
07/08/2026 14:37:05,usr_msixj21p_cd8s3,mama,NCFS000,amə,r.consonant,0,indiferent,no,si,
07/08/2026 14:38:54,usr_msixleet_3rn3d,ista,***,***,r.consonant,0,indiferent,no,si,
07/08/2026 14:38:57,usr_msixleet_3rn3d,ista,***,***,r.consonant,0,indiferent,no,si,
07/08/2026 14:39:09,usr_msixleet_3rn3d,pista,NCFS000,istə,r.consonant,0,indiferent,no,si,
07/08/2026 14:40:32,usr_ms08dbgw_c6iss,recursos,NCMP000,ursus,r.consonant,0,indiferent,no,si,
07/08/2026 14:54:02,usr_msixj21p_cd8s3,shhhhh,***,***,r.consonant,0,indiferent,no,si,
07/08/2026 15:03:10,usr_ms2b633h_ltwxz,droga,NCFS000,ɔɣə,r.consonant,0,indiferent,no,si,
07/08/2026 15:14:58,usr_ms2b633h_ltwxz,zero,NCCN000,ɛɾu,r.consonant,0,indiferent,no,si,
07/08/2026 15:18:21,usr_msiz02lz_915tz,feines,NCFP000,ɛjnəs,r.consonant,0,indiferent,no,si,
07/08/2026 15:27:24,usr_msizbp28_3yrhs,flor,NCFS000,ɔ,r.consonant,0,indiferent,no,si,
07/08/2026 15:48:48,usr_msdnulrd_iccu2,ventre,NCMS000,entɾə,r.consonant,0,indiferent,no,si,
07/08/2026 17:05:54,usr_ms3hgpa8_gbtnn,ginesta,NCFS000,estə,r.consonant,0,indiferent,no,si,
07/08/2026 17:06:30,usr_msj2v6e3_ug2u4,polida,AQ0FS0,iðə,r.consonant,0,indiferent,no,si,
07/08/2026 17:09:31,usr_ms3hgpa8_gbtnn,vesta,NCFS000,estə,r.consonant,0,indiferent,no,si,
07/08/2026 17:10:57,usr_ms0ddo11_cndf5,líquid,NCMS000,ikit,r.consonant,0,indiferent,no,si,
07/08/2026 17:11:01,usr_ms0ddo11_cndf5,líquid,NCMS000,ii,r.assonant,0,indiferent,no,si,
07/08/2026 17:11:13,usr_ms0ddo11_cndf5,marit,NCMS000,i,r.assonant,0,indiferent,no,si,
07/08/2026 17:19:56,usr_ms3hgpa8_gbtnn,honesta,AQ0FS0,estə,r.consonant,0,indiferent,no,si,
07/08/2026 17:22:10,usr_mrv97eba_v0083,podeu,VMIP2P00,ɛw,r.consonant,0,indiferent,no,si,
07/08/2026 17:23:14,usr_ms3hgpa8_gbtnn,feminista,NCCS000,istə,r.consonant,0,indiferent,no,si,
07/08/2026 17:34:55,usr_msa9lcfl_7pi7a,escena,NCFS000,ɛnə,r.consonant,0,indiferent,no,si,
07/08/2026 17:37:17,usr_ms3hgpa8_gbtnn,rosta,NCFS000,ostə,r.consonant,0,indiferent,no,si,
07/08/2026 17:37:23,usr_ms3hgpa8_gbtnn,costa,NCFS000,ɔstə,r.consonant,0,indiferent,no,si,
07/08/2026 17:44:06,usr_msa9lcfl_7pi7a,veu,NCFS000,ɛnə,r.consonant,0,indiferent,no,si,
07/08/2026 17:44:20,usr_msa9lcfl_7pi7a,veu,NCFS000,ɛw,r.consonant,0,indiferent,no,si,
07/08/2026 17:44:41,usr_msa9lcfl_7pi7a,veu,NCFS000,ɛw,r.consonant,0,indiferent,no,si,
07/08/2026 17:44:55,usr_msa9lcfl_7pi7a,veu,NCFS000,ɛw,r.consonant,0,indiferent,no,si,
07/08/2026 17:50:37,usr_msa9lcfl_7pi7a,realitat,NCFS000,at,r.consonant,0,indiferent,no,si,
07/08/2026 17:54:02,usr_msj4kbq1_jykyv,fort,NCMS000,ɔrt,r.consonant,0,indiferent,no,si,
07/08/2026 17:54:03,usr_msj4kbq1_jykyv,fort,NCMS000,ɔrt,r.consonant,0,indiferent,no,si,
07/08/2026 17:54:38,usr_msj4kbq1_jykyv,contant,VMG00000,an,r.consonant,0,indiferent,no,si,
07/08/2026 17:54:43,usr_msj4kbq1_jykyv,contant,VMG00000,an,r.consonant,0,indiferent,no,si,
07/08/2026 17:54:49,usr_msj4kbq1_jykyv,contant,VMG00000,an,r.consonant,0,indiferent,no,si,
07/08/2026 17:54:57,usr_msj4kbq1_jykyv,contant,VMG00000,an,r.consonant,0,indiferent,no,si,
07/08/2026 17:55:07,usr_msj4kbq1_jykyv,contant,VMG00000,an,r.consonant,0,indiferent,no,si,
07/08/2026 17:55:18,usr_msj4kbq1_jykyv,contant,VMG00000,an,r.consonant,0,indiferent,no,si,
07/08/2026 17:55:30,usr_msj4kbq1_jykyv,contant,VMG00000,an,r.consonant,0,indiferent,no,si,
07/08/2026 17:55:40,usr_msj4kbq1_jykyv,contant,VMG00000,an,r.consonant,0,indiferent,no,si,
07/08/2026 17:55:41,usr_ms3hgpa8_gbtnn,usta,***,***,r.consonant,0,indiferent,no,si,
07/08/2026 17:55:43,usr_ms3hgpa8_gbtnn,busta,***,***,r.consonant,0,indiferent,no,si,
07/08/2026 17:55:46,usr_ms3hgpa8_gbtnn,musta,***,***,r.consonant,0,indiferent,no,si,
07/08/2026 17:55:48,usr_ms3hgpa8_gbtnn,rusta,***,***,r.consonant,0,indiferent,no,si,
07/08/2026 17:56:00,usr_msj4kbq1_jykyv,constant,NCFS000,an,r.consonant,0,indiferent,no,si,
07/08/2026 17:56:03,usr_ms3hgpa8_gbtnn,injust,AQ0MS0,ust,r.consonant,0,indiferent,no,si,
07/08/2026 17:56:07,usr_msj4kbq1_jykyv,constant,NCFS000,an,r.consonant,0,indiferent,no,si,
07/08/2026 17:56:09,usr_ms3hgpa8_gbtnn,augusta,AQ0FS0,ustə,r.consonant,0,indiferent,no,si,
07/08/2026 17:56:13,usr_msj4kbq1_jykyv,constant,NCFS000,an,r.consonant,0,indiferent,no,si,
07/08/2026 17:56:17,usr_msj4kbq1_jykyv,constant,NCFS000,an,r.consonant,0,indiferent,no,si,
07/08/2026 17:56:20,usr_msa9lcfl_7pi7a,abans,ZRG,ans,r.consonant,0,indiferent,no,si,
07/08/2026 18:02:54,usr_msa9lcfl_7pi7a,dubtes,NCMP000,uptəs,r.consonant,0,indiferent,no,si,
07/08/2026 18:07:01,usr_ms3hgpa8_gbtnn,ordi,NCMS000,ɔrði,r.consonant,0,indiferent,no,si,
07/08/2026 18:07:48,usr_msa9lcfl_7pi7a,canvi,NCMS000,ambi,r.consonant,0,indiferent,no,si,
07/08/2026 18:08:53,usr_msa9lcfl_7pi7a,sí,NCMS000,i,r.consonant,0,indiferent,no,si,
07/08/2026 18:11:09,usr_ms3hgpa8_gbtnn,barca,NCFS000,arkə,r.consonant,0,indiferent,no,si,
07/08/2026 18:22:13,usr_ms3hgpa8_gbtnn,barco,NCMS000,arku,r.consonant,0,indiferent,no,si,
07/08/2026 18:22:34,usr_ms3hgpa8_gbtnn,barca,NCFS000,arkə,r.consonant,0,indiferent,no,si,
07/08/2026 18:26:39,usr_msj5qacx_35x51,primaveres,NCFP000,eɾəs,r.consonant,0,indiferent,no,si,
07/08/2026 18:31:26,usr_ms3hgpa8_gbtnn,erca,***,***,r.consonant,0,indiferent,no,si,
07/08/2026 18:31:45,usr_ms3hgpa8_gbtnn,cerca,NCFS000,ɛrkə,r.consonant,0,indiferent,no,si,
07/08/2026 18:33:21,usr_ms3hgpa8_gbtnn,circa,ZRG,irkə,r.consonant,0,indiferent,no,si,
07/08/2026 18:35:39,usr_ms3hgpa8_gbtnn,eixorca,AQ0FS0,orkə,r.consonant,0,indiferent,no,si,
07/08/2026 18:35:47,usr_ms3hgpa8_gbtnn,mallorca,NPFSG00,ɔrkə,r.consonant,0,indiferent,no,si,
07/08/2026 18:39:09,usr_msj5qacx_35x51,jovencell,NCMS000,eʎ,r.consonant,0,indiferent,no,si,
07/08/2026 18:39:40,usr_ms3hgpa8_gbtnn,eixorca,AQ0FS0,orkə,r.consonant,0,indiferent,no,si,
07/08/2026 18:40:33,usr_ms3hgpa8_gbtnn,turca,NCFS000,urkə,r.consonant,0,indiferent,no,si,
07/08/2026 18:47:53,usr_ms2b633h_ltwxz,carquinyolis,NCMP000,ɔlis,r.consonant,0,indiferent,no,si,
07/08/2026 18:50:46,usr_ms7btuyi_nml4w,desperta,NCFS000,ɛrtə,r.consonant,0,indiferent,no,si,
07/08/2026 18:53:38,usr_ms7btuyi_nml4w,rebenta,VMIP3S00,entə,r.consonant,0,indiferent,no,si,
07/08/2026 18:55:05,usr_ms7btuyi_nml4w,sigui,VSM03S0Y,iɣi,r.consonant,0,indiferent,no,si,
07/08/2026 19:01:38,usr_ms7btuyi_nml4w,pomers,NCMP000,es,r.consonant,0,indiferent,no,si,
07/08/2026 19:06:27,usr_ms7btuyi_nml4w,desperta,NCFS000,ɛrtə,r.consonant,0,indiferent,no,si,
07/08/2026 19:08:21,usr_ms7btuyi_nml4w,sigui,VSM03S0Y,iɣi,r.consonant,0,indiferent,no,si,
07/08/2026 19:13:09,usr_ms2b633h_ltwxz,heptasíl·lab,NCMS000,illəp,r.consonant,0,indiferent,no,si,
07/08/2026 19:13:20,usr_ms2b633h_ltwxz,heptasíl·lab,NCMS000,iə,r.assonant,0,indiferent,no,si,
07/08/2026 19:13:58,usr_ms2b633h_ltwxz,heptasil·labic,***,***,r.consonant,0,indiferent,no,si,
07/08/2026 19:14:06,usr_ms2b633h_ltwxz,sil·làbic,AQ0MS0,aβik,r.consonant,0,indiferent,no,si,
07/08/2026 19:38:10,usr_msj8a88q_r8l8y,sant,NCMS000,an,r.consonant,0,indiferent,no,si,
07/08/2026 19:38:11,usr_msj8a88q_r8l8y,sant,NCMS000,an,r.consonant,0,indiferent,no,si,
07/08/2026 20:08:48,usr_mrw92o1u_osk4m,frívol,AQ0MS0,iβul,r.consonant,0,indiferent,no,si,
07/08/2026 20:08:53,usr_msf2yf30_xaj1u,hèlix,NCFS000,ɛliks,r.consonant,0,indiferent,no,si,
07/08/2026 20:09:52,usr_msf2yf30_xaj1u,trèvol,NCMS000,ɛβul,r.consonant,0,indiferent,no,si,
07/08/2026 20:09:53,usr_msf2yf30_xaj1u,trèvol,NCMS000,ɛβul,r.consonant,0,indiferent,no,si,
07/08/2026 20:10:03,usr_msf2yf30_xaj1u,malva,NCCS000,alβə,r.consonant,0,indiferent,no,si,
07/08/2026 20:10:05,usr_msf2yf30_xaj1u,malva,NCCS000,alβə,r.consonant,0,indiferent,no,si,
07/08/2026 20:10:33,usr_msf2yf30_xaj1u,malva,NCCS000,alβə,r.consonant,0,indiferent,no,si,
07/08/2026 20:12:57,usr_msf2yf30_xaj1u,puixança,NCFS000,ansə,r.consonant,0,indiferent,no,si,
07/08/2026 20:13:09,usr_msf2yf30_xaj1u,neutre,NCMS000,ɛwtɾə,r.consonant,0,indiferent,no,si,
07/08/2026 20:13:30,usr_msf2yf30_xaj1u,ceuta,NPCSG00,ɛwtə,r.consonant,0,indiferent,no,si,
07/08/2026 20:14:08,usr_msf2yf30_xaj1u,ansa,NCFS000,ansə,r.consonant,0,indiferent,no,si,
07/08/2026 20:14:16,usr_msf2yf30_xaj1u,coneixença,NCFS000,ɛnsə,r.consonant,0,indiferent,no,si,
07/08/2026 20:14:31,usr_msf2yf30_xaj1u,jutge,NCCS000,udʒə,r.consonant,0,indiferent,no,si,
07/08/2026 20:14:52,usr_mrw92o1u_osk4m,presència,NCFS000,ɛnsiə,r.consonant,0,indiferent,no,si,
07/08/2026 20:15:04,usr_mrw92o1u_osk4m,memòria,NCFS000,ɔɾiə,r.consonant,0,indiferent,no,si,
07/08/2026 20:15:15,usr_mrw92o1u_osk4m,eòlica,AQ0FS0,ɔlikə,r.consonant,0,indiferent,no,si,
07/08/2026 20:21:06,usr_msj9thxg_en5zd,joc,NCMS000,ɔk,r.consonant,0,indiferent,no,si,
07/08/2026 20:21:28,usr_msj9thxg_en5zd,prop,ZRG,ɔp,r.consonant,0,indiferent,no,si,
07/08/2026 21:14:08,usr_ms3hgpa8_gbtnn,clàssica,AQ0FS0,asikə,r.consonant,0,indiferent,no,si,
07/08/2026 21:14:32,usr_ms3hgpa8_gbtnn,bàsica,AQ0FS0,azikə,r.consonant,0,indiferent,no,si,
07/08/2026 21:15:54,usr_msj8a88q_r8l8y,caic,VMIP1S00,ajk,r.consonant,0,indiferent,no,si,
07/08/2026 21:52:22,usr_msjd2ub9_86h7e,xiuxiueig,NCMS000,ɛtʃ,r.consonant,0,indiferent,no,si,
07/08/2026 21:56:55,usr_msj8a88q_r8l8y,vas,NCMS000,as,r.consonant,0,indiferent,no,si,
07/08/2026 22:10:36,usr_msjdqci3_771st,onen,***,***,r.consonant,0,indiferent,no,si,
07/08/2026 22:10:57,usr_msjdqci3_771st,onen,***,***,r.consonant,0,indiferent,si,si,
07/08/2026 22:11:11,usr_msjdqci3_771st,reponen,***,***,r.consonant,0,indiferent,si,si,
07/08/2026 22:11:13,usr_msjdqci3_771st,reponen,***,***,r.consonant,0,indiferent,si,si,
07/08/2026 22:53:46,usr_mrw92o1u_osk4m,alberg,NCMS000,ɛrk,r.consonant,0,indiferent,no,si,
07/08/2026 23:12:29,usr_msghr3nv_twqnt,prèssec,***,***,r.consonant,0,indiferent,no,si,
07/08/2026 23:12:31,usr_msghr3nv_twqnt,prèssecaa,***,***,r.consonant,0,indiferent,no,si,
07/08/2026 23:12:33,usr_msghr3nv_twqnt,prèssecaa,***,***,r.consonant,0,indiferent,no,si,
07/08/2026 23:12:35,usr_msghr3nv_twqnt,prèssecaa,***,***,r.consonant,0,indiferent,no,si,
07/08/2026 23:12:35,usr_msghr3nv_twqnt,prèssecaa,***,***,r.consonant,0,indiferent,no,si,
07/08/2026 23:12:36,usr_msghr3nv_twqnt,prèssecaa,***,***,r.consonant,0,indiferent,no,si,
07/08/2026 23:12:38,usr_msghr3nv_twqnt,prèssecaa,***,***,r.consonant,0,indiferent,no,si,
07/08/2026 23:12:39,usr_msghr3nv_twqnt,prèssecaa,***,***,r.consonant,0,indiferent,no,si,
07/08/2026 23:12:41,usr_msghr3nv_twqnt,prèssecaa,***,***,r.consonant,0,indiferent,no,si,
07/08/2026 23:30:17,usr_mrwnd8n1_t4ago,pandereta,NCFS000,ɛtə,r.consonant,0,indiferent,no,si,
07/08/2026 23:30:19,usr_mrwnd8n1_t4ago,pandereta,NCFS000,ɛtə,r.consonant,0,indiferent,no,si,
08/08/2026 0:51:44,usr_mrw92o1u_osk4m,eclipsi,NCMS000,ipsi,r.consonant,0,indiferent,no,si,
08/08/2026 1:30:27,usr_msj8a88q_r8l8y,caic,VMIP1S00,ajk,r.consonant,0,indiferent,no,si,
08/08/2026 1:31:22,usr_msj8a88q_r8l8y,mosaic,NCMS000,ajk,r.consonant,0,indiferent,no,si,
08/08/2026 1:31:28,usr_msj8a88q_r8l8y,mosaic,NCMS000,ajk,r.consonant,0,indiferent,no,si,
08/08/2026 7:49:17,usr_msjyehdg_agzln,dia,NCMS000,iə,r.consonant,0,indiferent,no,si,
08/08/2026 8:01:09,usr_msjyehdg_agzln,versos,NCMP000,ɛrsus,r.consonant,0,indiferent,no,si,
08/08/2026 8:02:56,usr_msjyehdg_agzln,espessos,NCMP000,ɛsus,r.consonant,0,indiferent,no,si,
08/08/2026 8:05:11,usr_msjyehdg_agzln,cor,NCMS000,ɔr,r.consonant,0,indiferent,no,si,
08/08/2026 8:05:50,usr_msjyehdg_agzln,cap,NCCS000,ap,r.consonant,0,indiferent,no,si,
08/08/2026 8:08:39,usr_msjyehdg_agzln,bonaestrugança,***,***,r.consonant,0,indiferent,no,si,
08/08/2026 8:15:44,usr_msjyehdg_agzln,sona,VMIP3S00,ɔnə,r.consonant,0,indiferent,no,si,
08/08/2026 8:21:01,usr_msjzjakq_r113k,orge,***,***,r.consonant,0,indiferent,no,si,
08/08/2026 8:21:05,usr_msjzjakq_r113k,orge,***,***,r.consonant,0,indiferent,no,si,
08/08/2026 8:21:20,usr_msjzjakq_r113k,ferotge,AQ0CS0,ɔdʒə,r.consonant,0,indiferent,no,si,
08/08/2026 10:10:19,usr_msjyehdg_agzln,ella,PP3FSN00,eʎə,r.consonant,0,indiferent,no,si,
08/08/2026 10:12:00,usr_msjyehdg_agzln,amorosa,AQ0FS0,ozə,r.consonant,0,indiferent,no,si,
08/08/2026 10:20:42,usr_msjyehdg_agzln,creure,VMN00000,ɛwɾə,r.consonant,0,indiferent,no,si,
08/08/2026 10:22:48,usr_msjyehdg_agzln,viking,NCMS000,iŋ,r.consonant,0,indiferent,no,si,
08/08/2026 10:24:22,usr_msjyehdg_agzln,amor,NCCS000,or,r.consonant,0,indiferent,no,si,
08/08/2026 10:24:43,usr_msk3yegv_ztxiw,polític,NCMS000,itik,r.consonant,0,indiferent,no,si,
08/08/2026 10:24:44,usr_msk3yegv_ztxiw,polític,NCMS000,itik,r.consonant,0,indiferent,no,si,
08/08/2026 10:24:46,usr_msk3yegv_ztxiw,polític,NCMS000,itik,r.consonant,0,indiferent,no,si,
08/08/2026 10:27:17,usr_msk41sd6_98sgp,brogit,NCMS000,it,r.consonant,2,indiferent,no,si,
08/08/2026 10:35:51,usr_msk41sd6_98sgp,traç,NCMS000,as,r.consonant,1,indiferent,no,si,
08/08/2026 10:37:50,usr_msk41sd6_98sgp,present,NCMS000,en,r.consonant,1,indiferent,no,si,
08/08/2026 10:49:49,usr_msk41sd6_98sgp,vaig,VAIP1S00,atʃ,r.consonant,1,indiferent,no,si,
08/08/2026 10:50:05,usr_msk41sd6_98sgp,vaig,VAIP1S00,a,r.assonant,1,indiferent,no,si,
08/08/2026 10:52:54,usr_msk4ylvo_1x20o,animals,NCMP000,als,r.consonant,0,indiferent,no,si,
08/08/2026 10:55:14,usr_msk41sd6_98sgp,cap,NCCS000,a,r.assonant,1,indiferent,no,si,
08/08/2026 10:55:19,usr_msk41sd6_98sgp,cap,NCCS000,a,r.assonant,0,indiferent,no,si,
08/08/2026 10:55:26,usr_msk41sd6_98sgp,cap,NCCS000,a,r.assonant,0,indiferent,no,si,
08/08/2026 10:58:42,usr_msk4ylvo_1x20o,olot,NPCSG00,ɔt,r.consonant,0,indiferent,no,si,
08/08/2026 11:04:30,usr_msk41sd6_98sgp,esmuny,VMIP3S00,uɲ,r.consonant,0,indiferent,no,si,
08/08/2026 11:22:50,usr_msk613ma_0phsl,eclipsi,NCMS000,ipsi,r.consonant,0,indiferent,no,si,
08/08/2026 11:25:22,usr_msk64d4z_5au65,mes,NCMS000,es,r.consonant,0,indiferent,no,si,
08/08/2026 11:25:33,usr_msk64d4z_5au65,mes,NCMS000,es,r.consonant,0,indiferent,no,si,
08/08/2026 11:25:36,usr_msk64d4z_5au65,mes,NCMS000,es,r.consonant,0,indiferent,no,si,
08/08/2026 11:37:21,usr_msk4d1qi_vtyie,cel,NCMS000,ɛl,r.consonant,0,indiferent,no,si,
08/08/2026 11:38:28,usr_msk4d1qi_vtyie,cel,NCMS000,ɛ,r.assonant,0,indiferent,no,si,
08/08/2026 11:49:03,usr_msk4d1qi_vtyie,auster,AQ0MS0,e,r.consonant,0,indiferent,no,si,
08/08/2026 11:50:55,usr_msk4d1qi_vtyie,auster,AQ0MS0,e,r.consonant,2,indiferent,no,si,
08/08/2026 12:14:04,usr_ms98hezb_l87o6,surtidor,***,***,r.consonant,0,indiferent,no,si,
08/08/2026 12:14:18,usr_ms98hezb_l87o6,surtidor,***,***,r.consonant,0,indiferent,no,si,
08/08/2026 12:14:22,usr_ms98hezb_l87o6,sortidor,NCMS000,o,r.consonant,0,indiferent,no,si,
08/08/2026 12:35:42,usr_mrx4oknp_u4ni2,voltes,NCFP000,ɔltəs,r.consonant,0,indiferent,no,si,
08/08/2026 12:37:20,usr_mrx4oknp_u4ni2,veritat,NCFS000,at,r.consonant,0,indiferent,no,si,
08/08/2026 12:40:11,usr_mrx4oknp_u4ni2,mulla,NCFS000,uʎə,r.consonant,0,indiferent,no,si,
08/08/2026 12:43:23,usr_mrx4oknp_u4ni2,cerqui,VMM03S0Y,ɛrki,r.consonant,0,indiferent,no,si,
08/08/2026 12:43:33,usr_mrx4oknp_u4ni2,busqui,VMM03S0Y,uski,r.consonant,0,indiferent,no,si,
08/08/2026 12:47:24,usr_mrx4oknp_u4ni2,or,NCMS000,ɔr,r.consonant,0,indiferent,no,si,
08/08/2026 12:55:25,usr_mrx4oknp_u4ni2,dia,NCMS000,iə,r.consonant,0,indiferent,no,si,
08/08/2026 13:01:55,usr_mrx4oknp_u4ni2,poble,NCMS000,ɔbblə,r.consonant,0,indiferent,no,si,
08/08/2026 13:03:06,usr_mrx4oknp_u4ni2,rescat,NCMS000,at,r.consonant,0,indiferent,no,si,
08/08/2026 13:07:27,usr_mrx4oknp_u4ni2,amor,NCCS000,or,r.consonant,0,indiferent,no,si,
08/08/2026 13:07:58,usr_mrx4oknp_u4ni2,amor,NCCS000,or,r.consonant,0,indiferent,no,si,
08/08/2026 13:08:22,usr_mrx4oknp_u4ni2,meu,NCCS000,or,r.consonant,0,indiferent,no,si,
08/08/2026 13:08:36,usr_mrx4oknp_u4ni2,lleu,NCMS000,ew,r.consonant,0,indiferent,no,si,
08/08/2026 13:55:03,usr_mskbgu5o_g8utz,malament,ZRG,en,r.consonant,0,indiferent,no,si,
08/08/2026 13:57:38,usr_mskbgu5o_g8utz,quedar-me,***,***,r.consonant,0,indiferent,no,si,
08/08/2026 13:57:41,usr_mskbgu5o_g8utz,quedarme,***,***,r.consonant,0,indiferent,no,si,
08/08/2026 13:57:45,usr_mskbgu5o_g8utz,alarma,NCFS000,armə,r.consonant,0,indiferent,no,si,
08/08/2026 13:57:54,usr_mskbgu5o_g8utz,quedar-te,***,***,r.consonant,0,indiferent,no,si,
08/08/2026 13:57:58,usr_mskbgu5o_g8utz,amrte,***,***,r.consonant,0,indiferent,no,si,
08/08/2026 13:58:02,usr_mskbgu5o_g8utz,te,NCFS000,ə,r.consonant,0,indiferent,no,si,
08/08/2026 13:58:07,usr_mskbgu5o_g8utz,amarte,***,***,r.consonant,0,indiferent,no,si,
08/08/2026 13:58:22,usr_mskbgu5o_g8utz,estimar-te,***,***,r.consonant,0,indiferent,si,si,
08/08/2026 13:58:25,usr_mskbgu5o_g8utz,estimar-te,***,***,r.consonant,0,indiferent,si,si,
08/08/2026 14:05:11,usr_mskbtw3p_nqpe9,pel·li,NCFS000,ɛlli,r.consonant,0,indiferent,no,si,
08/08/2026 14:07:51,usr_mskbtw3p_nqpe9,eclipsi,NCMS000,ipsi,r.consonant,0,indiferent,no,si,
08/08/2026 14:34:05,usr_ms2b633h_ltwxz,eclipsi,NCMS000,ipsi,r.consonant,0,indiferent,no,si,
08/08/2026 16:23:56,usr_mrw92o1u_osk4m,cúpula,NCFS000,upulə,r.consonant,0,indiferent,no,si,
08/08/2026 16:24:19,usr_mrw92o1u_osk4m,còpula,NCFS000,ɔpulə,r.consonant,0,indiferent,no,si,
08/08/2026 16:25:10,usr_mrw92o1u_osk4m,típula,NCFS000,ipulə,r.consonant,0,indiferent,no,si,
08/08/2026 16:26:17,usr_mrw92o1u_osk4m,escapula,***,***,r.consonant,0,indiferent,no,si,
08/08/2026 16:26:34,usr_mrw92o1u_osk4m,escàpola,AQ0FS0,apulə,r.consonant,0,indiferent,no,si,
08/08/2026 18:30:04,usr_ms7btuyi_nml4w,instants,NCMP000,ans,r.consonant,0,indiferent,no,si,
08/08/2026 21:37:13,usr_msj8a88q_r8l8y,enrere,ZRG,eɾə,r.consonant,0,indiferent,no,si,
08/08/2026 21:42:46,usr_msj8a88q_r8l8y,falten,VMIP3P00,altən,r.consonant,0,indiferent,no,si,
08/08/2026 21:42:56,usr_msj8a88q_r8l8y,falten,VMIP3P00,aə,r.assonant,0,indiferent,no,si,
08/08/2026 21:43:27,usr_msj8a88q_r8l8y,falten,VMIP3P00,aə,r.assonant,0,indiferent,no,si,
08/08/2026 21:43:54,usr_msj8a88q_r8l8y,falten,VMIP3P00,aə,r.assonant,0,indiferent,no,si,
08/08/2026 22:23:28,usr_ms7btuyi_nml4w,veure,VMN00000,ɛwɾə,r.consonant,0,indiferent,no,si,
08/08/2026 22:23:56,usr_ms7btuyi_nml4w,cal,VMIP3S00,al,r.consonant,0,indiferent,no,si,
08/08/2026 22:27:52,usr_ms7btuyi_nml4w,soroll,NCMS000,oʎ,r.consonant,0,indiferent,no,si,
08/08/2026 22:32:47,usr_ms7btuyi_nml4w,natura,NCFS000,uɾə,r.consonant,0,indiferent,no,si,
08/08/2026 22:40:02,usr_ms7btuyi_nml4w,merda,NCFS000,ɛrðə,r.consonant,0,indiferent,no,si,
08/08/2026 23:43:58,usr_mskwi6x9_vkmh2,altre,AQ0MS0,altɾə,r.consonant,0,indiferent,no,si,
08/08/2026 23:44:00,usr_mskwi6x9_vkmh2,altre,AQ0MS0,altɾə,r.consonant,0,indiferent,no,si,
08/08/2026 23:44:03,usr_mskwi6x9_vkmh2,altre,AQ0MS0,altɾə,r.consonant,0,indiferent,no,si,
08/08/2026 23:44:15,usr_mskwi6x9_vkmh2,ltre,***,***,r.consonant,0,indiferent,no,si,
08/08/2026 23:44:21,usr_mskwi6x9_vkmh2,altre,AQ0MS0,altɾə,r.consonant,0,indiferent,no,si,
09/08/2026 1:22:37,usr_ms0ddo11_cndf5,bicicleta,NCFS000,ɛtə,r.consonant,0,indiferent,no,si,
09/08/2026 1:23:27,usr_ms0ddo11_cndf5,bicicleta,NCFS000,ɛtə,r.consonant,3,vocal+h,no,si,
09/08/2026 1:24:37,usr_ms0ddo11_cndf5,altre,AQ0MS0,altɾə,r.consonant,0,indiferent,no,si,
09/08/2026 1:24:39,usr_ms0ddo11_cndf5,altre,AQ0MS0,aə,r.assonant,0,indiferent,no,si,
09/08/2026 1:32:39,usr_ms0ddo11_cndf5,sonet,NCMS000,ɛt,r.consonant,0,indiferent,no,si,
09/08/2026 7:41:42,usr_mrxnkknn_p0dvm,epileg,***,***,r.consonant,0,indiferent,no,si,
09/08/2026 7:41:53,usr_mrxnkknn_p0dvm,preàmbul,NCMS000,ambul,r.consonant,0,indiferent,no,si,
09/08/2026 7:42:05,usr_mrxnkknn_p0dvm,epíleg,NCMS000,ilək,r.consonant,0,indiferent,no,si,
09/08/2026 7:43:48,usr_mrxnkknn_p0dvm,cloenda,NCFS000,endə,r.consonant,0,indiferent,no,si,
09/08/2026 9:00:12,usr_ms7btuyi_nml4w,rodes,NCFP000,ɔðəs,r.consonant,0,indiferent,no,si,
09/08/2026 10:17:01,usr_ms7btuyi_nml4w,rodes,NCFP000,ɔðəs,r.consonant,0,indiferent,no,si,
09/08/2026 11:10:14,usr_msll0qki_i5slm,ina,***,***,r.consonant,0,indiferent,no,si,
09/08/2026 11:10:24,usr_msll0qki_i5slm,piscina,NCFS000,inə,r.consonant,0,indiferent,no,si,
09/08/2026 11:42:13,usr_msll0qki_i5slm,piano,NCMS000,anu,r.consonant,0,indiferent,no,si,
09/08/2026 11:43:34,usr_msll0qki_i5slm,amo,NCMS000,amu,r.consonant,0,indiferent,no,si,
09/08/2026 11:46:44,usr_msll0qki_i5slm,cabàs,NCMS000,as,r.consonant,0,indiferent,no,si,
09/08/2026 12:14:51,usr_msll0qki_i5slm,piano,NCMS000,au,r.assonant,0,indiferent,no,si,
09/08/2026 12:15:13,usr_msll0qki_i5slm,piano,NCMS000,anu,r.consonant,0,indiferent,no,si,
09/08/2026 12:32:49,usr_msll0qki_i5slm,viatge,NCMS000,adʒə,r.consonant,0,indiferent,no,si,
09/08/2026 12:54:27,usr_mrv97eba_v0083,arjau,NCMS000,aw,r.consonant,0,indiferent,no,si,
09/08/2026 13:24:37,usr_mslptpg7_yhyfj,temor,NCCS000,or,r.consonant,1,indiferent,no,si,
09/08/2026 13:24:43,usr_mslptpg7_yhyfj,temor,NCCS000,o,r.assonant,1,indiferent,no,si,
09/08/2026 13:25:28,usr_mslptpg7_yhyfj,temor,NCCS000,o,r.assonant,2,indiferent,no,si,
09/08/2026 13:29:15,usr_mslptpg7_yhyfj,temor,NCCS000,or,r.consonant,2,indiferent,no,si,
09/08/2026 13:35:03,usr_mslptpg7_yhyfj,bondat,NCFS000,at,r.consonant,1,indiferent,no,si,
09/08/2026 13:35:13,usr_mslptpg7_yhyfj,bondat,NCFS000,a,r.assonant,1,indiferent,no,si,
09/08/2026 13:36:31,usr_mslptpg7_yhyfj,bondat,NCFS000,at,r.consonant,2,indiferent,no,si,
09/08/2026 13:38:03,usr_mslptpg7_yhyfj,bondat,NCFS000,a,r.assonant,2,indiferent,no,si,
09/08/2026 13:38:07,usr_mslptpg7_yhyfj,bondat,NCFS000,a,r.assonant,2,indiferent,no,si,
09/08/2026 13:40:07,usr_mslqdiqy_7eg62,porcelana,***,***,r.consonant,0,indiferent,no,si,
09/08/2026 13:40:13,usr_mslqdiqy_7eg62,porcelana,***,***,r.consonant,0,indiferent,no,si,
09/08/2026 13:40:17,usr_mslqdiqy_7eg62,lana,***,***,r.consonant,0,indiferent,no,si,
09/08/2026 13:40:19,usr_mslqdiqy_7eg62,lana,***,***,r.consonant,0,indiferent,no,si,
09/08/2026 13:40:26,usr_mslqdiqy_7eg62,porcellana,NCFS000,anə,r.consonant,0,indiferent,no,si,
09/08/2026 13:44:34,usr_msd66n6o_jw93a,fase,NCFS000,azə,r.consonant,0,indiferent,no,si,
09/08/2026 13:45:11,usr_msd66n6o_jw93a,base,NCFS000,azə,r.consonant,0,indiferent,no,si,
09/08/2026 13:58:22,usr_mslr0ytg_2n5de,ase,NCMS000,azə,r.consonant,0,indiferent,no,si,
09/08/2026 13:58:27,usr_mslr0ytg_2n5de,dona,NCMS000,azə,r.consonant,0,indiferent,no,si,
09/08/2026 13:58:31,usr_mslr0ytg_2n5de,dona,NCMS000,azə,r.consonant,0,indiferent,no,si,
09/08/2026 13:58:34,usr_mslr0ytg_2n5de,dona,NCMS000,azə,r.consonant,0,indiferent,no,si,
09/08/2026 15:50:18,usr_mrxrmps0_cv8p5,és,VSIP3S00,e,r.assonant,1,consonant,no,si,
09/08/2026 15:56:27,usr_mrxrmps0_cv8p5,canvia,VMIP3S00,iə,r.consonant,0,indiferent,no,si,
09/08/2026 15:56:54,usr_mrxrmps0_cv8p5,canvia,VMIP3S00,iə,r.consonant,2,indiferent,no,si,
09/08/2026 16:08:54,usr_mslvou39_8oxrm,eclipsi,NCMS000,ipsi,r.consonant,0,indiferent,no,si,
09/08/2026 16:08:56,usr_mslvou39_8oxrm,eclipsi,NCMS000,ipsi,r.consonant,0,indiferent,no,si,
09/08/2026 16:09:53,usr_mslvou39_8oxrm,vacances,NCFP000,ansəs,r.consonant,0,indiferent,no,si,
09/08/2026 16:10:52,usr_mslvou39_8oxrm,dies,NCMP000,iəs,r.consonant,0,indiferent,no,si,
09/08/2026 16:10:53,usr_mslvou39_8oxrm,dies,NCMP000,iəs,r.consonant,0,indiferent,no,si,
09/08/2026 16:11:21,usr_mslvou39_8oxrm,vacances,NCFP000,ansəs,r.consonant,0,indiferent,no,si,
09/08/2026 16:11:22,usr_mslvou39_8oxrm,vacances,NCFP000,ansəs,r.consonant,0,indiferent,no,si,
09/08/2026 16:11:26,usr_mslvou39_8oxrm,vacances,NCFP000,ansəs,r.consonant,0,indiferent,no,si,
09/08/2026 16:21:08,usr_mslvou39_8oxrm,firma,NCFS000,irmə,r.consonant,0,indiferent,no,si,
09/08/2026 16:21:09,usr_mslvou39_8oxrm,firma,NCFS000,irmə,r.consonant,0,indiferent,no,si,
09/08/2026 16:23:07,usr_mslvou39_8oxrm,servir-me,***,***,r.consonant,0,indiferent,no,si,
09/08/2026 16:23:11,usr_mslvou39_8oxrm,servir-me,***,***,r.consonant,0,indiferent,no,si,
09/08/2026 16:24:40,usr_mslvou39_8oxrm,avorreixes,VMIP2S00,ɛʃəs,r.consonant,0,indiferent,no,si,
09/08/2026 16:29:03,usr_mrxrmps0_cv8p5,així,VMIS1S00,i,r.consonant,2,indiferent,no,si,
09/08/2026 16:29:41,usr_mslvou39_8oxrm,fada,NCFS000,aðə,r.consonant,0,indiferent,no,si,
09/08/2026 17:22:53,usr_mslybyzb_hazhu,fer,AQ0MS0,e,r.consonant,0,indiferent,no,si,
09/08/2026 17:24:16,usr_mslybyzb_hazhu,fer,AQ0MS0,e,r.consonant,0,indiferent,no,si,
09/08/2026 17:41:53,usr_mslz0e3h_pdyoj,queer,AQ0CN0,e,r.consonant,0,indiferent,no,si,
09/08/2026 17:42:06,usr_mslz0e3h_pdyoj,cuir,NCMS000,i,r.consonant,0,indiferent,no,si,
09/08/2026 17:42:10,usr_mslz0e3h_pdyoj,cuir,NCMS000,i,r.consonant,0,indiferent,no,si,
09/08/2026 17:42:43,usr_mslz0e3h_pdyoj,gir,NCMS000,ir,r.consonant,0,indiferent,no,si,
09/08/2026 18:07:43,usr_mslzxmrq_n4dju,sang,NCFS000,aŋ,r.consonant,0,indiferent,no,si,
09/08/2026 18:08:06,usr_mslzxmrq_n4dju,sang,NCFS000,a,r.assonant,0,indiferent,no,si,
09/08/2026 18:09:46,usr_mslzxmrq_n4dju,gent,NCFS000,en,r.consonant,0,indiferent,no,si,
09/08/2026 18:18:21,usr_mrw92o1u_osk4m,infàtua,***,***,r.consonant,0,indiferent,no,si,
09/08/2026 18:18:30,usr_mrw92o1u_osk4m,estàtua,NCFS000,atuə,r.consonant,0,indiferent,no,si,
09/08/2026 18:22:21,usr_msm0ggsv_8g69p,amic,NCMS000,ik,r.consonant,0,indiferent,no,si,
09/08/2026 18:24:00,usr_msm0ggsv_8g69p,pins,NCMP000,ins,r.consonant,0,indiferent,no,si,
09/08/2026 18:27:28,usr_mslzxmrq_n4dju,broll,NCMS000,oʎ,r.consonant,0,indiferent,no,si,
09/08/2026 18:27:37,usr_mslzxmrq_n4dju,broll,NCMS000,o,r.assonant,0,indiferent,no,si,
09/08/2026 18:55:40,usr_msm0ggsv_8g69p,feia,VMII1S00,ɛjə,r.consonant,0,indiferent,no,si,
09/08/2026 18:55:40,usr_msm0ggsv_8g69p,feia,VMII1S00,ɛjə,r.consonant,0,indiferent,no,si,
09/08/2026 18:57:32,usr_mslqdiqy_7eg62,comuns,NCMP000,uns,r.consonant,0,indiferent,no,si,
09/08/2026 18:59:32,usr_mslz0e3h_pdyoj,romàntic,NCMS000,antik,r.consonant,0,indiferent,no,si,
09/08/2026 19:02:19,usr_mslqdiqy_7eg62,res,NCMP000,es,r.consonant,0,indiferent,no,si,
09/08/2026 19:02:27,usr_mslqdiqy_7eg62,res,NCMP000,es,r.consonant,0,indiferent,no,si,
09/08/2026 19:02:28,usr_mslqdiqy_7eg62,res,NCMP000,es,r.consonant,0,indiferent,no,si,
09/08/2026 19:05:29,usr_mslqdiqy_7eg62,montse,NPFSSP0,onsə,r.consonant,0,indiferent,no,si,
09/08/2026 19:05:48,usr_mslqdiqy_7eg62,montsè,***,***,r.consonant,0,indiferent,no,si,
09/08/2026 19:05:51,usr_mslqdiqy_7eg62,montse,NPFSSP0,onsə,r.consonant,0,indiferent,no,si,
09/08/2026 19:05:58,usr_mslqdiqy_7eg62,montsse,***,***,r.consonant,0,indiferent,no,si,
09/08/2026 19:06:24,usr_mslz0e3h_pdyoj,normatius,AQ0MP0,iws,r.consonant,0,indiferent,no,si,
09/08/2026 19:13:44,usr_mslqdiqy_7eg62,prou,DI0CN0,ɔw,r.consonant,0,indiferent,no,si,
09/08/2026 19:13:47,usr_mslqdiqy_7eg62,prou,DI0CN0,ɔw,r.consonant,0,indiferent,no,si,
09/08/2026 19:15:27,usr_mslqdiqy_7eg62,tu,PP2CSN00,u,r.consonant,0,indiferent,no,si,
09/08/2026 19:39:31,usr_mslqdiqy_7eg62,molles,NCFP000,ɔʎəs,r.consonant,0,indiferent,no,si,
09/08/2026 19:49:30,usr_msep5vr1_bxpnm,llum,NCCS000,um,r.consonant,0,indiferent,no,si,
09/08/2026 19:49:31,usr_msep5vr1_bxpnm,llum,NCCS000,um,r.consonant,0,indiferent,no,si,
09/08/2026 19:51:56,usr_mslqdiqy_7eg62,cup,NCMS000,up,r.consonant,0,indiferent,no,si,
09/08/2026 19:52:13,usr_mslqdiqy_7eg62,pressupostos,NCMP000,ɔstus,r.consonant,0,indiferent,no,si,
09/08/2026 20:47:03,usr_msm5mjn9_dmjhu,major,NCCS000,o,r.consonant,0,indiferent,no,si,
09/08/2026 20:47:59,usr_msm5mjn9_dmjhu,major,NCCS000,o,r.assonant,0,indiferent,no,si,
09/08/2026 21:15:56,usr_ms98hezb_l87o6,plató,NCMS000,o,r.consonant,0,indiferent,no,si,
09/08/2026 21:17:59,usr_ms98hezb_l87o6,salvatge,NCCS000,adʒə,r.consonant,0,indiferent,no,si,
09/08/2026 21:19:08,usr_ms98hezb_l87o6,salvatge,NCCS000,adʒə,r.consonant,0,indiferent,no,si,
09/08/2026 21:19:11,usr_ms98hezb_l87o6,salvatge,NCCS000,adʒə,r.consonant,0,indiferent,no,si,
09/08/2026 21:20:02,usr_ms98hezb_l87o6,bona,AQ0FS0,ɔnə,r.consonant,0,indiferent,no,si,
09/08/2026 21:20:04,usr_ms98hezb_l87o6,bona,AQ0FS0,ɔnə,r.consonant,0,indiferent,no,si,
09/08/2026 22:52:51,usr_msma4bkd_1u0pk,sopa,NCFS000,opə,r.consonant,0,indiferent,no,si,
09/08/2026 22:54:27,usr_msma4bkd_1u0pk,restaurant,NCMS000,an,r.consonant,0,indiferent,no,si,
09/08/2026 22:54:30,usr_msma4bkd_1u0pk,restaurant,NCMS000,an,r.consonant,0,indiferent,no,si,
09/08/2026 22:55:47,usr_msma4bkd_1u0pk,plat,NCMS000,at,r.consonant,0,indiferent,no,si,
09/08/2026 22:55:48,usr_msma4bkd_1u0pk,plat,NCMS000,at,r.consonant,0,indiferent,no,si,
09/08/2026 23:24:31,usr_msma4bkd_1u0pk,important,AQ0CS0,an,r.consonant,0,indiferent,no,si,
09/08/2026 23:41:51,usr_msmbvcaf_fros6,4. tot,***,***,r.assonant,1,indiferent,no,si,
09/08/2026 23:42:04,usr_msmbvcaf_fros6,bon,NCMS000,ɔ,r.assonant,1,indiferent,no,si,
09/08/2026 23:51:35,usr_msmbvcaf_fros6,bon,NCMS000,ɔ,r.assonant,2,indiferent,no,si,
09/08/2026 23:51:51,usr_msmbvcaf_fros6,merder,NCMS000,e,r.assonant,2,indiferent,no,si,
10/08/2026 0:35:22,usr_msmds63h_xmr4b,caverna,NCFS000,ɛə,r.assonant,4,indiferent,no,si,
10/08/2026 0:35:32,usr_msmds63h_xmr4b,dierna,***,***,r.assonant,4,indiferent,no,si,
10/08/2026 8:25:37,usr_ms7btuyi_nml4w,estable,NCMS000,abblə,r.consonant,0,indiferent,no,si,
10/08/2026 8:27:48,usr_mrx4oknp_u4ni2,calma,NCCS000,almə,r.consonant,0,indiferent,no,si,
10/08/2026 8:27:50,usr_mrx4oknp_u4ni2,calma,NCCS000,almə,r.consonant,0,indiferent,no,si,
10/08/2026 8:47:17,usr_ms7btuyi_nml4w,lavabos,NCMP000,aβus,r.consonant,0,indiferent,no,si,
10/08/2026 8:47:32,usr_ms7btuyi_nml4w,lavabo,NCMS000,aβu,r.consonant,0,indiferent,no,si,
10/08/2026 8:49:39,usr_ms7btuyi_nml4w,cavaller,NCMS000,e,r.consonant,0,indiferent,no,si,
10/08/2026 8:51:34,usr_msmvi6bs_y8nms,ona,NCFS000,onə,r.consonant,0,indiferent,no,si,
10/08/2026 8:52:49,usr_msmvi6bs_y8nms,ona,NCFS000,onə,r.consonant,5,indiferent,no,si,
10/08/2026 8:54:52,usr_msmvi6bs_y8nms,ona,NCFS000,onə,r.consonant,4,indiferent,no,si,
10/08/2026 8:56:53,usr_ms7btuyi_nml4w,menta,NCFS000,entə,r.consonant,0,indiferent,no,si,
10/08/2026 8:57:34,usr_msmvi6bs_y8nms,ona,NCFS000,onə,r.consonant,5,indiferent,no,si,
10/08/2026 8:57:37,usr_msmvi6bs_y8nms,ona,NCFS000,onə,r.consonant,5,indiferent,no,si,
10/08/2026 9:02:11,usr_msmvvxzm_pejff,ul,***,***,r.consonant,0,indiferent,no,si,
10/08/2026 9:06:10,usr_msmvi6bs_y8nms,ona,NCFS000,onə,r.consonant,3,indiferent,no,si,
10/08/2026 9:14:57,usr_msmvi6bs_y8nms,ir,***,***,r.consonant,3,indiferent,no,si,
10/08/2026 9:15:05,usr_msmvi6bs_y8nms,dir,NCMS000,i,r.consonant,3,indiferent,no,si,
10/08/2026 9:17:05,usr_msmwf3ah_cwv0h,mar,NCCS000,ar,r.consonant,0,indiferent,no,si,
10/08/2026 9:17:56,usr_msmwf3ah_cwv0h,torna,NCFS000,ornə,r.consonant,0,indiferent,no,si,
10/08/2026 9:53:59,usr_msmxqj82_mj93n,ills,***,***,r.consonant,0,indiferent,no,si,
10/08/2026 9:54:02,usr_msmvi6bs_y8nms,ona,NCFS000,onə,r.consonant,2,indiferent,no,si,
10/08/2026 9:54:04,usr_msmxqj82_mj93n,fills,NCMP000,iʎs,r.consonant,0,indiferent,no,si,
10/08/2026 9:54:38,usr_msmvi6bs_y8nms,ona,NCFS000,onə,r.consonant,3,indiferent,no,si,
10/08/2026 9:57:57,usr_msmvi6bs_y8nms,ona,NCFS000,onə,r.consonant,5,indiferent,no,si,
10/08/2026 10:02:20,usr_msd66n6o_jw93a,aprèn,VMIP3S00,ɛn,r.consonant,0,indiferent,no,si,
10/08/2026 10:02:33,usr_msmvi6bs_y8nms,ona,NCFS000,onə,r.consonant,3,indiferent,no,si,
10/08/2026 10:04:20,usr_msmvi6bs_y8nms,ona,NCFS000,onə,r.consonant,2,indiferent,no,si,
10/08/2026 10:05:06,usr_msmvi6bs_y8nms,ona,NCFS000,onə,r.consonant,3,indiferent,no,si,
10/08/2026 10:05:10,usr_msmxqj82_mj93n,miralls,NCMP000,aʎs,r.consonant,0,indiferent,no,si,
10/08/2026 10:09:11,usr_msmvi6bs_y8nms,ona,NCFS000,onə,r.consonant,4,indiferent,no,si,
10/08/2026 10:09:40,usr_msmvi6bs_y8nms,ona,NCFS000,onə,r.consonant,3,indiferent,no,si,
10/08/2026 10:11:08,usr_msmvi6bs_y8nms,ona,NCFS000,onə,r.consonant,2,indiferent,no,si,
10/08/2026 10:15:51,usr_msmvi6bs_y8nms,ona,NCFS000,onə,r.consonant,3,indiferent,no,si,
10/08/2026 10:17:03,usr_msmvi6bs_y8nms,ona,NCFS000,onə,r.consonant,2,indiferent,no,si,
10/08/2026 10:21:27,usr_msma4bkd_1u0pk,història,NCFS000,ɔɾiə,r.consonant,0,indiferent,no,si,
10/08/2026 10:23:18,usr_msma4bkd_1u0pk,atenció,NCFS000,o,r.consonant,0,indiferent,no,si,
10/08/2026 10:32:10,usr_msma4bkd_1u0pk,sis,NCMP000,is,r.consonant,0,indiferent,no,si,
10/08/2026 10:34:58,usr_ms0ddo11_cndf5,tots,NCMP000,ots,r.consonant,0,indiferent,no,si,
10/08/2026 10:44:51,usr_ms0ddo11_cndf5,presumit,AQ0MS0,it,r.consonant,0,indiferent,no,si,
10/08/2026 10:45:32,usr_ms0ddo11_cndf5,números,NCMP000,uməɾus,r.consonant,0,indiferent,no,si,
10/08/2026 10:46:46,usr_ms0ddo11_cndf5,presumit,AQ0MS0,it,r.consonant,0,indiferent,no,si,
10/08/2026 10:47:29,usr_ms0ddo11_cndf5,sis,NCMP000,is,r.consonant,0,indiferent,no,si,
10/08/2026 10:49:00,usr_mslqdiqy_7eg62,benevolents,AQ0CP0,ens,r.consonant,0,indiferent,no,si,
10/08/2026 11:00:12,usr_mslqdiqy_7eg62,jovent,NCMS000,en,r.consonant,0,indiferent,no,si,
10/08/2026 11:04:30,usr_msn098n4_y3stc,palou,NPCNSP0,ɔw,r.consonant,0,indiferent,no,si,
10/08/2026 11:04:34,usr_msn098n4_y3stc,palou,NPCNSP0,ɔw,r.consonant,0,indiferent,no,si,
10/08/2026 11:04:37,usr_msn098n4_y3stc,palou,NPCNSP0,ɔw,r.consonant,0,indiferent,no,si,
10/08/2026 11:04:44,usr_msn098n4_y3stc,palou,NPCNSP0,ɔw,r.consonant,0,indiferent,no,si,
10/08/2026 11:05:04,usr_msn098n4_y3stc,palou,NPCNSP0,ɔw,r.consonant,0,indiferent,no,no,
10/08/2026 11:06:16,usr_msn098n4_y3stc,palou,NPCNSP0,ɔw,r.consonant,0,indiferent,si,si,
10/08/2026 11:29:53,usr_msn160ts_o0gqt,guerra,NCFS000,ɛrə,r.consonant,2,indiferent,no,si,
10/08/2026 11:30:03,usr_msn160ts_o0gqt,guerra,NCFS000,ɛə,r.assonant,2,indiferent,no,si,
10/08/2026 11:32:37,usr_msmvi6bs_y8nms,eja,***,***,r.consonant,0,indiferent,no,no,
10/08/2026 11:32:51,usr_msmvi6bs_y8nms,eja,***,***,r.consonant,3,indiferent,no,no,
10/08/2026 11:32:53,usr_msmvi6bs_y8nms,eja,***,***,r.consonant,3,indiferent,no,no,
10/08/2026 11:32:59,usr_msmvi6bs_y8nms,reja,***,***,r.consonant,3,indiferent,no,no,
10/08/2026 11:33:01,usr_msmvi6bs_y8nms,reja,***,***,r.consonant,3,indiferent,no,no,
10/08/2026 11:33:11,usr_msmvi6bs_y8nms,reja,***,***,r.consonant,3,indiferent,no,si,
10/08/2026 11:33:13,usr_msmvi6bs_y8nms,reja,***,***,r.consonant,3,indiferent,no,si,
10/08/2026 11:33:56,usr_msmvi6bs_y8nms,ella,PP3FSN00,eʎə,r.consonant,3,indiferent,no,no,
10/08/2026 11:37:09,usr_msmvi6bs_y8nms,era,NCFS000,eɾə,r.consonant,3,indiferent,no,no,
10/08/2026 11:37:11,usr_ms0ddo11_cndf5,forats,NCMP000,ats,r.consonant,0,indiferent,no,si,
10/08/2026 11:44:25,usr_ms0ddo11_cndf5,paisatges,NCMP000,adʒəs,r.consonant,0,indiferent,no,si,
10/08/2026 11:45:58,usr_ms0ddo11_cndf5,estil,NCMS000,il,r.consonant,0,indiferent,no,si,
10/08/2026 11:48:42,usr_ms0ddo11_cndf5,retrats,NCMP000,ats,r.consonant,0,indiferent,no,si,
10/08/2026 11:56:44,usr_ms0ddo11_cndf5,estil,NCMS000,il,r.consonant,0,indiferent,no,si,
10/08/2026 12:01:19,usr_msmvi6bs_y8nms,able,***,***,r.consonant,3,indiferent,no,no,
10/08/2026 12:22:13,usr_msmvi6bs_y8nms,able,***,***,r.consonant,0,indiferent,no,si,
10/08/2026 13:12:14,usr_msmxqj82_mj93n,nuca,NCFS000,ukə,r.consonant,0,indiferent,no,si,
10/08/2026 13:16:35,usr_msmxqj82_mj93n,ats,***,***,r.consonant,0,indiferent,no,si,
10/08/2026 13:16:39,usr_msmxqj82_mj93n,parats,NCMP000,ats,r.consonant,0,indiferent,no,si,
10/08/2026 13:32:26,usr_msmxqj82_mj93n,gotegen,VMIP3P00,ɛʒən,r.consonant,0,indiferent,no,si,
10/08/2026 13:39:34,usr_msn5sopt_3rgp8,aturador,NCMS000,o,r.consonant,0,indiferent,no,si,
10/08/2026 14:56:12,usr_ms7pegh6_nl1yr,orelles,NCFP000,ɛʎəs,r.consonant,0,indiferent,no,si,
10/08/2026 14:56:22,usr_ms7pegh6_nl1yr,orelles,NCFP000,ɛə,r.assonant,0,indiferent,no,si,
10/08/2026 14:56:33,usr_ms7pegh6_nl1yr,orelles,NCFP000,ɛə,r.assonant,2,indiferent,no,si,
10/08/2026 16:38:22,usr_ms7pegh6_nl1yr,dret,NCMS000,ɛt,r.consonant,1,indiferent,no,si,
10/08/2026 16:38:33,usr_ms7pegh6_nl1yr,dret,NCMS000,ɛt,r.consonant,2,indiferent,no,si,
10/08/2026 16:57:33,usr_msd66n6o_jw93a,eclipsis,NCMP000,ipsis,r.consonant,0,indiferent,no,si,
10/08/2026 17:32:47,usr_ms7pegh6_nl1yr,dau,NCMS000,aw,r.consonant,2,indiferent,no,si,
10/08/2026 17:33:02,usr_ms7pegh6_nl1yr,dau,NCMS000,aw,r.consonant,0,indiferent,no,si,
10/08/2026 17:35:56,usr_ms7pegh6_nl1yr,genolls,NCMP000,oʎs,r.consonant,0,indiferent,no,si,va
10/08/2026 17:36:20,usr_ms7pegh6_nl1yr,genolls,NCMP000,o,r.assonant,0,indiferent,no,si,nw
10/08/2026 17:42:17,usr_ms7pegh6_nl1yr,genolls,NCMP000,o,r.assonant,2,indiferent,no,si,ba
10/08/2026 17:48:17,usr_ms7pegh6_nl1yr,just,NCMS000,u,r.assonant,2,indiferent,no,si,ca
10/08/2026 17:48:30,usr_ms7pegh6_nl1yr,just,NCMS000,ust,r.consonant,2,indiferent,no,si,ca
10/08/2026 17:48:54,usr_ms7pegh6_nl1yr,just,NCMS000,ust,r.consonant,1,indiferent,no,si,ca
10/08/2026 18:43:25,usr_msngndl5_f1083,casa,NCFS000,azə,r.consonant,0,indiferent,no,si,va
10/08/2026 18:53:36,usr_msngndl5_f1083,rodolins,NCMP000,ins,r.consonant,0,indiferent,no,si,ca
10/08/2026 19:00:57,usr_msngndl5_f1083,vinyetes,NCFP000,ɛtəs,r.consonant,0,indiferent,no,si,nw
10/08/2026 19:04:14,usr_msnhe54k_vo0iv,creatiu,AQ0MS0,iw,r.consonant,0,indiferent,no,si,ca
10/08/2026 19:05:18,usr_msnhe54k_vo0iv,sincer,AQ0MS0,e,r.consonant,0,indiferent,no,si,ca
10/08/2026 19:06:27,usr_msngndl5_f1083,cultura,NCFS000,uɾə,r.consonant,0,indiferent,no,si,ba
10/08/2026 19:07:33,usr_msnhe54k_vo0iv,creatiu,AQ0MS0,iw,r.consonant,0,indiferent,no,si,ba
10/08/2026 19:09:25,usr_msngndl5_f1083,auca,NCFS000,awkə,r.consonant,0,indiferent,no,si,ca
10/08/2026 19:09:32,usr_msngndl5_f1083,rodolí,NCMS000,i,r.consonant,0,indiferent,no,si,nw
10/08/2026 19:09:54,usr_msnhe54k_vo0iv,missatger,NCMS000,e,r.consonant,0,indiferent,no,si,ca
10/08/2026 19:16:27,usr_msepa054_olno7,cos,NCMS000,ɔs,r.consonant,0,indiferent,no,si,ba
10/08/2026 19:16:34,usr_msepa054_olno7,cos,NCMS000,ɔs,r.consonant,0,indiferent,no,si,ca
10/08/2026 19:16:38,usr_msepa054_olno7,cos,NCMS000,ɔs,r.consonant,0,indiferent,no,si,ca
10/08/2026 19:16:47,usr_msepa054_olno7,cos,NCMS000,ɔs,r.consonant,0,indiferent,no,si,nw
10/08/2026 19:16:56,usr_msnhui7e_gm4qw,apropar,VMN00000,a,r.consonant,0,indiferent,no,si,ca
10/08/2026 19:47:32,usr_msnixu20_0f0jt,empatxat,VMP00SM0,at,r.consonant,0,indiferent,no,si,ba
10/08/2026 19:49:41,usr_msnixu20_0f0jt,sentir,VMN00000,i,r.consonant,0,indiferent,no,si,ca
10/08/2026 19:52:59,usr_mrwcdxq6_wuczj,amor,NCCS000,or,r.consonant,0,indiferent,no,si,nw
10/08/2026 19:55:49,usr_mrwcdxq6_wuczj,coníll,***,***,r.consonant,0,indiferent,no,si,ca
10/08/2026 19:55:51,usr_mrwcdxq6_wuczj,coníll,***,***,r.consonant,0,indiferent,no,si,nw
10/08/2026 19:55:54,usr_mrwcdxq6_wuczj,coníll,***,***,r.consonant,0,indiferent,no,si,va
10/08/2026 19:56:00,usr_mrwcdxq6_wuczj,aqui,***,***,r.consonant,0,indiferent,no,si,ba
10/08/2026 19:56:02,usr_msnixu20_0f0jt,sentir,VMN00000,i,r.assonant,0,indiferent,no,si,nw
10/08/2026 19:56:04,usr_mrwcdxq6_wuczj,aqui,***,***,r.consonant,0,indiferent,no,si,ca
10/08/2026 19:56:17,usr_mrwcdxq6_wuczj,aquí,ZRG,i,r.consonant,0,indiferent,no,si,va
10/08/2026 19:56:24,usr_mrwcdxq6_wuczj,aquí,ZRG,i,r.assonant,0,indiferent,no,si,nw
10/08/2026 20:02:12,usr_msnjgp6t_mh5ir,mal,NCMS000,al,r.consonant,0,indiferent,no,si,ca
10/08/2026 20:13:22,usr_msnjgp6t_mh5ir,vista,NCFS000,istə,r.consonant,0,indiferent,no,si,nw
10/08/2026 20:16:18,usr_msnjgp6t_mh5ir,vista,NCFS000,iə,r.assonant,0,indiferent,no,si,va
10/08/2026 20:16:29,usr_msnjgp6t_mh5ir,vista,NCFS000,iə,r.assonant,0,indiferent,no,si,ca
10/08/2026 20:16:51,usr_msnjgp6t_mh5ir,vista,NCFS000,iə,r.assonant,0,indiferent,no,si,ca
10/08/2026 20:42:51,usr_msnkwz1m_93i48,era,NCFS000,eɾə,r.consonant,0,indiferent,no,si,ca
10/08/2026 20:43:04,usr_msnkxab4_bfslx,fenomen,NCMS000,ɔmən,r.consonant,0,indiferent,no,si,nw
10/08/2026 20:43:14,usr_msnkxab4_bfslx,fenomen,NCMS000,ɔmən,r.consonant,0,indiferent,no,si,ba
10/08/2026 20:55:09,usr_msnkxab4_bfslx,únics,AQ0MP0,uniks,r.consonant,0,indiferent,no,si,ba
10/08/2026 21:34:59,usr_msg99rht_qkano,gent,NCFS000,en,r.consonant,0,indiferent,no,si,va
10/08/2026 21:52:26,usr_msg99rht_qkano,gram,NCMS000,am,r.consonant,0,indiferent,no,si,ba
10/08/2026 22:22:10,usr_msnogwl7_6e0bz,remei,NCMS000,ɛj,r.consonant,0,indiferent,no,si,ba
10/08/2026 22:22:36,usr_msnogwl7_6e0bz,remei,NCMS000,ɛ,r.assonant,0,indiferent,si,si,va
11/08/2026 0:43:42,usr_mrwcdxq6_wuczj,estimat,AQ0MS0,at,r.consonant,0,indiferent,no,si,va
11/08/2026 0:43:43,usr_mrwcdxq6_wuczj,estimat,AQ0MS0,at,r.consonant,0,indiferent,no,si,nw
11/08/2026 0:52:29,usr_mrvt0o9h_87xcv,que,PR0CN000,ə,r.consonant,0,indiferent,no,si,nw
11/08/2026 7:05:24,usr_mrynm4vz_6ub2j,vers,NCMP000,ɛrs,r.consonant,2,indiferent,no,si,nw
11/08/2026 7:05:41,usr_mrynm4vz_6ub2j,versos,NCMP000,ɛrsus,r.consonant,2,indiferent,no,si,ca
11/08/2026 7:13:39,usr_ms0wbtzx_absdx,llum,NCCS000,um,r.consonant,0,indiferent,no,si,va
11/08/2026 8:26:43,usr_ms6gfnsa_ot8rk,menja,NCFS000,enʒə,r.consonant,0,indiferent,no,si,ba
11/08/2026 8:26:43,usr_ms6gfnsa_ot8rk,menja,NCFS000,enʒə,r.consonant,0,indiferent,no,si,va
11/08/2026 10:19:16,usr_msmvi6bs_y8nms,able,***,***,r.consonant,4,indiferent,no,si,ba
11/08/2026 10:19:58,usr_msmvi6bs_y8nms,amable,AQ0CS0,abblə,r.consonant,4,indiferent,no,si,va
11/08/2026 10:20:34,usr_msmvi6bs_y8nms,amable,AQ0CS0,abblə,r.consonant,3,indiferent,no,si,ca
11/08/2026 10:21:10,usr_msmvi6bs_y8nms,amable,AQ0CS0,abblə,r.consonant,2,indiferent,no,si,ca
11/08/2026 10:21:27,usr_msmvi6bs_y8nms,amable,AQ0CS0,abblə,r.consonant,5,indiferent,no,si,ba
11/08/2026 11:00:13,usr_msmvi6bs_y8nms,ora,NCFS000,oɾə,r.consonant,3,indiferent,no,si,nw
11/08/2026 11:02:31,usr_msmvi6bs_y8nms,ora,NCFS000,oɾə,r.consonant,3,indiferent,no,si,va
11/08/2026 11:04:50,usr_msmvi6bs_y8nms,ora,NCFS000,oɾə,r.consonant,5,indiferent,no,si,nw
11/08/2026 11:49:44,usr_msohb93m_t5poq,carrer,NCMS000,e,r.consonant,0,indiferent,no,si,ba
11/08/2026 11:50:51,usr_msohco2a_i8q7x,forquilla,NCFS000,iʎə,r.consonant,0,indiferent,no,si,ba
11/08/2026 11:53:40,usr_msohb93m_t5poq,aura,NCFS000,awɾə,r.consonant,0,indiferent,no,si,ca
11/08/2026 11:54:47,usr_msohb93m_t5poq,moda,NCFS000,ɔðə,r.consonant,0,indiferent,no,si,ca
11/08/2026 11:58:22,usr_msohb93m_t5poq,venda,NCFS000,ɛndə,r.consonant,0,indiferent,no,si,va
11/08/2026 12:01:27,usr_msohb93m_t5poq,criatura,NCFS000,uɾə,r.consonant,0,indiferent,no,si,va
11/08/2026 12:10:08,usr_msohb93m_t5poq,arrogància,NCFS000,ansiə,r.consonant,0,indiferent,no,si,va
11/08/2026 12:24:47,usr_msohb93m_t5poq,carrer,NCMS000,e,r.consonant,0,indiferent,no,si,ba
11/08/2026 12:27:12,usr_msohb93m_t5poq,competència,NCFS000,ɛnsiə,r.consonant,0,indiferent,no,si,ba
11/08/2026 12:28:49,usr_msohb93m_t5poq,criminal,NCCS000,al,r.consonant,0,indiferent,no,si,ca
11/08/2026 12:29:31,usr_msohb93m_t5poq,factura,NCFS000,uɾə,r.consonant,0,indiferent,no,si,ca
11/08/2026 12:35:34,usr_msohb93m_t5poq,cuina,NCFS000,ujnə,r.consonant,0,indiferent,no,si,va
11/08/2026 12:35:46,usr_msohb93m_t5poq,dia,NCMS000,iə,r.consonant,0,indiferent,no,si,ba
11/08/2026 12:37:14,usr_msohb93m_t5poq,cadenes,NCFP000,ɛnəs,r.consonant,0,indiferent,no,si,ca
11/08/2026 12:38:05,usr_msohb93m_t5poq,orelles,NCFP000,ɛʎəs,r.consonant,0,indiferent,no,si,ca
11/08/2026 12:38:22,usr_mrvt0o9h_87xcv,ceptre,NCMS000,eptɾə,r.consonant,0,indiferent,no,si,va
11/08/2026 12:40:05,usr_msohb93m_t5poq,arrogància,NCFS000,ansiə,r.consonant,0,indiferent,no,si,ba
11/08/2026 12:42:06,usr_msohb93m_t5poq,factura,NCFS000,uɾə,r.consonant,0,indiferent,no,si,va
11/08/2026 13:24:31,usr_ms7btuyi_nml4w,manies,NCFP000,iəs,r.consonant,0,indiferent,no,si,ba
11/08/2026 13:29:19,usr_ms7btuyi_nml4w,tema,NCMS000,emə,r.consonant,0,indiferent,no,si,va
11/08/2026 13:33:33,usr_ms7btuyi_nml4w,mateixa,NCFS000,eʃə,r.consonant,0,indiferent,no,si,ca
11/08/2026 13:50:11,usr_ms7btuyi_nml4w,eclipsa,VMIP3S00,ipsə,r.consonant,0,indiferent,no,si,ba
11/08/2026 17:03:47,usr_msg99rht_qkano,callis,VMSP2S0Y,aʎis,r.consonant,0,indiferent,no,si,va
11/08/2026 18:33:38,usr_mseyq9aw_tanj6,gràcia,NCFS000,asiə,r.consonant,0,indiferent,no,si,nw
11/08/2026 18:40:17,usr_mseyq9aw_tanj6,jueu,NCMS000,ew,r.consonant,0,indiferent,no,si,ca
11/08/2026 19:23:05,usr_msg9zg8t_9tkmy,crist,NCMS000,ist,r.consonant,0,indiferent,no,si,ba
11/08/2026 19:26:40,usr_msg9zg8t_9tkmy,dreta,NCFS000,ɛtə,r.consonant,0,indiferent,no,si,ca
11/08/2026 19:46:37,usr_msoyci70_3e532,ança,***,***,r.consonant,0,indiferent,no,si,nw
11/08/2026 19:46:39,usr_msoyci70_3e532,ança,***,***,r.consonant,0,indiferent,no,si,va
11/08/2026 19:46:41,usr_msoyci70_3e532,ança,***,***,r.consonant,0,indiferent,no,si,nw
11/08/2026 19:47:08,usr_msoyci70_3e532,confiança,NCFS000,ansə,r.consonant,0,indiferent,no,si,nw
11/08/2026 19:52:22,usr_msoyci70_3e532,ansa,NCFS000,ansə,r.consonant,0,indiferent,no,si,ba
11/08/2026 19:56:00,usr_msoyci70_3e532,república,NCFS000,ubblikə,r.consonant,0,indiferent,no,si,ba
11/08/2026 20:06:40,usr_msd66n6o_jw93a,baixa,NCFS000,aʃə,r.consonant,0,indiferent,no,si,ba
11/08/2026 20:41:55,usr_mshnuwhp_iwa8q,cuaranta,***,***,r.consonant,3,indiferent,no,si,ca
11/08/2026 20:41:59,usr_mshnuwhp_iwa8q,cuaranta,***,***,r.consonant,0,indiferent,no,si,nw
11/08/2026 20:42:11,usr_mshnuwhp_iwa8q,quaranta,NCCN000,antə,r.consonant,0,indiferent,no,si,ba
11/08/2026 20:42:27,usr_mshnuwhp_iwa8q,quaranta,NCCN000,aə,r.assonant,0,indiferent,no,si,ba
11/08/2026 20:42:53,usr_mshnuwhp_iwa8q,quaranta,NCCN000,aə,r.assonant,0,indiferent,no,si,va
11/08/2026 20:44:13,usr_mshnuwhp_iwa8q,quaranta,NCCN000,aə,r.assonant,0,indiferent,no,si,nw
11/08/2026 20:46:20,usr_mshnuwhp_iwa8q,ronc,NCMS000,oŋ,r.consonant,0,indiferent,no,si,ba
11/08/2026 20:46:30,usr_mshnuwhp_iwa8q,ronc,NCMS000,o,r.assonant,0,indiferent,no,si,va
11/08/2026 20:46:48,usr_mshnuwhp_iwa8q,cor,NCMS000,ɔr,r.consonant,0,indiferent,no,si,ba
11/08/2026 20:46:48,usr_msp0hy35_dllt2,lleida,NPCNSP0,ejðə,r.consonant,0,indiferent,no,si,va
11/08/2026 20:46:49,usr_msp0hy35_dllt2,lleida,NPCNSP0,ejðə,r.consonant,0,indiferent,no,si,ba
11/08/2026 20:47:01,usr_msp0hy35_dllt2,perseida,***,***,r.consonant,0,indiferent,no,si,nw
11/08/2026 20:47:02,usr_msp0hy35_dllt2,perseida,***,***,r.consonant,0,indiferent,no,si,nw
11/08/2026 20:47:03,usr_msp0hy35_dllt2,perseida,***,***,r.consonant,0,indiferent,no,si,ca
11/08/2026 20:49:11,usr_mshnuwhp_iwa8q,millora,NCFS000,oɾə,r.consonant,0,indiferent,no,si,nw
11/08/2026 20:49:14,usr_mshnuwhp_iwa8q,millora,NCFS000,oɾə,r.consonant,3,indiferent,no,si,nw
11/08/2026 21:05:54,usr_ms2b633h_ltwxz,remei,NCMS000,ɛj,r.consonant,0,indiferent,no,si,nw
11/08/2026 22:27:34,usr_mshnuwhp_iwa8q,millora,NCFS000,oɾə,r.consonant,0,indiferent,no,si,nw
11/08/2026 22:28:57,usr_mshnuwhp_iwa8q,resaca,***,***,r.consonant,0,indiferent,no,si,ca
11/08/2026 22:29:02,usr_mshnuwhp_iwa8q,ressaca,NCFS000,akə,r.consonant,0,indiferent,no,si,ba
11/08/2026 22:29:24,usr_msp45v3w_v4ntx,que,PR0CN000,ə,r.consonant,0,indiferent,no,si,nw
11/08/2026 22:41:57,usr_mshnuwhp_iwa8q,claus,NCMP000,aws,r.consonant,0,indiferent,no,si,va
11/08/2026 22:42:15,usr_mshnuwhp_iwa8q,claus,NCMP000,a,r.assonant,0,indiferent,no,si,va
11/08/2026 22:44:53,usr_mshnuwhp_iwa8q,george,NPMSSP0,ɔ,r.assonant,0,indiferent,no,si,ca
11/08/2026 22:51:04,usr_msp4xqqb_4is44,broma,NCFS000,omə,r.consonant,0,indiferent,no,si,nw
11/08/2026 22:51:18,usr_msp4xqqb_4is44,feina,NCFS000,ɛjnə,r.consonant,0,indiferent,no,si,ba
11/08/2026 22:51:24,usr_msp4xqqb_4is44,pèl,NCMS000,ɛl,r.consonant,0,indiferent,no,si,va
11/08/2026 22:52:03,usr_mshnuwhp_iwa8q,hernia,VMIP3S00,iə,r.assonant,0,indiferent,no,si,va
11/08/2026 22:52:50,usr_mshnuwhp_iwa8q,hernia,VMIP3S00,iə,r.consonant,0,indiferent,no,si,nw
11/08/2026 22:53:53,usr_msp4xqqb_4is44,conya,NCFS000,oɲə,r.consonant,0,indiferent,no,si,ca
11/08/2026 22:53:57,usr_mshnuwhp_iwa8q,palillo,***,***,r.consonant,0,indiferent,no,si,ba
11/08/2026 22:56:39,usr_msp4xqqb_4is44,debò,***,***,r.consonant,0,indiferent,no,si,ba
11/08/2026 23:01:11,usr_msp5argc_wq4ja,enci,***,***,r.consonant,0,indiferent,no,si,ba
11/08/2026 23:01:17,usr_msp5argc_wq4ja,silenci,NCMS000,ɛnsi,r.consonant,0,indiferent,no,si,ba
11/08/2026 23:05:10,usr_msp4xqqb_4is44,granota,NCFS000,ɔtə,r.consonant,0,indiferent,no,si,ba
11/08/2026 23:06:28,usr_msp4xqqb_4is44,uniforme,NCMS000,ormə,r.consonant,0,indiferent,no,si,ca
11/08/2026 23:06:53,usr_msp4xqqb_4is44,esmòquing,NCMS000,ɔkiŋ,r.consonant,0,indiferent,no,si,ba
11/08/2026 23:07:04,usr_ms7btuyi_nml4w,estrelles,NCFP000,eʎəs,r.consonant,0,indiferent,no,si,ba
11/08/2026 23:07:11,usr_msp4xqqb_4is44,mallot,NCMS000,ɔt,r.consonant,0,indiferent,no,si,ca
11/08/2026 23:08:59,usr_msp4xqqb_4is44,vaixell,NCMS000,eʎ,r.consonant,0,indiferent,no,si,nw
11/08/2026 23:09:13,usr_msp4xqqb_4is44,producció,NCFS000,o,r.consonant,0,indiferent,no,si,ca
11/08/2026 23:11:58,usr_msp4xqqb_4is44,vida,NCFS000,iðə,r.consonant,0,indiferent,no,si,nw
11/08/2026 23:13:28,usr_msp4xqqb_4is44,barra,NCFS000,arə,r.consonant,0,indiferent,no,si,ba
11/08/2026 23:17:17,usr_msp5argc_wq4ja,sió,NPCNSP0,o,r.consonant,0,indiferent,no,si,nw
11/08/2026 23:20:52,usr_msp4xqqb_4is44,dia,NCMS000,iə,r.consonant,0,indiferent,no,si,ca
11/08/2026 23:24:52,usr_msp4xqqb_4is44,oremus,NCMN000,emus,r.consonant,0,indiferent,no,si,va
11/08/2026 23:25:40,usr_msp4xqqb_4is44,semblant,NCMS000,an,r.consonant,0,indiferent,no,si,ca
11/08/2026 23:38:30,usr_msp4xqqb_4is44,caldo,NCMS000,aldu,r.consonant,0,indiferent,no,si,ca
11/08/2026 23:46:42,usr_msp4xqqb_4is44,ortopeda,***,***,r.consonant,0,indiferent,no,si,ca
11/08/2026 23:46:47,usr_msp4xqqb_4is44,galleda,NCFS000,ɛðə,r.consonant,0,indiferent,no,si,nw
11/08/2026 23:48:19,usr_msp4xqqb_4is44,empitjori,VMM03S0Y,oɾi,r.consonant,0,indiferent,no,si,ca
11/08/2026 23:48:30,usr_msp4xqqb_4is44,desori,NCMS000,ɔɾi,r.consonant,0,indiferent,no,si,va
11/08/2026 23:48:33,usr_msp4xqqb_4is44,pitjor,AQ0CS0,o,r.consonant,0,indiferent,no,si,ca
12/08/2026 0:27:22,usr_msp0hy35_dllt2,lleida,NPCNSP0,ejðə,r.consonant,0,indiferent,si,si,ca
12/08/2026 1:25:24,usr_msf9fgv1_pa9c2,ipsi,***,***,r.consonant,0,indiferent,no,si,nw
12/08/2026 1:25:38,usr_msf9fgv1_pa9c2,ixi,VMM03S0Y,iʃi,r.consonant,0,indiferent,no,si,ba
12/08/2026 1:25:58,usr_msf9fgv1_pa9c2,ixar,***,***,r.consonant,0,indiferent,no,si,nw
12/08/2026 6:16:18,usr_msmvi6bs_y8nms,tothora,ZRG,ɔɾə,r.consonant,0,indiferent,no,si,va
12/08/2026 6:17:36,usr_msmvi6bs_y8nms,ora,NCFS000,oɾə,r.consonant,0,indiferent,no,si,va
12/08/2026 6:50:19,usr_msmvi6bs_y8nms,ible,***,***,r.consonant,0,indiferent,no,si,va
12/08/2026 6:50:35,usr_msmvi6bs_y8nms,possible,NCMS000,ibblə,r.consonant,0,indiferent,no,si,ba
12/08/2026 7:01:09,usr_msmvi6bs_y8nms,atura,NCFS000,uɾə,r.consonant,0,indiferent,no,si,ca
12/08/2026 7:13:05,usr_msmvi6bs_y8nms,penyora,NCFS000,oɾə,r.consonant,0,indiferent,no,si,ca
12/08/2026 7:24:07,usr_msmvi6bs_y8nms,fura,NCFS000,uɾə,r.consonant,0,indiferent,no,si,ba
12/08/2026 7:28:08,usr_msmvi6bs_y8nms,tothora,ZRG,ɔɾə,r.consonant,0,indiferent,no,si,ba
12/08/2026 7:28:39,usr_msmvi6bs_y8nms,hora,NCFS000,ɔɾə,r.consonant,0,indiferent,no,si,ba
12/08/2026 7:28:40,usr_msmvi6bs_y8nms,hora,NCFS000,ɔɾə,r.consonant,0,indiferent,no,si,ba
12/08/2026 7:29:41,usr_msmvi6bs_y8nms,ora,NCFS000,oɾə,r.consonant,0,indiferent,no,si,va
12/08/2026 7:33:35,usr_msmvi6bs_y8nms,ura,***,***,r.consonant,0,indiferent,no,si,ca
12/08/2026 7:33:40,usr_msmvi6bs_y8nms,fretura,NCFS000,uɾə,r.consonant,0,indiferent,no,si,nw
12/08/2026 9:40:28,usr_msps4ujt_mcjr0,tombes,NCFP000,ombəs,r.consonant,0,indiferent,no,si,ca
12/08/2026 11:57:41,usr_mrw92o1u_osk4m,escapci,VMM03S0Y,apsi,r.consonant,0,indiferent,no,si,va
12/08/2026 11:58:39,usr_mrw92o1u_osk4m,sil·lepsi,NCFS000,ɛpsi,r.consonant,0,indiferent,no,si,va
12/08/2026 11:58:43,usr_msp5argc_wq4ja,enci,***,***,r.consonant,0,indiferent,no,si,ba
12/08/2026 11:58:47,usr_msp5argc_wq4ja,silenci,NCMS000,ɛnsi,r.consonant,0,indiferent,no,si,nw
12/08/2026 12:00:59,usr_mrw92o1u_osk4m,copsi,VMM03S0Y,ɔpsi,r.consonant,0,indiferent,no,si,ca
12/08/2026 12:03:01,usr_mrw92o1u_osk4m,eclipsi,NCMS000,ipsi,r.consonant,0,indiferent,no,si,nw
12/08/2026 12:03:51,usr_mrw92o1u_osk4m,copsi,VMM03S0Y,ɔpsi,r.consonant,0,indiferent,no,si,va
12/08/2026 12:04:22,usr_msp5argc_wq4ja,instant,NCMS000,an,r.consonant,0,indiferent,no,si,nw
12/08/2026 12:05:48,usr_mrw92o1u_osk4m,escup,VMIP3S00,up,r.consonant,0,indiferent,no,si,ca
12/08/2026 12:07:58,usr_mrw92o1u_osk4m,copsi,VMM03S0Y,ɔpsi,r.consonant,0,indiferent,no,si,va
12/08/2026 12:10:06,usr_mrw92o1u_osk4m,analepsi,NCFS000,epsi,r.consonant,0,indiferent,no,si,ca
12/08/2026 12:10:56,usr_mrw92o1u_osk4m,prolepsi,NCFS000,ɛpsi,r.consonant,0,indiferent,no,si,va
12/08/2026 12:11:58,usr_mrw92o1u_osk4m,escapci,VMM03S0Y,apsi,r.consonant,0,indiferent,no,si,va
12/08/2026 12:23:36,usr_msg99rht_qkano,teus,PX2MP0S0,ews,r.consonant,0,indiferent,no,si,nw
12/08/2026 12:26:28,usr_msg99rht_qkano,públic,NCMS000,ubblik,r.consonant,0,indiferent,no,si,va
12/08/2026 12:26:40,usr_msg99rht_qkano,púbic,AQ0MS0,uβik,r.consonant,0,indiferent,no,si,nw
12/08/2026 12:26:42,usr_msg99rht_qkano,púbic,AQ0MS0,uβik,r.consonant,0,indiferent,no,si,va
12/08/2026 12:27:08,usr_msg99rht_qkano,publi,NPMSSP0,ubbli,r.consonant,0,indiferent,no,si,nw
12/08/2026 12:27:24,usr_msg99rht_qkano,nuvi,NCMS000,uβi,r.consonant,0,indiferent,no,si,nw
12/08/2026 12:30:26,usr_msg99rht_qkano,greus,NCMP000,ews,r.consonant,0,indiferent,no,si,nw
12/08/2026 12:34:11,usr_msg99rht_qkano,danubi,NPCSG00,uβi,r.consonant,0,indiferent,no,si,ba
12/08/2026 12:37:01,usr_msg99rht_qkano,gom,***,***,r.consonant,0,indiferent,no,si,nw
12/08/2026 12:37:07,usr_msg99rht_qkano,rom,NCMS000,om,r.consonant,0,indiferent,no,si,nw
12/08/2026 13:14:18,usr_mspzru3u_l3efd,nit,NCFS000,it,r.consonant,0,indiferent,no,si,ba
12/08/2026 13:16:39,usr_mspzru3u_l3efd,partirà,VMIF3S00,a,r.consonant,0,indiferent,no,si,va
12/08/2026 13:31:55,usr_mspzru3u_l3efd,sabeu,NCMS000,ɛw,r.consonant,0,indiferent,no,si,ca
12/08/2026 13:41:31,usr_mspzru3u_l3efd,tots,NCMS000,ɛw,r.consonant,0,indiferent,no,si,ca
12/08/2026 14:18:01,usr_mspzru3u_l3efd,vengança,***,***,r.consonant,0,indiferent,no,si,va
12/08/2026 14:18:07,usr_mspzru3u_l3efd,venjança,NCFS000,ansə,r.consonant,0,indiferent,no,si,ba
12/08/2026 14:23:39,usr_msq291z8_0tqam,ipsi,***,***,r.consonant,0,indiferent,no,si,va
12/08/2026 14:23:58,usr_msq291z8_0tqam,ipci,***,***,r.consonant,0,indiferent,no,si,nw
12/08/2026 14:24:01,usr_msq291z8_0tqam,ipci,***,***,r.consonant,0,indiferent,no,si,va
12/08/2026 14:24:11,usr_msq291z8_0tqam,nera,***,***,r.consonant,0,indiferent,no,si,ba
12/08/2026 14:24:14,usr_msq291z8_0tqam,nera,***,***,r.consonant,0,indiferent,no,si,va
12/08/2026 14:31:46,usr_mspzru3u_l3efd,vos,P020P000,us,r.consonant,0,indiferent,no,si,va
12/08/2026 14:31:52,usr_mspzru3u_l3efd,vos,P020P000,us,r.consonant,0,indiferent,no,si,ca
12/08/2026 14:32:04,usr_mspzru3u_l3efd,vós,PP2CP00P,os,r.consonant,0,indiferent,no,si,nw
12/08/2026 14:42:28,usr_mspzru3u_l3efd,cent,NCCN000,en,r.consonant,0,indiferent,no,si,ca
12/08/2026 14:55:47,usr_mspzru3u_l3efd,carrossa,NCFS000,ɔsə,r.consonant,0,indiferent,no,si,nw
12/08/2026 15:36:36,usr_mrvbsrbf_amovo,prènsil,AQ0CS0,ɛnsil,r.consonant,0,indiferent,no,si,ba
12/08/2026 16:27:30,usr_msq6ob66_mh2zg,ànima,NCFS000,animə,r.consonant,0,indiferent,no,si,nw
12/08/2026 17:16:53,usr_msq8ft1n_s730w,ari,NCMS000,aɾi,r.consonant,0,indiferent,no,si,va
12/08/2026 17:17:22,usr_msq8gg98_c4bed,junt a ti,***,***,r.consonant,0,indiferent,no,si,nw
12/08/2026 17:17:27,usr_msq8gg98_c4bed,junt a ti,***,***,r.consonant,0,indiferent,no,si,ba
12/08/2026 17:44:14,usr_msq9f0pd_y5eng,fàcil,AQ0CS0,asil,r.consonant,0,indiferent,no,si,ca
12/08/2026 17:44:16,usr_msq9f0pd_y5eng,fàcil,AQ0CS0,asil,r.consonant,0,indiferent,no,si,ba
12/08/2026 17:44:32,usr_msq9f0pd_y5eng,fàcil,AQ0CS0,asil,r.consonant,0,indiferent,si,si,va
12/08/2026 17:44:35,usr_msq9f0pd_y5eng,fàcil,AQ0CS0,asil,r.consonant,0,indiferent,si,si,ca
12/08/2026 18:33:37,usr_msq8ft1n_s730w,creixer,***,***,r.consonant,0,indiferent,no,si,ca
12/08/2026 18:33:38,usr_msq8ft1n_s730w,creixer,***,***,r.consonant,0,indiferent,no,si,ba
12/08/2026 18:33:48,usr_msq8ft1n_s730w,créixer,VMN00000,eʃə,r.consonant,0,indiferent,no,si,nw
12/08/2026 18:35:57,usr_msq8ft1n_s730w,eixa,DD0FS0,eʃə,r.consonant,0,indiferent,no,si,ba
12/08/2026 18:36:03,usr_msq8ft1n_s730w,eixa,DD0FS0,eʃə,r.consonant,0,indiferent,no,si,nw
12/08/2026 18:36:12,usr_msq8ft1n_s730w,eixa,DD0FS0,eʃə,r.consonant,0,indiferent,no,si,ba
12/08/2026 18:36:21,usr_msq8ft1n_s730w,eixa,DD0FS0,eʃə,r.consonant,0,indiferent,no,si,va
12/08/2026 18:36:28,usr_msq8ft1n_s730w,eixar,***,***,r.consonant,0,indiferent,no,si,ca
12/08/2026 18:36:34,usr_msq8ft1n_s730w,eixa,DD0FS0,eʃə,r.consonant,0,indiferent,no,si,ba
12/08/2026 18:58:33,usr_mspzru3u_l3efd,mot,NCMS000,ot,r.consonant,0,indiferent,no,si,ba
12/08/2026 18:58:43,usr_mspzru3u_l3efd,mort,NCFS000,ɔrt,r.consonant,0,indiferent,no,si,ba
12/08/2026 18:59:16,usr_mspzru3u_l3efd,res,NCFS000,ɔrt,r.consonant,0,indiferent,no,si,ca
12/08/2026 19:00:12,usr_mspzru3u_l3efd,res,NCFS000,ɔrt,r.consonant,0,indiferent,no,si,nw
12/08/2026 19:00:22,usr_mspzru3u_l3efd,rés,***,***,r.consonant,0,indiferent,no,si,nw
12/08/2026 19:00:32,usr_mspzru3u_l3efd,res,***,***,r.consonant,0,indiferent,no,si,nw
12/08/2026 19:00:46,usr_mspzru3u_l3efd,res,***,***,r.consonant,0,indiferent,no,si,ca
12/08/2026 19:12:30,usr_mspzru3u_l3efd,missives,NCFP000,iβəs,r.consonant,0,indiferent,no,si,nw
12/08/2026 19:17:52,usr_mspzru3u_l3efd,cartes,NCFP000,artəs,r.consonant,0,indiferent,no,si,ba
12/08/2026 19:20:21,usr_mspzru3u_l3efd,missives,NCFP000,iβəs,r.consonant,0,indiferent,no,si,nw
12/08/2026 19:21:04,usr_mspzru3u_l3efd,missives,NCFP000,iβəs,r.consonant,0,indiferent,no,si,ba
12/08/2026 19:44:31,usr_mspzru3u_l3efd,los,DA0MP0,us,r.consonant,0,indiferent,no,si,va
12/08/2026 19:44:38,usr_mspzru3u_l3efd,los,DA0MP0,us,r.consonant,0,indiferent,no,si,nw
12/08/2026 19:44:47,usr_mspzru3u_l3efd,animar-los,***,***,r.consonant,0,indiferent,no,si,nw
12/08/2026 19:44:55,usr_mspzru3u_l3efd,los,DA0MP0,us,r.consonant,0,indiferent,no,si,ca
12/08/2026 19:47:13,usr_mspzru3u_l3efd,ànims,NCMP000,anims,r.consonant,0,indiferent,no,si,ca
12/08/2026 20:15:09,usr_mspzru3u_l3efd,rés,***,***,r.consonant,0,indiferent,no,si,ca
12/08/2026 20:15:11,usr_mspzru3u_l3efd,rés,***,***,r.consonant,0,indiferent,no,si,nw
12/08/2026 20:15:19,usr_mspzru3u_l3efd,res,***,***,r.consonant,0,indiferent,no,si,ba
12/08/2026 20:15:26,usr_mspzru3u_l3efd,rés,***,***,r.consonant,0,indiferent,no,si,nw
12/08/2026 22:16:40,usr_msqj5ber_it5ro,mes,NCMS000,es,r.consonant,0,indiferent,no,si,nw
12/08/2026 22:21:31,usr_ms7btuyi_nml4w,desapareix,VMIP3S00,ɛʃ,r.consonant,0,indiferent,no,si,ca
12/08/2026 22:23:51,usr_ms7btuyi_nml4w,vacacions,NCFP000,ons,r.consonant,0,indiferent,no,si,va
12/08/2026 22:25:36,usr_ms7btuyi_nml4w,esfuma,VMIP3S00,umə,r.consonant,0,indiferent,no,si,nw
12/08/2026 22:28:32,usr_ms7btuyi_nml4w,vacacions,NCFP000,ons,r.consonant,0,indiferent,no,si,va
12/08/2026 22:39:10,usr_ms7btuyi_nml4w,mort,NCFS000,ɔrt,r.consonant,0,indiferent,no,si,nw
12/08/2026 22:41:53,usr_msg99rht_qkano,junts,NCMP000,uns,r.consonant,0,indiferent,no,si,va
12/08/2026 22:42:30,usr_msg99rht_qkano,junt,NCMS000,un,r.consonant,0,indiferent,no,si,va
12/08/2026 22:44:41,usr_msg99rht_qkano,uns,DI0MP0,uns,r.consonant,0,indiferent,no,si,ba
12/08/2026 22:53:01,usr_msg99rht_qkano,amor,NCCS000,or,r.consonant,0,indiferent,no,si,nw
12/08/2026 22:54:09,usr_ms7btuyi_nml4w,dia,NCMS000,iə,r.consonant,0,indiferent,no,si,ca
12/08/2026 22:54:50,usr_msg99rht_qkano,no,NCMS000,o,r.consonant,0,indiferent,no,si,va
13/08/2026 0:31:05,usr_msqny7h3_wurqk,poble,NCMS000,ɔbblə,r.consonant,0,indiferent,no,si,ba
13/08/2026 0:31:55,usr_msqny7h3_wurqk,millor,AQ0CS0,o,r.consonant,0,indiferent,no,si,ba
13/08/2026 0:31:57,usr_msqny7h3_wurqk,millor,AQ0CS0,o,r.consonant,0,indiferent,no,si,nw
13/08/2026 0:32:52,usr_msqny7h3_wurqk,cansada,AQ0FS0,aðə,r.consonant,0,indiferent,no,si,nw
13/08/2026 0:32:54,usr_msqny7h3_wurqk,cansada,AQ0FS0,aðə,r.consonant,0,indiferent,no,si,ca
13/08/2026 0:37:17,usr_msqny7h3_wurqk,viure,NCMS000,iwɾə,r.consonant,0,indiferent,no,si,ba
13/08/2026 0:43:18,usr_msqny7h3_wurqk,viure,NCMS000,iwɾə,r.consonant,0,indiferent,si,si,nw
13/08/2026 3:35:28,usr_msqujbft_v0yav,mica en mica,***,***,r.consonant,0,indiferent,no,si,ca
13/08/2026 3:35:33,usr_msqujbft_v0yav,mica en mica,***,***,r.assonant,0,indiferent,no,si,nw
13/08/2026 3:35:33,usr_msqujbft_v0yav,mica en mica,***,***,r.assonant,0,indiferent,no,si,nw
13/08/2026 8:53:20,usr_ms78a4ki_37kmj,arros,***,***,r.consonant,0,indiferent,no,si,nw
13/08/2026 8:53:22,usr_ms78a4ki_37kmj,arros,***,***,r.consonant,0,indiferent,no,si,ba
13/08/2026 8:54:11,usr_ms78a4ki_37kmj,arròs,NCMS000,ɔs,r.consonant,0,indiferent,no,si,ca
13/08/2026 9:18:49,usr_mrxnkknn_p0dvm,sol,NCMS000,ɔl,r.consonant,0,indiferent,no,si,ca
13/08/2026 11:52:22,usr_msp4xqqb_4is44,cosa,NCFS000,ɔzə,r.consonant,0,indiferent,no,si,va
13/08/2026 12:02:53,usr_msp4xqqb_4is44,cap,NCCS000,ap,r.consonant,0,indiferent,no,si,ba
13/08/2026 12:07:06,usr_msp4xqqb_4is44,còmode,AQ0MS0,ɔmuðə,r.consonant,0,indiferent,no,si,ca
13/08/2026 12:08:43,usr_msp4xqqb_4is44,pera,NCFS000,ɛɾə,r.consonant,0,indiferent,no,si,ca
13/08/2026 12:09:11,usr_msp4xqqb_4is44,moleswt,***,***,r.consonant,0,indiferent,no,si,nw
13/08/2026 12:09:13,usr_msp4xqqb_4is44,molest,AQ0MS0,est,r.consonant,0,indiferent,no,si,nw
13/08/2026 12:10:49,usr_msp4xqqb_4is44,necessito,VMIP1S0C,itu,r.consonant,0,indiferent,no,si,va
13/08/2026 12:11:21,usr_msrcyqg3_swjbs,neu,NCFS000,ew,r.consonant,0,indiferent,no,si,ca
13/08/2026 12:11:25,usr_msp4xqqb_4is44,falta,NCFS000,altə,r.consonant,0,indiferent,no,si,ca
13/08/2026 12:13:38,usr_msrcyqg3_swjbs,neu,NCFS000,ew,r.consonant,0,indiferent,no,si,ba
13/08/2026 12:14:02,usr_msp4xqqb_4is44,llest,AQ0MS0,est,r.consonant,0,indiferent,no,si,ca
13/08/2026 12:22:50,usr_msp4xqqb_4is44,ningú,PI0CS000,u,r.consonant,0,indiferent,no,si,ca
13/08/2026 12:22:59,usr_ms7btuyi_nml4w,retorno,VMIP1S0C,ornu,r.consonant,0,indiferent,no,si,ba
13/08/2026 12:24:01,usr_ms7btuyi_nml4w,viatge,NCMS000,adʒə,r.consonant,0,indiferent,no,si,va
13/08/2026 12:27:59,usr_ms7btuyi_nml4w,cançó,NCFS000,o,r.consonant,0,indiferent,no,si,nw
13/08/2026 12:31:24,usr_msp4xqqb_4is44,parla,NCFS000,arlə,r.consonant,0,indiferent,no,si,va
13/08/2026 12:32:49,usr_msrcyqg3_swjbs,corder,NCMS000,e,r.consonant,0,indiferent,no,si,ba
13/08/2026 12:33:19,usr_ms7btuyi_nml4w,cançó,NCFS000,o,r.consonant,0,indiferent,no,si,ba
13/08/2026 12:36:11,usr_ms7btuyi_nml4w,meva,PX1FS0S0,eβə,r.consonant,0,indiferent,no,si,nw
13/08/2026 12:36:55,usr_ms7btuyi_nml4w,cos,NCMS000,ɔs,r.consonant,0,indiferent,no,si,va
13/08/2026 12:37:16,usr_ms7btuyi_nml4w,cos,NCMS000,ɔs,r.consonant,0,indiferent,no,si,nw
13/08/2026 12:37:26,usr_ms7btuyi_nml4w,cos,NCMS000,ɔs,r.consonant,0,indiferent,no,si,ba
13/08/2026 12:38:47,usr_ms7btuyi_nml4w,manela,NPFSSP0,ɛlə,r.consonant,0,indiferent,no,si,nw
13/08/2026 16:36:27,usr_msrmfnmt_xyu7q,inc,***,***,r.consonant,0,indiferent,no,si,ba
13/08/2026 16:36:30,usr_msrmfnmt_xyu7q,inc,***,***,r.consonant,0,indiferent,no,si,ca
13/08/2026 16:36:41,usr_msrmfnmt_xyu7q,inc,***,***,r.consonant,0,indiferent,no,si,ba
13/08/2026 16:36:50,usr_msrmfnmt_xyu7q,inc,***,***,r.consonant,0,indiferent,no,si,ba
13/08/2026 16:36:55,usr_msrmfnmt_xyu7q,cinc,NCCN000,iŋ,r.consonant,0,indiferent,no,si,va
13/08/2026 16:51:28,usr_msg99rht_qkano,sí,NCMS000,i,r.consonant,0,indiferent,no,si,ca
13/08/2026 16:51:35,usr_msg99rht_qkano,sí,NCMS000,i,r.consonant,0,indiferent,no,si,nw
13/08/2026 16:55:38,usr_mspzru3u_l3efd,mal,NCMS000,al,r.consonant,0,indiferent,no,si,ba
13/08/2026 17:09:08,usr_mspzru3u_l3efd,acostumat,AQ0MS0,at,r.consonant,0,indiferent,no,si,ca
13/08/2026 17:09:12,usr_mspzru3u_l3efd,acostumat,AQ0MS0,at,r.consonant,0,indiferent,no,si,nw
13/08/2026 17:27:29,usr_mslqdiqy_7eg62,calla,VMIP3S00,aʎə,r.consonant,0,indiferent,no,si,va
13/08/2026 18:26:02,usr_msrqclp9_s21wf,vist,VMP00SM0,i,r.assonant,0,indiferent,no,si,ca
13/08/2026 18:26:08,usr_msrqclp9_s21wf,vist,VMP00SM0,i,r.assonant,0,indiferent,si,si,nw
13/08/2026 18:26:15,usr_msrqclp9_s21wf,vist,VMP00SM0,ist,r.consonant,0,indiferent,si,si,va
13/08/2026 18:26:53,usr_msrqclp9_s21wf,ha vist,***,***,r.assonant,0,indiferent,si,si,nw
13/08/2026 18:27:06,usr_msrqclp9_s21wf,avís,NCMS000,is,r.consonant,0,indiferent,si,si,va
13/08/2026 18:29:19,usr_msrqclp9_s21wf,plata,NCFS000,atə,r.consonant,0,indiferent,si,si,nw
13/08/2026 18:53:29,usr_mspzru3u_l3efd,envoltori,***,***,r.consonant,0,indiferent,no,si,ba
13/08/2026 20:17:51,usr_mspzru3u_l3efd,estreta,NCFS000,ɛtə,r.consonant,0,indiferent,no,si,nw
13/08/2026 20:26:29,usr_ms10hzxl_mfwse,enfonsa,VMIP3S00,onzə,r.consonant,0,indiferent,no,si,ca
13/08/2026 20:26:39,usr_ms10hzxl_mfwse,enfonsa,VMIP3S00,oə,r.assonant,0,indiferent,no,si,ba
13/08/2026 20:26:43,usr_ms10hzxl_mfwse,enfonsa,VMIP3S00,oə,r.assonant,0,indiferent,si,si,ba
13/08/2026 20:33:41,usr_msruwr5u_3pop7,equil•libri,***,***,r.consonant,0,indiferent,no,si,nw
13/08/2026 20:33:46,usr_msruwr5u_3pop7,equil•libri,***,***,r.consonant,0,indiferent,no,si,nw
13/08/2026 20:33:56,usr_msruwr5u_3pop7,equilibri,NCMS000,iβɾi,r.consonant,0,indiferent,no,si,nw
13/08/2026 20:34:15,usr_msruwr5u_3pop7,sembla,VMIP3S00,ɛmblə,r.consonant,0,indiferent,no,si,ba
13/08/2026 20:39:58,usr_msp0hy35_dllt2,blaves,NCFP000,aβəs,r.consonant,0,indiferent,si,si,ba
13/08/2026 20:39:58,usr_msp0hy35_dllt2,blaves,NCFP000,aβəs,r.consonant,0,indiferent,si,si,va
13/08/2026 20:40:41,usr_msp0hy35_dllt2,acaba,VMIP3S00,aβə,r.consonant,0,indiferent,si,si,ba
13/08/2026 20:40:43,usr_msp0hy35_dllt2,acaba,VMIP3S00,aβə,r.consonant,0,indiferent,si,si,nw
13/08/2026 20:46:30,usr_msd66n6o_jw93a,meteorològic,AQ0MS0,ɔʒik,r.consonant,0,indiferent,no,si,va
13/08/2026 20:48:25,usr_msp0hy35_dllt2,trina,NCFS000,inə,r.consonant,0,indiferent,si,si,va
13/08/2026 20:49:07,usr_msruwr5u_3pop7,núvol,NCMS000,uβul,r.consonant,0,indiferent,no,si,ca
13/08/2026 20:49:22,usr_msd66n6o_jw93a,cunilingus,***,***,r.consonant,0,indiferent,no,si,va
13/08/2026 20:49:26,usr_msd66n6o_jw93a,cunnilingus,NCMN000,iŋɡus,r.consonant,0,indiferent,no,si,ca
13/08/2026 21:24:40,usr_msrwqbq9_1q87x,vols,NCMP000,ɔls,r.consonant,0,indiferent,no,si,va
13/08/2026 21:24:49,usr_msrqclp9_s21wf,admireu,VMIP2P00,ɛ,r.assonant,0,indiferent,si,si,ba
13/08/2026 21:25:04,usr_msrqclp9_s21wf,admireu,VMIP2P00,ɛ,r.assonant,0,indiferent,si,si,ba
13/08/2026 21:25:19,usr_msrqclp9_s21wf,admireu,VMIP2P00,ɛ,r.assonant,0,indiferent,si,si,ca
13/08/2026 21:26:19,usr_msrqclp9_s21wf,admireu,VMIP2P00,ɛ,r.assonant,0,indiferent,si,si,ba
13/08/2026 21:27:14,usr_msrqclp9_s21wf,admireu,VMIP2P00,ɛ,r.assonant,0,indiferent,no,si,va
13/08/2026 21:27:31,usr_msrqclp9_s21wf,admireu,VMIP2P00,ɛ,r.assonant,0,indiferent,no,si,va
13/08/2026 21:27:47,usr_msrqclp9_s21wf,admireu,VMIP2P00,ɛ,r.assonant,0,indiferent,no,si,ca
13/08/2026 21:28:01,usr_msrwqbq9_1q87x,dalt,NCMS000,al,r.consonant,0,indiferent,no,si,ca
13/08/2026 21:28:14,usr_msrqclp9_s21wf,admireu,VMIP2P00,ɛ,r.assonant,0,indiferent,no,si,nw
13/08/2026 21:29:16,usr_msrqclp9_s21wf,admireu,VMIP2P00,ɛ,r.assonant,0,indiferent,no,si,ca
13/08/2026 21:29:52,usr_msrqclp9_s21wf,admireu,VMIP2P00,ɛ,r.assonant,0,indiferent,no,si,ca
13/08/2026 21:40:27,usr_msrqclp9_s21wf,admireu,VMIP2P00,ɛ,r.assonant,0,indiferent,no,si,va
13/08/2026 21:41:07,usr_msrqclp9_s21wf,admireu,VMIP2P00,ɛ,r.assonant,0,indiferent,no,si,va
13/08/2026 21:45:14,usr_msrqclp9_s21wf,ell,PP3MSN00,eʎ,r.consonant,0,indiferent,no,si,ca
13/08/2026 21:46:59,usr_mspzru3u_l3efd,clar,NCMS000,a,r.consonant,0,indiferent,no,si,nw
13/08/2026 22:48:06,usr_mspzru3u_l3efd,victoria,***,***,r.consonant,0,indiferent,no,si,va
13/08/2026 23:48:25,usr_msrqclp9_s21wf,minut,NCMS000,ut,r.consonant,0,indiferent,no,si,nw
14/08/2026 0:49:43,usr_msrqclp9_s21wf,horitzó,NCMS000,o,r.consonant,0,indiferent,no,si,ba
14/08/2026 0:49:47,usr_msrqclp9_s21wf,horitzó,NCMS000,o,r.consonant,0,indiferent,no,si,va
14/08/2026 0:49:47,usr_msrqclp9_s21wf,horitzó,NCMS000,o,r.consonant,0,indiferent,no,si,ba
14/08/2026 0:49:55,usr_msrqclp9_s21wf,horitzó,NCMS000,o,r.consonant,0,indiferent,no,si,nw
14/08/2026 0:55:05,usr_msrqclp9_s21wf,horitzó,NCMS000,o,r.consonant,0,indiferent,no,si,ba
14/08/2026 0:56:23,usr_mss4al5y_mrbfg,rumb,NCMS000,um,r.consonant,0,indiferent,no,si,va
14/08/2026 8:42:48,usr_msg9zg8t_9tkmy,ruiz,NPCNSP0,iθ,r.consonant,0,indiferent,no,si,ca
14/08/2026 8:42:51,usr_msg9zg8t_9tkmy,ruiz,NPCNSP0,iθ,r.consonant,0,indiferent,no,si,va
14/08/2026 8:42:56,usr_msg9zg8t_9tkmy,doblas,***,***,r.consonant,0,indiferent,no,si,ca
14/08/2026 8:42:58,usr_msg9zg8t_9tkmy,doblas,***,***,r.consonant,0,indiferent,no,si,nw
14/08/2026 8:43:12,usr_msg9zg8t_9tkmy,coblas,***,***,r.consonant,0,indiferent,no,si,ba
14/08/2026 8:43:15,usr_msg9zg8t_9tkmy,coblas,***,***,r.consonant,0,indiferent,no,si,ca
14/08/2026 8:46:16,usr_msg9zg8t_9tkmy,catalana,NCFS000,anə,r.consonant,0,indiferent,no,si,va
14/08/2026 8:54:04,usr_msdl7g2a_299o9,llum,NCCS000,um,r.consonant,0,indiferent,no,si,ca
14/08/2026 9:01:00,usr_msg9zg8t_9tkmy,infantil,AQ0CS0,il,r.consonant,0,indiferent,no,si,ca
14/08/2026 9:02:04,usr_msg9zg8t_9tkmy,major,NCCS000,o,r.consonant,0,indiferent,no,si,va
14/08/2026 9:39:31,usr_mspzru3u_l3efd,sorprès,VMP00SM0,ɛs,r.consonant,0,indiferent,no,si,ca
14/08/2026 9:46:44,usr_mspzru3u_l3efd,pàñid,***,***,r.consonant,0,indiferent,no,si,nw
14/08/2026 9:46:49,usr_mspzru3u_l3efd,pàlid,***,***,r.consonant,0,indiferent,no,si,ca
14/08/2026 9:47:00,usr_mspzru3u_l3efd,pàlid,***,***,r.consonant,0,indiferent,no,si,va
14/08/2026 9:47:13,usr_mspzru3u_l3efd,pàlid,***,***,r.consonant,0,indiferent,no,si,ca
14/08/2026 9:47:51,usr_mspzru3u_l3efd,pàlid,***,***,r.consonant,0,indiferent,no,si,ba
14/08/2026 9:51:46,usr_mspzru3u_l3efd,llençol,NCMS000,ɔl,r.consonant,0,indiferent,no,si,ca
14/08/2026 10:49:52,usr_mspzru3u_l3efd,galanteria,NCFS000,iə,r.consonant,0,indiferent,no,si,va
14/08/2026 11:05:45,usr_mspzru3u_l3efd,mutis,NCMN000,utis,r.consonant,0,indiferent,no,si,ba
14/08/2026 12:57:09,usr_msiz02lz_915tz,llista,NCFS000,istə,r.consonant,0,indiferent,no,si,va
14/08/2026 12:57:10,usr_msiz02lz_915tz,llista,NCFS000,istə,r.consonant,0,indiferent,no,si,nw
14/08/2026 13:04:03,usr_mssuadb2_fcald,fantàstic,AQ0MS0,astik,r.consonant,0,indiferent,no,si,ca
14/08/2026 13:14:28,usr_msrqclp9_s21wf,mireu,VMIP2P00,ɛw,r.consonant,0,indiferent,no,si,nw
14/08/2026 13:15:24,usr_mssupa2q_5mbmz,dintre,NCMS000,intɾə,r.consonant,0,indiferent,no,si,ca
14/08/2026 13:27:27,usr_msrqclp9_s21wf,mireu,VMIP2P00,ɛ,r.assonant,0,indiferent,no,si,nw
14/08/2026 13:27:28,usr_msrqclp9_s21wf,mireu,VMIP2P00,ɛ,r.assonant,0,indiferent,no,si,va
14/08/2026 13:27:41,usr_msrqclp9_s21wf,mireu,VMIP2P00,ɛ,r.assonant,0,indiferent,no,si,ca
14/08/2026 13:27:57,usr_msrqclp9_s21wf,mireu,VMIP2P00,ɛ,r.assonant,0,indiferent,no,si,nw
14/08/2026 13:28:19,usr_msrqclp9_s21wf,mireu,VMIP2P00,ɛ,r.assonant,0,indiferent,no,si,nw
14/08/2026 13:28:46,usr_msrqclp9_s21wf,mireu,VMIP2P00,ɛ,r.assonant,0,indiferent,no,si,va
14/08/2026 13:29:29,usr_msrqclp9_s21wf,mireu,VMIP2P00,ɛ,r.assonant,0,indiferent,no,si,va
14/08/2026 13:29:38,usr_msiz02lz_915tz,ulls,NCMP000,uʎs,r.consonant,0,indiferent,no,si,nw
14/08/2026 13:29:55,usr_msrqclp9_s21wf,mireu,VMIP2P00,ɛ,r.assonant,0,indiferent,no,si,va
14/08/2026 13:30:43,usr_msrqclp9_s21wf,mireu,VMIP2P00,ɛ,r.assonant,0,indiferent,no,si,ba
14/08/2026 13:31:31,usr_msrqclp9_s21wf,mireu,VMIP2P00,ɛ,r.assonant,0,indiferent,no,si,nw
14/08/2026 14:09:56,usr_ms30ykab_igd1i,aliena,AQ0FS0,ɛnə,r.consonant,3,indiferent,no,si,va
14/08/2026 15:28:55,usr_mrxrmps0_cv8p5,opinió,NCFS000,o,r.consonant,2,indiferent,no,si,va
14/08/2026 15:41:46,usr_msszx7le_wmju4,cosa,NCFS000,ɔzə,r.consonant,0,indiferent,no,si,ca
14/08/2026 15:42:10,usr_msszx7le_wmju4,cosa,NCFS000,ɔzə,r.consonant,0,indiferent,no,si,va
14/08/2026 15:42:56,usr_msszyozd_0wer6,marcel·lí,NPMSSP0,i,r.consonant,0,indiferent,no,si,ca
14/08/2026 16:15:28,usr_ms78a4ki_37kmj,coca,NCFS000,okə,r.consonant,0,indiferent,no,si,ca
14/08/2026 16:17:30,usr_ms78a4ki_37kmj,vacances,NCFP000,ansəs,r.consonant,0,indiferent,no,si,ca
14/08/2026 16:20:59,usr_ms78a4ki_37kmj,barcelona,NPFSG00,onə,r.consonant,0,indiferent,no,si,nw
14/08/2026 16:23:07,usr_ms78a4ki_37kmj,panxa,NCFS000,anʃə,r.consonant,0,indiferent,no,si,ba
14/08/2026 16:23:45,usr_ms78a4ki_37kmj,balances,NCFP000,ansəs,r.consonant,0,indiferent,no,si,nw
14/08/2026 16:24:40,usr_ms78a4ki_37kmj,barcelona,NPFSG00,onə,r.consonant,0,indiferent,no,si,ba
14/08/2026 16:29:45,usr_ms78a4ki_37kmj,coca,NCFS000,okə,r.consonant,0,indiferent,no,si,ca
14/08/2026 16:31:56,usr_ms78a4ki_37kmj,ost,***,***,r.consonant,0,indiferent,no,si,ba
14/08/2026 16:31:59,usr_ms78a4ki_37kmj,agost,NCMS000,ost,r.consonant,0,indiferent,no,si,ba
14/08/2026 16:36:45,usr_msszyozd_0wer6,peus,NCMP000,ɛws,r.consonant,0,indiferent,no,si,ba
14/08/2026 16:42:44,usr_msszyozd_0wer6,jubilat,NCMS000,at,r.consonant,0,indiferent,no,si,va
14/08/2026 16:45:28,usr_msszyozd_0wer6,faixes,NCFP000,aʃəs,r.consonant,0,indiferent,no,si,nw
14/08/2026 16:45:41,usr_msszyozd_0wer6,moixiganguers,***,***,r.consonant,0,indiferent,no,si,nw
14/08/2026 16:45:42,usr_msszyozd_0wer6,moixiganguers,***,***,r.consonant,0,indiferent,no,si,va
14/08/2026 16:45:51,usr_msszyozd_0wer6,castellers,NCMP000,es,r.consonant,0,indiferent,no,si,nw
14/08/2026 16:46:03,usr_msszyozd_0wer6,boines,NCFP000,ɔjnəs,r.consonant,0,indiferent,no,si,nw
14/08/2026 16:46:15,usr_msszyozd_0wer6,boina,NCFS000,ɔjnə,r.consonant,0,indiferent,no,si,ba
14/08/2026 16:46:16,usr_msszyozd_0wer6,boina,NCFS000,ɔjnə,r.consonant,0,indiferent,no,si,va
14/08/2026 16:46:32,usr_msszyozd_0wer6,senyera,NCFS000,eɾə,r.consonant,0,indiferent,no,si,ca
14/08/2026 16:48:15,usr_msszyozd_0wer6,balcó,NCMS000,o,r.consonant,0,indiferent,no,si,nw
14/08/2026 16:48:19,usr_msszyozd_0wer6,balcó,NCMS000,o,r.consonant,0,indiferent,no,si,ca
14/08/2026 17:03:48,usr_mst2uotk_cov0c,seny,NCMS000,ɛɲ,r.consonant,0,indiferent,no,si,ca
14/08/2026 17:03:51,usr_mst2uotk_cov0c,seny,NCMS000,ɛ,r.assonant,0,indiferent,no,si,va
14/08/2026 17:07:54,usr_mspzru3u_l3efd,exagerat,NCMS000,at,r.consonant,0,indiferent,no,si,ba
14/08/2026 17:08:53,usr_ms633znc_ze8oz,trist,NCMS000,ist,r.consonant,0,indiferent,no,si,nw
14/08/2026 17:12:09,usr_ms633znc_ze8oz,llis,AQ0MS0,is,r.consonant,0,indiferent,no,si,ca
14/08/2026 17:19:47,usr_mrxrmps0_cv8p5,diu,NCMS000,iw,r.consonant,2,indiferent,no,si,ca
14/08/2026 17:19:54,usr_mrxrmps0_cv8p5,diu,NCMS000,iw,r.consonant,1,indiferent,no,si,ba
14/08/2026 17:21:51,usr_mrxrmps0_cv8p5,diu,NCMS000,iw,r.consonant,2,indiferent,no,si,va
14/08/2026 18:04:08,usr_msiz02lz_915tz,ulls,NCMP000,uʎs,r.consonant,0,indiferent,no,si,nw
14/08/2026 18:40:11,usr_mst6an9v_uws6h,casa,NCFS000,azə,r.consonant,0,indiferent,no,si,va
14/08/2026 19:01:20,usr_mst71toh_2uagl,fum,NCMS000,u,r.assonant,0,indiferent,no,no,ca
14/08/2026 19:14:24,usr_mspzru3u_l3efd,saber,NCMS000,ɛ,r.consonant,0,indiferent,no,si,ba
14/08/2026 19:16:36,usr_mspzru3u_l3efd,victòria,NCFS000,ɔɾiə,r.consonant,0,indiferent,no,si,nw
14/08/2026 19:24:58,usr_mspzru3u_l3efd,enamorat,NCMS000,at,r.consonant,0,indiferent,no,si,nw
14/08/2026 21:05:49,usr_mst71toh_2uagl,nevera,NCFS000,eə,r.assonant,0,indiferent,no,no,va
14/08/2026 21:06:43,usr_mst71toh_2uagl,nevera,NCFS000,eə,r.assonant,0,indiferent,no,no,ba
14/08/2026 21:32:09,usr_msp0hy35_dllt2,cabrera,NCFS000,eɾə,r.consonant,0,indiferent,no,si,ca
14/08/2026 22:49:36,usr_mstf7dyi_1wd86,mediocre,AQ0CS0,ɔkɾə,r.consonant,0,indiferent,si,si,va
14/08/2026 22:49:48,usr_mstf7dyi_1wd86,soca,NCFS000,ɔkə,r.consonant,0,indiferent,si,si,va
14/08/2026 22:50:13,usr_mstf7dyi_1wd86,soca,NCFS000,ɔkə,r.consonant,0,indiferent,no,si,va
14/08/2026 22:51:22,usr_mstf7dyi_1wd86,anyoc,NCMS000,ɔk,r.consonant,0,indiferent,no,si,va
14/08/2026 22:52:53,usr_mstfbme9_z9xrn,pandero,NCMS000,ɛɾu,r.consonant,0,indiferent,no,si,nw
14/08/2026 22:53:05,usr_mstfbme9_z9xrn,pandero,NCMS000,ɛu,r.assonant,0,indiferent,no,si,ca
14/08/2026 22:53:15,usr_mstfbme9_z9xrn,pandero,NCMS000,ɛɾu,r.consonant,0,indiferent,no,si,va
14/08/2026 22:53:30,usr_mstfbme9_z9xrn,ebro,***,***,r.consonant,0,indiferent,no,si,nw
14/08/2026 22:53:38,usr_mstfbme9_z9xrn,celebro,VMIP1S0C,eβɾu,r.consonant,0,indiferent,no,si,va
14/08/2026 22:53:59,usr_mstfbme9_z9xrn,pandero,NCMS000,ɛɾu,r.consonant,0,indiferent,no,si,nw
14/08/2026 22:56:39,usr_mstfbme9_z9xrn,dia,NCMS000,iə,r.consonant,0,indiferent,no,si,ca
14/08/2026 23:10:32,usr_ms6gfnsa_ot8rk,guix,NCMS000,iʃ,r.consonant,0,indiferent,no,si,va
14/08/2026 23:10:45,usr_ms6gfnsa_ot8rk,sobreix,***,***,r.consonant,0,indiferent,no,si,ba
14/08/2026 23:11:28,usr_mstfzi2g_6wtgi,mallorca,NPFSG00,ɔrkə,r.consonant,0,indiferent,no,si,ca
14/08/2026 23:11:55,usr_mstfzi2g_6wtgi,festes,NCFP000,estəs,r.consonant,0,indiferent,no,si,ba
14/08/2026 23:13:08,usr_mstfzi2g_6wtgi,mai,ZRG,aj,r.consonant,0,indiferent,no,si,va
14/08/2026 23:21:50,usr_mstfzi2g_6wtgi,saludable,AQ0CS0,abblə,r.consonant,0,indiferent,no,si,nw
14/08/2026 23:25:58,usr_msohco2a_i8q7x,entomo,VMIP1S0C,ɔmu,r.consonant,0,indiferent,no,si,nw
14/08/2026 23:28:53,usr_mstfzi2g_6wtgi,salut,NCMS000,ut,r.consonant,0,indiferent,no,si,ca
14/08/2026 23:32:47,usr_mstfzi2g_6wtgi,maria,NCFS000,iə,r.consonant,0,indiferent,no,si,ca
14/08/2026 23:33:02,usr_mstfzi2g_6wtgi,maria,NCFS000,iə,r.consonant,0,indiferent,no,si,va
14/08/2026 23:33:19,usr_mstfzi2g_6wtgi,alegria,NCFS000,iə,r.consonant,0,indiferent,no,si,ca
14/08/2026 23:33:32,usr_mstfzi2g_6wtgi,alegria,NCFS000,iə,r.consonant,0,indiferent,no,si,nw
14/08/2026 23:33:43,usr_mstfzi2g_6wtgi,alegria,NCFS000,iə,r.consonant,0,indiferent,no,si,ba
14/08/2026 23:34:19,usr_mstfzi2g_6wtgi,dia,NCMS000,iə,r.consonant,0,indiferent,no,si,ca
14/08/2026 23:34:31,usr_mstfzi2g_6wtgi,dia,NCMS000,iə,r.consonant,0,indiferent,no,si,ba
14/08/2026 23:34:53,usr_mstfzi2g_6wtgi,dia,NCMS000,iə,r.consonant,0,indiferent,no,si,ca
14/08/2026 23:35:26,usr_mstfzi2g_6wtgi,dia,NCMS000,iə,r.consonant,0,indiferent,no,si,va
14/08/2026 23:35:55,usr_mstfzi2g_6wtgi,dia,NCMS000,iə,r.consonant,0,indiferent,no,si,va
15/08/2026 1:26:06,usr_mstfbme9_z9xrn,alla,***,***,r.consonant,0,indiferent,no,si,nw
15/08/2026 1:26:27,usr_mstfbme9_z9xrn,pantalla,NCFS000,aʎə,r.consonant,0,indiferent,no,si,ca
15/08/2026 1:31:54,usr_mstfbme9_z9xrn,olla,NCFS000,ɔʎə,r.consonant,0,indiferent,no,si,nw
15/08/2026 1:41:14,usr_mstfbme9_z9xrn,pantalla,NCFS000,aʎə,r.consonant,0,indiferent,no,si,ba
15/08/2026 1:41:48,usr_mstfbme9_z9xrn,alegria,NCFS000,iə,r.consonant,0,indiferent,no,si,va
15/08/2026 1:42:29,usr_mstfbme9_z9xrn,ment,NCFS000,en,r.consonant,0,indiferent,no,si,ba
15/08/2026 8:26:08,usr_mstzstem_9g91s,suor,NCFS000,o,r.consonant,0,indiferent,si,si,nw
15/08/2026 8:45:00,usr_msu0h30t_82e8u,cinc,NCCN000,iŋ,r.consonant,0,indiferent,no,si,va
15/08/2026 8:59:31,usr_msmvi6bs_y8nms,ona,NCFS000,onə,r.consonant,0,indiferent,no,no,nw
15/08/2026 8:59:56,usr_msmvi6bs_y8nms,ona,NCFS000,onə,r.consonant,5,indiferent,no,no,ca
15/08/2026 9:01:56,usr_msmvi6bs_y8nms,ona,NCFS000,onə,r.consonant,4,indiferent,no,no,ba
15/08/2026 9:03:54,usr_msmvi6bs_y8nms,ona,NCFS000,onə,r.consonant,5,indiferent,no,no,nw
15/08/2026 9:55:08,usr_mslqdiqy_7eg62,ruiz,NPCNSP0,iθ,r.consonant,0,indiferent,no,si,ca
15/08/2026 9:55:12,usr_mslqdiqy_7eg62,rui,***,***,r.consonant,0,indiferent,no,si,nw
15/08/2026 9:55:14,usr_mslqdiqy_7eg62,ui,ZI,uj,r.consonant,0,indiferent,no,si,ca
15/08/2026 9:55:45,usr_mslqdiqy_7eg62,junts,NCMP000,uns,r.consonant,0,indiferent,no,si,ca
15/08/2026 10:00:28,usr_mslqdiqy_7eg62,salt,NCMS000,al,r.consonant,0,indiferent,no,si,ca
15/08/2026 10:01:08,usr_msu36zsd_zcvnx,folch,***,***,r.consonant,0,indiferent,no,si,nw
15/08/2026 10:01:11,usr_msu36zsd_zcvnx,folch,***,***,r.consonant,0,indiferent,no,si,va
15/08/2026 10:01:14,usr_msu36zsd_zcvnx,folch,***,***,r.consonant,0,indiferent,no,si,ca
15/08/2026 10:01:25,usr_msu36zsd_zcvnx,folch,***,***,r.consonant,0,indiferent,no,si,ba
15/08/2026 10:01:48,usr_mslqdiqy_7eg62,partit,NCMS000,it,r.consonant,0,indiferent,no,si,ba
15/08/2026 10:04:24,usr_mslqdiqy_7eg62,catalana,NCFS000,anə,r.consonant,0,indiferent,no,si,ca
15/08/2026 10:05:45,usr_mslqdiqy_7eg62,veig,VMIP1S00,ɛtʃ,r.consonant,0,indiferent,no,si,ca
15/08/2026 10:06:04,usr_mslqdiqy_7eg62,diu,NCMS000,iw,r.consonant,0,indiferent,no,si,nw
15/08/2026 11:16:27,usr_msu5vvdp_pm5q3,miner,NCMS000,e,r.consonant,0,indiferent,no,si,ba
15/08/2026 11:19:12,usr_msu5vvdp_pm5q3,xiquets,NCMP000,ɛts,r.consonant,0,indiferent,no,si,va
15/08/2026 11:26:04,usr_msu5vvdp_pm5q3,negra,NCFS000,ɛɣɾə,r.consonant,0,indiferent,no,si,ca
15/08/2026 11:27:04,usr_msu5vvdp_pm5q3,negra,NCFS000,ɛə,r.assonant,0,indiferent,no,si,ba
15/08/2026 11:40:36,usr_msu5vvdp_pm5q3,toballola,***,***,r.assonant,0,indiferent,no,si,ca
15/08/2026 11:40:40,usr_msu5vvdp_pm5q3,toballola,***,***,r.consonant,0,indiferent,no,si,ca
15/08/2026 11:40:41,usr_msu5vvdp_pm5q3,toballola,***,***,r.consonant,0,indiferent,no,si,ca
15/08/2026 11:41:07,usr_msu5vvdp_pm5q3,tovallola,NCFS000,ɔlə,r.consonant,0,indiferent,no,si,ba
15/08/2026 12:10:16,usr_msd66n6o_jw93a,baixa,NCFS000,aʃə,r.consonant,0,indiferent,no,si,va
15/08/2026 12:48:33,usr_ms0wbtzx_absdx,casa,NCFS000,azə,r.consonant,0,indiferent,no,si,ca
15/08/2026 13:57:09,usr_ms7pegh6_nl1yr,fosc,AQ0MS0,o,r.assonant,1,indiferent,no,si,va
15/08/2026 13:57:43,usr_ms7pegh6_nl1yr,fosc,AQ0MS0,o,r.assonant,1,indiferent,no,si,nw
15/08/2026 15:05:56,usr_ms7pegh6_nl1yr,foscor,NCFS000,o,r.assonant,1,indiferent,no,si,nw
15/08/2026 15:25:42,usr_ms08dbgw_c6iss,irraciona,***,***,r.consonant,0,indiferent,no,si,nw
15/08/2026 15:25:44,usr_ms08dbgw_c6iss,irracional,AQ0CS0,al,r.consonant,0,indiferent,no,si,ba
15/08/2026 16:00:18,usr_msszyozd_0wer6,espanyoles,NCFP000,ɔləs,r.consonant,0,indiferent,no,si,ba
15/08/2026 16:04:45,usr_msszyozd_0wer6,persiana,NCFS000,anə,r.consonant,0,indiferent,no,si,ba
15/08/2026 16:04:53,usr_msszyozd_0wer6,persiana,NCFS000,anə,r.consonant,0,indiferent,no,si,ca
15/08/2026 17:19:54,usr_msuiv89h_y3gz8,carta,NCFS000,artə,r.consonant,0,indiferent,no,si,ba
15/08/2026 17:20:15,usr_msuiv89h_y3gz8,radi,NCMS000,aði,r.consonant,0,indiferent,no,si,va
15/08/2026 17:27:47,usr_msuj5e4x_wokyh,ança,***,***,r.consonant,0,indiferent,no,si,ca
15/08/2026 17:27:56,usr_msuj5e4x_wokyh,ança,***,***,r.consonant,0,indiferent,no,si,nw
15/08/2026 17:28:10,usr_msuj5e4x_wokyh,ansa,NCFS000,ansə,r.consonant,0,indiferent,no,si,ca
15/08/2026 17:36:32,usr_msujgsb9_e6jj1,sobren,VMIP3P00,ɔβɾən,r.consonant,0,indiferent,no,si,nw
15/08/2026 17:37:21,usr_msujgsb9_e6jj1,dia,NCMS000,iə,r.consonant,0,indiferent,no,si,va
15/08/2026 17:39:07,usr_msujgsb9_e6jj1,polvorin,***,***,r.consonant,0,indiferent,no,si,va
15/08/2026 17:39:14,usr_msujgsb9_e6jj1,polvorín,***,***,r.consonant,0,indiferent,no,si,va
15/08/2026 17:40:08,usr_msujgsb9_e6jj1,temps,NCMN000,ems,r.consonant,0,indiferent,no,si,nw
15/08/2026 17:43:50,usr_msujgsb9_e6jj1,seim,***,***,r.consonant,0,indiferent,no,si,ca
15/08/2026 17:43:52,usr_msujgsb9_e6jj1,seim,***,***,r.consonant,0,indiferent,no,si,ba
15/08/2026 17:44:01,usr_msujgsb9_e6jj1,im,***,***,r.consonant,0,indiferent,no,si,ca
15/08/2026 17:44:02,usr_msujgsb9_e6jj1,im,***,***,r.consonant,0,indiferent,no,si,ba
15/08/2026 17:48:59,usr_msuj5e4x_wokyh,eina,NCFS000,ɛjnə,r.consonant,0,indiferent,no,si,va
15/08/2026 17:53:54,usr_msuj5e4x_wokyh,àlia,***,***,r.consonant,0,indiferent,no,si,ca
15/08/2026 17:53:55,usr_msuj5e4x_wokyh,àlia,***,***,r.consonant,0,indiferent,no,si,nw
15/08/2026 17:54:03,usr_msuj5e4x_wokyh,àlia,***,***,r.consonant,0,indiferent,no,si,ba
15/08/2026 17:55:14,usr_msuj5e4x_wokyh,alia,VMIP3S00,iə,r.consonant,0,indiferent,no,si,va
15/08/2026 17:55:17,usr_msuj5e4x_wokyh,alia,VMIP3S00,iə,r.consonant,0,indiferent,no,si,va
15/08/2026 19:27:19,usr_msunf44s_xg77s,fa,NCMS000,a,r.consonant,0,indiferent,no,si,ba
15/08/2026 19:27:27,usr_msunf44s_xg77s,fa,NCMS000,a,r.consonant,0,indiferent,no,si,ba
15/08/2026 19:37:29,usr_msuns6th_qe9dl,eclipsi,NCMS000,ipsi,r.consonant,0,indiferent,no,si,ba
15/08/2026 20:28:04,usr_ms7btuyi_nml4w,canvia,VMIP3S00,iə,r.consonant,0,indiferent,no,si,ca
15/08/2026 20:48:27,usr_ms7btuyi_nml4w,jo,NCMS000,ɔ,r.consonant,0,indiferent,no,si,nw
15/08/2026 20:50:15,usr_ms7btuyi_nml4w,viure,NCMS000,iwɾə,r.consonant,0,indiferent,no,si,va
15/08/2026 21:06:02,usr_ms7btuyi_nml4w,tu,PP2CSN00,u,r.consonant,0,indiferent,no,si,ca
15/08/2026 21:13:36,usr_ms7btuyi_nml4w,ales,NCFP000,aləs,r.consonant,0,indiferent,no,si,ba
15/08/2026 21:15:42,usr_ms7btuyi_nml4w,mà,NCFS000,a,r.consonant,0,indiferent,no,si,ca
15/08/2026 21:24:13,usr_ms7btuyi_nml4w,més,NCMN000,es,r.consonant,0,indiferent,no,si,va
15/08/2026 21:26:26,usr_ms7btuyi_nml4w,sento,VMIP1S0C,entu,r.consonant,0,indiferent,no,si,ba
15/08/2026 21:26:27,usr_ms7btuyi_nml4w,sento,VMIP1S0C,entu,r.consonant,0,indiferent,no,si,ca
15/08/2026 21:29:44,usr_ms7btuyi_nml4w,cos,VMIP1S0C,entu,r.consonant,0,indiferent,no,si,ba
15/08/2026 21:29:59,usr_ms7btuyi_nml4w,cos,VMIP1S0C,entu,r.consonant,0,indiferent,no,si,va
15/08/2026 21:30:07,usr_ms7btuyi_nml4w,cos,NCMS000,ɔs,r.consonant,0,indiferent,no,si,ba
15/08/2026 21:30:11,usr_ms7btuyi_nml4w,cos,NCMS000,ɔs,r.consonant,0,indiferent,no,si,nw
15/08/2026 21:31:49,usr_ms7btuyi_nml4w,descobert,NCMS000,ɛrt,r.consonant,0,indiferent,no,si,nw
15/08/2026 21:47:50,usr_ms7btuyi_nml4w,parles,NCFP000,arləs,r.consonant,0,indiferent,no,si,ca
15/08/2026 21:48:24,usr_ms7btuyi_nml4w,miro,VMIP1S0C,iɾu,r.consonant,0,indiferent,no,si,ca
15/08/2026 21:52:29,usr_msgcfwg5_qo6iz,rriols,***,***,r.consonant,0,indiferent,no,si,nw
15/08/2026 21:52:31,usr_msgcfwg5_qo6iz,ols,VMIP2S00,ɔls,r.consonant,0,indiferent,no,si,va
15/08/2026 21:53:53,usr_ms7btuyi_nml4w,llavis,NCMP000,aβis,r.consonant,0,indiferent,no,si,va
15/08/2026 21:56:58,usr_ms0ddo11_cndf5,paisatges,NCMP000,adʒəs,r.consonant,0,indiferent,no,si,nw
15/08/2026 21:57:04,usr_ms0ddo11_cndf5,muntanyes,NCFP000,aɲəs,r.consonant,0,indiferent,no,si,va
15/08/2026 21:58:36,usr_ms7btuyi_nml4w,món,NCMS000,on,r.consonant,0,indiferent,no,si,ca
15/08/2026 22:00:33,usr_ms7btuyi_nml4w,perdre,VMN00000,ɛrðɾə,r.consonant,0,indiferent,no,si,va
15/08/2026 22:00:46,usr_ms7btuyi_nml4w,concebre,VMN00000,ɛβɾə,r.consonant,0,indiferent,no,si,nw
15/08/2026 22:02:35,usr_ms7btuyi_nml4w,tu,PP2CSN00,u,r.consonant,0,indiferent,no,si,ba
15/08/2026 22:06:09,usr_ms7btuyi_nml4w,estrella,NCFS000,eʎə,r.consonant,0,indiferent,no,si,ba
15/08/2026 22:16:30,usr_ms7btuyi_nml4w,soni,VMM03S0Y,ɔni,r.consonant,0,indiferent,no,si,ba
15/08/2026 22:16:50,usr_ms0ddo11_cndf5,van,VAIP3P00,an,r.consonant,0,indiferent,no,si,ca
15/08/2026 22:18:23,usr_ms0ddo11_cndf5,pinzell,NCMS000,eʎ,r.consonant,0,indiferent,no,si,nw
15/08/2026 22:23:05,usr_msgcfwg5_qo6iz,bles,***,***,r.consonant,0,indiferent,no,si,ca
15/08/2026 22:23:08,usr_msgcfwg5_qo6iz,les,AQ0MS0,əs,r.consonant,0,indiferent,no,si,ba
15/08/2026 22:23:25,usr_msgcfwg5_qo6iz,diables,NCMP000,abbləs,r.consonant,0,indiferent,no,si,ba
15/08/2026 22:25:38,usr_ms7btuyi_nml4w,sencera,AQ0FS0,ɛɾə,r.consonant,0,indiferent,no,si,ba
15/08/2026 22:26:07,usr_ms7btuyi_nml4w,tota,DI0FS0,otə,r.consonant,0,indiferent,no,si,va
15/08/2026 22:31:06,usr_ms0ddo11_cndf5,pintor,NCMS000,o,r.consonant,0,indiferent,no,si,nw
15/08/2026 22:36:20,usr_ms7btuyi_nml4w,toques,NCFP000,ɔkəs,r.consonant,0,indiferent,no,si,ba
15/08/2026 22:45:28,usr_msuuhwov_3ob9k,filles,NCFP000,iʎəs,r.consonant,0,indiferent,no,si,va
15/08/2026 22:48:36,usr_ms7btuyi_nml4w,esborri,VMM03S0Y,ori,r.consonant,0,indiferent,no,si,ba
15/08/2026 22:54:22,usr_mstf7dyi_1wd86,calavera,NCCS000,eɾə,r.consonant,0,indiferent,no,si,va
15/08/2026 22:56:23,usr_ms7pegh6_nl1yr,neu,NCFS000,ew,r.consonant,1,indiferent,no,si,ca
15/08/2026 22:57:02,usr_ms7pegh6_nl1yr,neu,NCFS000,ew,r.consonant,2,indiferent,no,si,va
15/08/2026 22:57:18,usr_ms7pegh6_nl1yr,neu,NCFS000,ew,r.consonant,3,indiferent,no,si,ca
15/08/2026 22:57:38,usr_ms7pegh6_nl1yr,neu,NCFS000,e,r.assonant,1,indiferent,no,si,va
16/08/2026 0:12:00,usr_ms0ddo11_cndf5,bonica,AQ0FS0,ikə,r.consonant,0,indiferent,no,si,va
16/08/2026 0:12:26,usr_ms0ddo11_cndf5,exclama,VMIP3S00,amə,r.consonant,0,indiferent,no,si,ba
16/08/2026 0:16:52,usr_ms0ddo11_cndf5,bonica,AQ0FS0,ikə,r.consonant,3,indiferent,no,si,ca
16/08/2026 0:18:05,usr_msszyozd_0wer6,marcel·lí,NPMSSP0,i,r.consonant,0,indiferent,no,si,nw
16/08/2026 0:20:51,usr_ms0ddo11_cndf5,bonica,AQ0FS0,ikə,r.consonant,0,indiferent,no,si,ca
16/08/2026 0:23:32,usr_ms0ddo11_cndf5,papallona,NCFS000,onə,r.consonant,0,indiferent,no,si,va
16/08/2026 0:23:35,usr_ms0ddo11_cndf5,picat,NCMS000,at,r.consonant,0,indiferent,no,si,va
16/08/2026 0:27:49,usr_ms0ddo11_cndf5,papallona,NCFS000,onə,r.consonant,3,vocal+h,no,si,va
16/08/2026 0:35:32,usr_ms0ddo11_cndf5,parèntesi,NCMS000,ɛntəzi,r.consonant,3,vocal+h,no,si,ca
16/08/2026 0:35:35,usr_ms0ddo11_cndf5,parèntesi,NCMS000,ɛntəzi,r.consonant,0,indiferent,no,si,ba
16/08/2026 0:35:37,usr_ms0ddo11_cndf5,parèntesi,NCMS000,ɛntəzi,r.consonant,0,indiferent,no,si,ba
16/08/2026 0:35:47,usr_ms0ddo11_cndf5,silenciosa,AQ0FS0,ozə,r.consonant,0,indiferent,no,si,ca
16/08/2026 0:35:51,usr_ms0ddo11_cndf5,plàstic,NCMS000,astik,r.consonant,0,indiferent,no,si,va
16/08/2026 0:43:03,usr_msszyozd_0wer6,colla,NCFS000,ɔʎə,r.consonant,0,indiferent,no,si,ba
16/08/2026 1:07:57,usr_mstfbme9_z9xrn,sang,NCFS000,aŋ,r.consonant,0,indiferent,no,si,va
16/08/2026 3:14:32,usr_msv43yez_zhrg0,riu,NCMS000,iw,r.consonant,0,indiferent,no,si,ca
16/08/2026 3:56:35,usr_msv43yez_zhrg0,por,NCFS000,o,r.consonant,0,indiferent,no,si,va
16/08/2026 3:58:35,usr_msv43yez_zhrg0,somni,NCMS000,ɔmni,r.consonant,0,indiferent,no,si,ca
16/08/2026 4:04:01,usr_msv43yez_zhrg0,vida,NCFS000,iðə,r.consonant,0,indiferent,no,si,ca
16/08/2026 8:57:38,usr_msvgd5ry_jtjal,somriure,NCMS000,iwɾə,r.consonant,0,indiferent,no,si,va
16/08/2026 9:01:01,usr_msvgd5ry_jtjal,somriure,NCMS000,iə,r.assonant,0,indiferent,no,si,nw
16/08/2026 9:01:59,usr_msvgd5ry_jtjal,sidra,NCFS000,iə,r.assonant,0,indiferent,no,si,nw
16/08/2026 9:02:08,usr_msvgd5ry_jtjal,sidra,NCFS000,iə,r.assonant,0,indiferent,no,si,va
16/08/2026 9:03:05,usr_msvgd5ry_jtjal,xiula,VMIP3S00,iwlə,r.consonant,0,indiferent,no,si,ba
16/08/2026 9:03:35,usr_msvgd5ry_jtjal,xiula,VMIP3S00,iə,r.assonant,0,indiferent,no,si,va
16/08/2026 9:34:38,usr_msvhorhu_gkshr,catalana,NCFS000,anə,r.consonant,0,indiferent,no,si,nw
16/08/2026 9:35:55,usr_msvhorhu_gkshr,taula,NCFS000,awlə,r.consonant,0,indiferent,no,si,va
16/08/2026 11:08:05,usr_msiz02lz_915tz,eclipsi,NCMS000,ipsi,r.consonant,0,indiferent,no,si,ba
16/08/2026 11:12:07,usr_msvl65hc_ea7en,xuclar,VMN00000,a,r.consonant,0,indiferent,no,si,ca
16/08/2026 11:16:19,usr_msvlbjlm_t3abh,most,NCMS000,ost,r.consonant,0,indiferent,no,si,ba
16/08/2026 11:16:40,usr_msvlbjlm_t3abh,most,NCMS000,ost,r.consonant,0,indiferent,no,si,nw
16/08/2026 11:29:40,usr_mrvuyes9_ng6ch,tela,NCFS000,ɛlə,r.consonant,0,indiferent,no,si,ca
16/08/2026 11:37:29,usr_mrvuyes9_ng6ch,encisa,VMIP3S00,izə,r.consonant,0,indiferent,no,si,ca
16/08/2026 11:57:40,usr_mrvuyes9_ng6ch,rostre,NCMS000,ɔstɾə,r.consonant,0,indiferent,no,si,ba
16/08/2026 12:06:20,usr_mrvuyes9_ng6ch,petit,NCMS000,it,r.consonant,0,indiferent,no,si,ba
16/08/2026 12:15:36,usr_mrvuyes9_ng6ch,tarme,***,***,r.consonant,0,indiferent,no,si,nw
16/08/2026 12:15:47,usr_mrvuyes9_ng6ch,raptar-me,***,***,r.consonant,0,indiferent,no,si,va
16/08/2026 12:15:49,usr_mrvuyes9_ng6ch,raptar-me,***,***,r.consonant,0,indiferent,no,si,ba
16/08/2026 12:15:53,usr_mrvuyes9_ng6ch,me,P010S000,ə,r.consonant,0,indiferent,no,si,ca
16/08/2026 12:26:44,usr_msvnu3sg_bfykh,bró,***,***,r.consonant,0,indiferent,no,si,nw
16/08/2026 12:26:49,usr_mrvt0o9h_87xcv,sogre,NCMS000,ɔɣɾə,r.consonant,0,indiferent,no,si,nw
16/08/2026 12:27:04,usr_mrvt0o9h_87xcv,hora,NCFS000,ɔɾə,r.consonant,0,indiferent,no,si,ba
16/08/2026 12:33:35,usr_mrvuyes9_ng6ch,manera,NCFS000,eɾə,r.consonant,0,indiferent,no,si,ba
16/08/2026 12:38:34,usr_mrvuyes9_ng6ch,font,NCFS000,ɔn,r.consonant,0,indiferent,no,si,va
16/08/2026 12:50:12,usr_msvooa9s_c5n97,coll,NCMS000,ɔʎ,r.consonant,0,indiferent,no,si,va
16/08/2026 12:53:36,usr_mrvuyes9_ng6ch,densos,AQ0MP0,ɛnsus,r.consonant,0,indiferent,no,si,va
16/08/2026 12:58:38,usr_mrvuyes9_ng6ch,peus,NCMP000,ɛws,r.consonant,0,indiferent,no,si,va
16/08/2026 13:05:34,usr_mrvuyes9_ng6ch,espills,NCMP000,iʎs,r.consonant,0,indiferent,no,si,va
16/08/2026 13:34:22,usr_mrvuyes9_ng6ch,dit,NCMS000,it,r.consonant,0,indiferent,no,si,ba
16/08/2026 14:46:12,usr_msvstgal_f0fqn,llavis,NCMP000,ai,r.assonant,2,indiferent,no,si,nw
16/08/2026 14:54:07,usr_msvt3m1h_bhdwq,llavis,NCMP000,ai,r.assonant,2,indiferent,no,si,va
16/08/2026 15:21:18,usr_ms4uo1bk_ou1wu,orri,NCMS000,ɔri,r.consonant,0,indiferent,no,si,ba
16/08/2026 15:23:10,usr_ms4uo1bk_ou1wu,egui,***,***,r.consonant,0,indiferent,no,si,ba
16/08/2026 15:23:18,usr_ms4uo1bk_ou1wu,egui,***,***,r.consonant,0,indiferent,no,si,ca
16/08/2026 15:23:23,usr_ms4uo1bk_ou1wu,begui,VMM03S0Y,ɛɣi,r.consonant,0,indiferent,no,si,nw
16/08/2026 15:26:27,usr_msvu97c9_ef1am,bitxu,***,***,r.consonant,0,indiferent,no,si,nw
16/08/2026 15:26:43,usr_msvu97c9_ef1am,bitxu,***,***,r.consonant,0,indiferent,no,si,ca
16/08/2026 16:18:16,usr_msgcfwg5_qo6iz,anya,NPCNSP0,aɲə,r.consonant,0,indiferent,no,si,nw
16/08/2026 16:47:25,usr_msgcfwg5_qo6iz,bres,NCMS000,es,r.consonant,0,indiferent,no,si,ba
16/08/2026 16:56:40,usr_msgcfwg5_qo6iz,boca,NCFS000,okə,r.consonant,0,indiferent,no,si,nw
16/08/2026 17:09:04,usr_mrvuyes9_ng6ch,encantat,NCMS000,at,r.consonant,0,indiferent,no,si,ba
16/08/2026 17:10:42,usr_msvxza63_to35z,altres,AQ0CP0,altɾəs,r.consonant,0,indiferent,no,si,va
16/08/2026 17:11:22,usr_mrvuyes9_ng6ch,fugir,VMN00000,i,r.consonant,0,indiferent,no,si,ba
16/08/2026 17:18:47,usr_mrvuyes9_ng6ch,una,DI0FS0,unə,r.consonant,0,indiferent,no,si,ba
16/08/2026 17:27:04,usr_mrvuyes9_ng6ch,amr,***,***,r.consonant,0,indiferent,no,si,nw
16/08/2026 17:27:07,usr_mrvuyes9_ng6ch,amar,VMN00000,a,r.consonant,0,indiferent,no,si,nw
16/08/2026 17:30:14,usr_mrvuyes9_ng6ch,ulls,NCMP000,uʎs,r.consonant,0,indiferent,no,si,nw
16/08/2026 17:38:54,usr_mrvuyes9_ng6ch,paraules,NCFP000,awləs,r.consonant,0,indiferent,no,si,ca
16/08/2026 17:45:27,usr_mrvuyes9_ng6ch,bufit,NCMS000,it,r.consonant,0,indiferent,no,si,nw
16/08/2026 17:48:22,usr_mrvuyes9_ng6ch,batecs,NCMP000,ɛks,r.consonant,0,indiferent,no,si,va
16/08/2026 17:53:59,usr_mstfbme9_z9xrn,repte,NCMS000,eptə,r.consonant,0,indiferent,no,si,ca
16/08/2026 17:56:07,usr_mrvuyes9_ng6ch,vida,NCFS000,iðə,r.consonant,0,indiferent,no,si,va
16/08/2026 18:07:25,usr_mrvuyes9_ng6ch,estrella,NCFS000,eʎə,r.consonant,0,indiferent,no,si,nw
16/08/2026 18:15:04,usr_mrvuyes9_ng6ch,galta,NCFS000,altə,r.consonant,0,indiferent,no,si,va
16/08/2026 18:20:23,usr_mrvuyes9_ng6ch,bes,NCFP000,es,r.consonant,0,indiferent,no,si,va
16/08/2026 18:42:17,usr_mrvbsrbf_amovo,eclipsi,NCMS000,ipsi,r.consonant,0,indiferent,no,si,nw
16/08/2026 18:44:15,usr_mrvuyes9_ng6ch,prendre,VMN00000,ɛndɾə,r.consonant,0,indiferent,no,si,ca
16/08/2026 18:53:26,usr_msw1neq7_upeg5,rimador.cat,***,***,r.consonant,0,indiferent,no,si,ba
16/08/2026 18:53:31,usr_msw1neq7_upeg5,obliden,VMIP3P00,iðən,r.consonant,0,indiferent,no,si,ba
16/08/2026 18:53:52,usr_msw1neq7_upeg5,arrels,NCFP000,ɛls,r.consonant,0,indiferent,no,si,ba
16/08/2026 18:55:21,usr_mrvuyes9_ng6ch,besen,VMIP3P00,ɛzən,r.consonant,0,indiferent,no,si,nw
16/08/2026 19:00:58,usr_mrvuyes9_ng6ch,llàgrimes,NCFP000,aɣɾiməs,r.consonant,0,indiferent,no,si,ba
16/08/2026 19:05:20,usr_mrvuyes9_ng6ch,tapa,NCFS000,apə,r.consonant,0,indiferent,no,si,va
16/08/2026 19:06:18,usr_msw1neq7_upeg5,ara,NCFS000,aɾə,r.consonant,0,indiferent,no,si,va
16/08/2026 19:07:50,usr_msw1neq7_upeg5,baqueta,NCFS000,ɛtə,r.consonant,0,indiferent,no,si,ca
16/08/2026 19:41:19,usr_msw3cyjg_16ngn,isa,***,***,r.assonant,0,indiferent,no,si,ba
16/08/2026 19:41:21,usr_msw3cyjg_16ngn,bris,***,***,r.assonant,0,indiferent,no,si,va
16/08/2026 19:41:23,usr_msw3cyjg_16ngn,brisa,NCFS000,iə,r.assonant,0,indiferent,no,si,va
16/08/2026 19:41:35,usr_msw3cyjg_16ngn,brisa,NCFS000,izə,r.consonant,0,indiferent,no,si,nw
16/08/2026 19:42:03,usr_msw3cyjg_16ngn,mundanitat,NCFS000,at,r.consonant,0,indiferent,no,si,nw
16/08/2026 19:42:17,usr_msw3cyjg_16ngn,mundanitat,NCFS000,a,r.assonant,2,indiferent,no,si,ca
16/08/2026 19:42:28,usr_msw3cyjg_16ngn,mundanitat,NCFS000,a,r.assonant,0,indiferent,no,si,va
16/08/2026 19:43:17,usr_msw3cyjg_16ngn,mundanitat,NCFS000,a,r.assonant,0,indiferent,no,si,nw
16/08/2026 20:32:19,usr_msw1neq7_upeg5,casa,NCFS000,azə,r.consonant,0,indiferent,no,si,ba
16/08/2026 21:51:27,usr_msvt3m1h_bhdwq,edra,***,***,r.assonant,0,indiferent,no,si,ba
16/08/2026 21:51:36,usr_msvt3m1h_bhdwq,pedra,NCFS000,eə,r.assonant,0,indiferent,no,si,ba
16/08/2026 23:03:02,usr_mswaka17_8fcn9,junts,NCMP000,uns,r.consonant,0,indiferent,no,si,ba
16/08/2026 23:17:07,usr_msvt3m1h_bhdwq,freda,AQ0FS0,ɛə,r.assonant,0,indiferent,no,si,va
16/08/2026 23:21:33,usr_mswb86ru_nateg,oli,NCMS000,ɔli,r.consonant,0,indiferent,no,si,ca
16/08/2026 23:27:55,usr_mswb86ru_nateg,esta,DD0FS0,estə,r.consonant,0,indiferent,no,si,nw
16/08/2026 23:41:31,usr_mswb86ru_nateg,oli,NCMS000,ɔli,r.consonant,0,indiferent,no,si,ca
17/08/2026 0:01:06,usr_mstf7dyi_1wd86,fulles,NCFP000,uʎəs,r.consonant,0,indiferent,no,si,ba
17/08/2026 0:04:24,usr_mstf7dyi_1wd86,fulles,NCFP000,uə,r.assonant,0,indiferent,no,si,ba
17/08/2026 0:08:13,usr_mstf7dyi_1wd86,esclau,NCMS000,a,r.assonant,0,indiferent,no,si,ba
17/08/2026 0:09:14,usr_mstf7dyi_1wd86,esclau,NCMS000,a,r.assonant,0,indiferent,no,si,ca
17/08/2026 0:31:58,usr_mstf7dyi_1wd86,veig,VMIP1S00,ɛtʃ,r.consonant,0,indiferent,no,si,ca
17/08/2026 0:32:16,usr_mstf7dyi_1wd86,veig,VMIP1S00,ɛ,r.assonant,0,indiferent,no,si,ba
17/08/2026 0:32:37,usr_mstf7dyi_1wd86,lleig,AQ0MS0,etʃ,r.consonant,0,indiferent,no,si,ba
17/08/2026 0:33:32,usr_mstf7dyi_1wd86,lleig,AQ0MS0,e,r.assonant,0,indiferent,no,si,ba
17/08/2026 0:43:47,usr_mswaka17_8fcn9,"i no vull fer-te patir... amor meu, pobre de mi ni jo et vull fer patir amb ella",***,***,r.consonant,0,indiferent,no,si,nw
17/08/2026 0:43:50,usr_mswaka17_8fcn9,era,NCFS000,eɾə,r.consonant,0,indiferent,no,si,ca
17/08/2026 1:03:20,usr_mswaka17_8fcn9,destí,NCMS000,i,r.consonant,0,indiferent,no,si,nw
17/08/2026 1:04:12,usr_mswaka17_8fcn9,destí,NCMS000,i,r.consonant,0,indiferent,no,si,nw
17/08/2026 2:30:59,usr_mrvbsrbf_amovo,seven,***,***,r.consonant,0,indiferent,no,si,nw
17/08/2026 2:31:08,usr_mrvbsrbf_amovo,seven,***,***,r.consonant,0,indiferent,si,si,ca
17/08/2026 2:31:31,usr_mrvbsrbf_amovo,reben,VMIP3P00,ɛβən,r.consonant,0,indiferent,si,si,ba
17/08/2026 6:36:30,usr_mswqrgxb_z0rzr,ció,NPFSSP0,o,r.consonant,0,indiferent,no,si,ca
17/08/2026 6:36:31,usr_mswqrgxb_z0rzr,ció,NPFSSP0,o,r.consonant,0,indiferent,no,si,ca
17/08/2026 6:36:34,usr_mswqrgxb_z0rzr,ció,NPFSSP0,o,r.consonant,0,indiferent,no,si,ca
17/08/2026 9:27:09,usr_mswwuzpf_hj8qs,benvingudes,NCFP000,uðəs,r.consonant,0,indiferent,no,si,nw
17/08/2026 9:30:43,usr_mswwuzpf_hj8qs,exhibeix,VMIP3S00,ɛʃ,r.consonant,0,indiferent,no,si,nw
17/08/2026 9:33:28,usr_mswwuzpf_hj8qs,pintes,NCFP000,intəs,r.consonant,0,indiferent,no,si,ca
17/08/2026 9:39:55,usr_mswwuzpf_hj8qs,llueixen,VMIP3P00,ɛʃən,r.consonant,0,indiferent,no,si,va
17/08/2026 9:43:48,usr_mswwuzpf_hj8qs,colors,NCCP000,os,r.consonant,0,indiferent,no,si,nw
17/08/2026 9:48:23,usr_mswwuzpf_hj8qs,alt,NCMS000,al,r.consonant,0,indiferent,no,si,va
17/08/2026 10:09:26,usr_ms6gfnsa_ot8rk,estrofa,NCFS000,ɔfə,r.consonant,0,indiferent,no,si,ba
17/08/2026 10:43:36,usr_mslqdiqy_7eg62,divertit,AQ0MS0,it,r.consonant,0,indiferent,no,si,ca
17/08/2026 10:43:37,usr_mslqdiqy_7eg62,divertits,AQ0MP0,its,r.consonant,0,indiferent,no,si,ca
17/08/2026 10:48:41,usr_mslqdiqy_7eg62,social,AQ0CS0,al,r.consonant,0,indiferent,no,si,ca
17/08/2026 10:51:52,usr_mslqdiqy_7eg62,quisqui,***,***,r.consonant,0,indiferent,no,si,va
17/08/2026 10:51:55,usr_mslqdiqy_7eg62,qui,PR0CN000,i,r.consonant,0,indiferent,no,si,nw
17/08/2026 10:51:57,usr_mslqdiqy_7eg62,qui,PR0CN000,i,r.consonant,0,indiferent,no,si,ba
17/08/2026 11:09:03,usr_mslqdiqy_7eg62,responsabilitats,NCFP000,ats,r.consonant,0,indiferent,no,si,va
17/08/2026 11:10:53,usr_mslqdiqy_7eg62,diables,NCMP000,abbləs,r.consonant,0,indiferent,no,si,nw
17/08/2026 11:19:43,usr_mslqdiqy_7eg62,decepció,NCFS000,o,r.consonant,0,indiferent,no,si,ca
17/08/2026 11:21:02,usr_mslqdiqy_7eg62,callant,VMG00000,an,r.consonant,0,indiferent,no,si,ca
17/08/2026 11:21:04,usr_mslqdiqy_7eg62,callant,VMG00000,an,r.consonant,0,indiferent,no,si,va
17/08/2026 11:21:07,usr_mslqdiqy_7eg62,callant,VMG00000,an,r.consonant,0,indiferent,no,si,ba
17/08/2026 11:21:44,usr_msged35x_m1v3h,llargues,AQ0FP0,arɣəs,r.consonant,0,indiferent,no,si,va
17/08/2026 11:23:49,usr_mslqdiqy_7eg62,samarreta,NCFS000,ɛtə,r.consonant,0,indiferent,no,si,va
17/08/2026 11:24:50,usr_mslqdiqy_7eg62,decepció,NCFS000,o,r.consonant,0,indiferent,no,si,nw
17/08/2026 11:26:18,usr_mslqdiqy_7eg62,samarreta,NCFS000,ɛtə,r.consonant,0,indiferent,no,si,ba
17/08/2026 11:34:35,usr_msged35x_m1v3h,relatar,VMN00000,a,r.consonant,0,indiferent,no,si,nw
17/08/2026 11:34:39,usr_msged35x_m1v3h,relatar,VMN00000,a,r.consonant,0,indiferent,no,si,nw
17/08/2026 11:35:08,usr_msged35x_m1v3h,retrata,VMIP3S00,atə,r.consonant,0,indiferent,no,si,ca
17/08/2026 11:41:33,usr_mslqdiqy_7eg62,coet,NCMS000,ɛt,r.consonant,0,indiferent,no,si,ba
17/08/2026 11:42:17,usr_mslqdiqy_7eg62,carretilla,***,***,r.consonant,0,indiferent,no,si,va
17/08/2026 11:42:19,usr_mslqdiqy_7eg62,coet,NCMS000,ɛt,r.consonant,0,indiferent,no,si,ca
17/08/2026 11:42:31,usr_mslqdiqy_7eg62,pin,NCMS000,in,r.consonant,0,indiferent,no,si,ca
17/08/2026 11:42:47,usr_msged35x_m1v3h,blanc,NCMS000,aŋ,r.consonant,0,indiferent,no,si,nw
17/08/2026 11:47:02,usr_mslqdiqy_7eg62,vaga,NCFS000,aɣə,r.consonant,0,indiferent,no,si,ba
17/08/2026 11:47:41,usr_mslqdiqy_7eg62,mani,VMM03S0Y,ani,r.consonant,0,indiferent,no,si,ba
17/08/2026 11:47:43,usr_mslqdiqy_7eg62,manis,VMSP2S0Y,anis,r.consonant,0,indiferent,no,si,ca
17/08/2026 11:48:01,usr_mslqdiqy_7eg62,manifestacions,NCFP000,ons,r.consonant,0,indiferent,no,si,va
17/08/2026 11:48:31,usr_mslqdiqy_7eg62,temps,NCMN000,ems,r.consonant,0,indiferent,no,si,nw
17/08/2026 11:49:44,usr_mslqdiqy_7eg62,vagues,NCFP000,aɣəs,r.consonant,0,indiferent,no,si,ba
17/08/2026 11:49:45,usr_mslqdiqy_7eg62,vagues,NCFP000,aɣəs,r.consonant,0,indiferent,no,si,va
17/08/2026 12:01:44,usr_mslqdiqy_7eg62,festa,NCFS000,estə,r.consonant,0,indiferent,no,si,nw
17/08/2026 12:02:09,usr_mslqdiqy_7eg62,munt,NCMS000,un,r.consonant,0,indiferent,no,si,ba
17/08/2026 12:02:47,usr_mslqdiqy_7eg62,molt,DI0MS0,ol,r.consonant,0,indiferent,no,si,ca
17/08/2026 12:04:34,usr_mslqdiqy_7eg62,mestra,NCFS000,ɛstɾə,r.consonant,0,indiferent,no,si,va
17/08/2026 12:04:57,usr_mslqdiqy_7eg62,docent,NCCS000,en,r.consonant,0,indiferent,no,si,ba
17/08/2026 12:05:33,usr_mslqdiqy_7eg62,professora,NCFS000,oɾə,r.consonant,0,indiferent,no,si,va
17/08/2026 13:13:41,usr_mswaka17_8fcn9,uja,VMIP3S00,uʒə,r.consonant,0,indiferent,no,si,ba
17/08/2026 13:25:03,usr_ms7btuyi_nml4w,conegut,NCMS000,ut,r.consonant,0,indiferent,no,si,nw
17/08/2026 14:00:14,usr_mrv97eba_v0083,acatalèptic,AQ0MS0,ɛptik,r.consonant,0,indiferent,no,si,ca
17/08/2026 14:06:49,usr_msx6unld_120jt,ara,NCFS000,aɾə,r.consonant,0,indiferent,no,si,va
17/08/2026 14:06:50,usr_msx6unld_120jt,ara,NCFS000,aɾə,r.consonant,0,indiferent,no,si,ca
17/08/2026 16:02:33,usr_msd66n6o_jw93a,lluïment,NCMS000,en,r.consonant,0,indiferent,no,si,nw
17/08/2026 16:02:33,usr_msd66n6o_jw93a,lluïment,NCMS000,en,r.consonant,0,indiferent,no,si,ba
17/08/2026 16:10:47,usr_msd66n6o_jw93a,odissea,NCFS000,eə,r.consonant,0,indiferent,no,si,nw
17/08/2026 17:52:19,usr_ms7btuyi_nml4w,mallarenga,***,***,r.consonant,0,indiferent,no,si,va
17/08/2026 17:54:37,usr_ms7btuyi_nml4w,arenga,NCFS000,ɛŋɡə,r.consonant,0,indiferent,no,si,nw
17/08/2026 18:15:33,usr_mslqdiqy_7eg62,bombolla,NCFS000,oʎə,r.consonant,0,indiferent,no,si,nw
17/08/2026 18:31:30,usr_mslqdiqy_7eg62,toscana,NCFS000,anə,r.consonant,0,indiferent,no,si,ba
17/08/2026 18:33:20,usr_mslqdiqy_7eg62,urquinaona,NPCNSP0,onə,r.consonant,0,indiferent,no,si,nw
17/08/2026 18:50:11,usr_ms7btuyi_nml4w,neteges,NCFP000,ɛʒəs,r.consonant,0,indiferent,no,si,va
17/08/2026 19:00:44,usr_ms7btuyi_nml4w,embrutes,VMIP2S00,utəs,r.consonant,0,indiferent,no,si,va
17/08/2026 20:18:19,usr_mstf7dyi_1wd86,roser,NCMS000,e,r.consonant,0,indiferent,no,si,ca
17/08/2026 20:18:35,usr_mstf7dyi_1wd86,roser,NCMS000,e,r.consonant,0,indiferent,no,si,ba
17/08/2026 20:29:26,usr_mstf7dyi_1wd86,convida,VMIP3S00,iðə,r.consonant,0,indiferent,no,si,nw
17/08/2026 20:47:13,usr_msg99rht_qkano,balda,NCFS000,aldə,r.consonant,0,indiferent,no,si,nw
17/08/2026 20:49:16,usr_msg99rht_qkano,vida,NCFS000,iðə,r.consonant,0,indiferent,no,si,ba
17/08/2026 20:56:49,usr_msg99rht_qkano,tarda,NCFS000,arðə,r.consonant,0,indiferent,no,si,ba
17/08/2026 20:57:04,usr_msxli8xb_kljwi,pastorets,NCMP000,ɛts,r.consonant,0,indiferent,no,si,ca
17/08/2026 20:58:39,usr_msg99rht_qkano,nit,NCFS000,it,r.consonant,0,indiferent,no,si,nw
17/08/2026 20:59:02,usr_msxlks4t_2tl2j,ellar,***,***,r.consonant,0,indiferent,no,si,ba
17/08/2026 20:59:10,usr_msxlks4t_2tl2j,ar,***,***,r.consonant,0,indiferent,no,si,ca
17/08/2026 20:59:50,usr_msg99rht_qkano,gossos,NCMP000,osus,r.consonant,0,indiferent,no,si,nw
17/08/2026 21:01:26,usr_msg99rht_qkano,tarda,NCFS000,arðə,r.consonant,0,indiferent,no,si,ca
17/08/2026 21:05:07,usr_msg99rht_qkano,verpre,***,***,r.consonant,0,indiferent,no,si,nw
17/08/2026 21:05:15,usr_msg99rht_qkano,vespre,NCMS000,espɾə,r.consonant,0,indiferent,no,si,ba
17/08/2026 21:08:31,usr_msg99rht_qkano,balda,NCFS000,aldə,r.consonant,0,indiferent,no,si,ca
17/08/2026 21:12:07,usr_msg99rht_qkano,anem,VMIP1P00,ɛm,r.consonant,0,indiferent,no,si,ca
17/08/2026 21:12:34,usr_msg99rht_qkano,anem,VMIP1P00,ɛm,r.consonant,0,indiferent,no,si,nw
17/08/2026 21:12:46,usr_msg99rht_qkano,anem,VMIP1P00,ɛm,r.consonant,0,indiferent,no,si,ba
17/08/2026 21:13:13,usr_msg99rht_qkano,anem,VMIP1P00,ɛm,r.consonant,0,indiferent,no,si,ba
17/08/2026 21:13:35,usr_msg99rht_qkano,anem,VMIP1P00,ɛm,r.consonant,0,indiferent,no,si,va
17/08/2026 21:15:08,usr_mstf7dyi_1wd86,arbre,NCMS000,aβɾə,r.consonant,0,indiferent,no,si,ca
17/08/2026 21:19:03,usr_msg99rht_qkano,avall,ZRG,aʎ,r.consonant,0,indiferent,no,si,ca
17/08/2026 22:33:46,usr_mstfbme9_z9xrn,benvingudes,NCFP000,uðəs,r.consonant,0,indiferent,no,si,nw
17/08/2026 22:35:40,usr_mstfbme9_z9xrn,cendrer,NCMS000,e,r.consonant,0,indiferent,no,si,va
17/08/2026 22:40:39,usr_mstfbme9_z9xrn,branques,NCFP000,aŋkəs,r.consonant,0,indiferent,no,si,nw
17/08/2026 23:38:48,usr_ms3d4ade_edo2g,albergínia,NCFS000,iniə,r.consonant,0,indiferent,no,si,nw
17/08/2026 23:55:32,usr_msxrvnc0_muhvk,petúnia,NCFS000,uniə,r.consonant,0,indiferent,no,si,ba
17/08/2026 23:56:19,usr_msxrvnc0_muhvk,tòtil,NCMS000,ɔtil,r.consonant,0,indiferent,no,si,ca
17/08/2026 23:57:01,usr_msxrvnc0_muhvk,púnica,NCFS000,unikə,r.consonant,0,indiferent,no,si,va
17/08/2026 23:57:15,usr_msxrvnc0_muhvk,púnic,NCMS000,unik,r.consonant,0,indiferent,no,si,ba
17/08/2026 23:57:24,usr_msxrvnc0_muhvk,púnica,NCFS000,unikə,r.consonant,0,indiferent,no,si,va
17/08/2026 23:58:44,usr_msxrvnc0_muhvk,tel·lúric,AQ0MS0,uɾik,r.consonant,0,indiferent,no,si,va
17/08/2026 23:59:21,usr_msxrvnc0_muhvk,bèstia,NCFS000,ɛstiə,r.consonant,0,indiferent,no,si,ba
18/08/2026 0:15:42,usr_msxrvnc0_muhvk,catarres,***,***,r.consonant,0,indiferent,no,si,nw
18/08/2026 0:15:55,usr_msxrvnc0_muhvk,catarres,***,***,r.consonant,0,indiferent,si,si,ca
18/08/2026 0:16:02,usr_msxrvnc0_muhvk,paparres,NCFP000,arəs,r.consonant,0,indiferent,si,si,ca
18/08/2026 0:16:55,usr_msxrvnc0_muhvk,granota,NCFS000,ɔtə,r.consonant,0,indiferent,si,si,ca
18/08/2026 0:17:19,usr_msxrvnc0_muhvk,marc,NCMS000,ark,r.consonant,0,indiferent,si,si,va
18/08/2026 0:18:06,usr_msxrvnc0_muhvk,prússic,AQ0MS0,usik,r.consonant,0,indiferent,si,si,ca
18/08/2026 0:18:20,usr_msxrvnc0_muhvk,prússia,NPFSG00,usiə,r.consonant,0,indiferent,si,si,va
18/08/2026 0:18:41,usr_msxrvnc0_muhvk,prússic,AQ0MS0,usik,r.consonant,0,indiferent,si,si,ba
18/08/2026 0:19:00,usr_msxrvnc0_muhvk,prussià,NCMS000,a,r.consonant,0,indiferent,si,si,ca
18/08/2026 0:19:11,usr_msxrvnc0_muhvk,prussià,NCMS000,a,r.consonant,0,indiferent,si,si,nw
18/08/2026 0:51:33,usr_ms7btuyi_nml4w,més,NCMN000,es,r.consonant,0,indiferent,no,si,ba
18/08/2026 1:18:10,usr_mstfbme9_z9xrn,majorales,NCFP000,aləs,r.consonant,0,indiferent,no,si,va
18/08/2026 1:19:38,usr_mstfbme9_z9xrn,nut,***,***,r.consonant,0,indiferent,no,si,va
18/08/2026 1:19:42,usr_mstfbme9_z9xrn,nit,NCFS000,it,r.consonant,0,indiferent,no,si,ba
18/08/2026 1:22:20,usr_mstfbme9_z9xrn,nit,NCFS000,it,r.consonant,0,indiferent,no,si,ca
18/08/2026 1:43:03,usr_ms7btuyi_nml4w,dins,NCMN000,ins,r.consonant,0,indiferent,no,si,ca
18/08/2026 6:01:19,usr_msd1mx4l_f9foe,tothom,PI0CS000,ɔm,r.consonant,0,indiferent,no,si,ba
18/08/2026 6:01:20,usr_msd1mx4l_f9foe,tothom,PI0CS000,ɔm,r.consonant,0,indiferent,no,si,nw
18/08/2026 8:45:50,usr_ms7btuyi_nml4w,mica,NCFS000,ikə,r.consonant,0,indiferent,no,si,va
18/08/2026 8:52:08,usr_ms7btuyi_nml4w,doble,NCCS000,obblə,r.consonant,0,indiferent,no,si,ba
18/08/2026 9:57:00,usr_ms78a4ki_37kmj,ungla,NCFS000,uŋɡlə,r.consonant,0,indiferent,no,si,nw
18/08/2026 10:51:51,usr_msyfbrw9_q9aio,gros,NCMP000,ɔs,r.consonant,0,indiferent,no,si,va
18/08/2026 10:53:43,usr_msyfbrw9_q9aio,suau,NCMS000,aw,r.consonant,0,indiferent,no,si,va
18/08/2026 11:00:35,usr_msyfbrw9_q9aio,miqueta,***,***,r.consonant,0,indiferent,no,si,ba
18/08/2026 11:00:38,usr_msyfbrw9_q9aio,veta,NCFS000,ɛtə,r.consonant,0,indiferent,no,si,ca
18/08/2026 11:19:18,usr_msd66n6o_jw93a,soluciona,VMIP3S00,onə,r.consonant,0,indiferent,no,si,ba
18/08/2026 11:20:30,usr_msd66n6o_jw93a,whatsapp,NCMS000,atsəp,r.consonant,0,indiferent,no,si,nw
18/08/2026 11:20:40,usr_msd66n6o_jw93a,whatsapp,NCMS000,atsəp,r.consonant,0,indiferent,no,si,ba
18/08/2026 11:20:50,usr_msd66n6o_jw93a,whatsapp,NCMS000,atsəp,r.consonant,0,indiferent,no,si,ca
18/08/2026 11:23:26,usr_msd66n6o_jw93a,pinxo,NCMS000,inʃu,r.consonant,0,indiferent,no,si,ba
18/08/2026 11:36:05,usr_msyfbrw9_q9aio,àvia,NCFS000,aβiə,r.consonant,0,indiferent,no,si,ca
18/08/2026 11:42:28,usr_msyfbrw9_q9aio,fona,NCFS000,onə,r.consonant,0,indiferent,no,si,ba
18/08/2026 12:15:56,usr_ms78a4ki_37kmj,veto,NCMS000,ɛtu,r.consonant,0,indiferent,no,si,ca
18/08/2026 12:18:09,usr_ms78a4ki_37kmj,samarreta,NCFS000,ɛtə,r.consonant,0,indiferent,no,si,ca
18/08/2026 12:19:01,usr_ms78a4ki_37kmj,mimo,VMIP1S0C,imu,r.consonant,0,indiferent,no,si,va
18/08/2026 12:23:04,usr_ms78a4ki_37kmj,vers,NCMP000,ɛrs,r.consonant,0,indiferent,no,si,nw
18/08/2026 12:23:34,usr_ms78a4ki_37kmj,autorització,NCFS000,o,r.consonant,0,indiferent,no,si,ca
18/08/2026 12:25:08,usr_ms78a4ki_37kmj,vers,NCMP000,ɛrs,r.consonant,0,indiferent,no,si,va
18/08/2026 12:25:52,usr_ms78a4ki_37kmj,calma,NCCS000,almə,r.consonant,0,indiferent,no,si,va
18/08/2026 12:26:14,usr_ms78a4ki_37kmj,princesa,NCFS000,ɛzə,r.consonant,0,indiferent,no,si,va
18/08/2026 12:26:51,usr_ms78a4ki_37kmj,calma,NCCS000,almə,r.consonant,0,indiferent,no,si,va
18/08/2026 12:27:39,usr_ms78a4ki_37kmj,vers,NCMP000,ɛrs,r.consonant,0,indiferent,no,si,ca
18/08/2026 12:28:15,usr_ms78a4ki_37kmj,calma,NCCS000,almə,r.consonant,0,indiferent,no,si,va
18/08/2026 12:29:46,usr_ms78a4ki_37kmj,certs,AQ0MP0,ɛrs,r.consonant,0,indiferent,no,si,va
18/08/2026 12:34:54,usr_msyj0a6k_rkz9o,aràs,***,***,r.consonant,0,indiferent,no,si,va
18/08/2026 12:35:11,usr_msyj0a6k_rkz9o,aràs,***,***,r.consonant,0,indiferent,no,si,va
18/08/2026 12:53:17,usr_mstf7dyi_1wd86,escorça,NCFS000,ɔrsə,r.consonant,0,indiferent,no,si,ca
18/08/2026 12:54:58,usr_mstf7dyi_1wd86,paraules,NCFP000,awləs,r.consonant,0,indiferent,no,si,ca
18/08/2026 12:57:48,usr_mstf7dyi_1wd86,escorça,NCFS000,ɔrsə,r.consonant,0,indiferent,no,si,ca
18/08/2026 13:11:42,usr_ms78a4ki_37kmj,cavalls,NCMP000,aʎs,r.consonant,0,indiferent,no,si,nw
18/08/2026 13:13:10,usr_ms78a4ki_37kmj,cinc,NCCN000,iŋ,r.consonant,0,indiferent,no,si,ca
18/08/2026 13:13:55,usr_ms78a4ki_37kmj,pena,NCFS000,ɛnə,r.consonant,0,indiferent,no,si,ba
18/08/2026 13:24:05,usr_mstf7dyi_1wd86,enfora,ZRG,ɔɾə,r.consonant,0,indiferent,no,si,ba
18/08/2026 13:25:37,usr_mstf7dyi_1wd86,novell,NCMS000,eʎ,r.consonant,0,indiferent,no,si,ba
18/08/2026 13:28:57,usr_mstf7dyi_1wd86,envora,***,***,r.consonant,0,indiferent,no,si,va
18/08/2026 13:29:03,usr_mstf7dyi_1wd86,enfora,ZRG,ɔɾə,r.consonant,0,indiferent,no,si,ba
18/08/2026 13:29:04,usr_mstf7dyi_1wd86,enfora,ZRG,ɔɾə,r.consonant,0,indiferent,no,si,ba
18/08/2026 13:38:13,usr_msyl9q2s_z6aft,diari,NCMS000,aɾi,r.consonant,0,indiferent,no,si,nw
18/08/2026 14:11:08,usr_ms3d4ade_edo2g,opòssum,NCMS000,ɔsum,r.consonant,0,indiferent,no,si,ba
18/08/2026 15:02:23,usr_ms7btuyi_nml4w,cosa,NCFS000,ɔzə,r.consonant,0,indiferent,no,si,nw
18/08/2026 15:19:31,usr_msyovznt_l89yt,dir,NCMS000,i,r.consonant,0,indiferent,no,si,ca
18/08/2026 15:32:31,usr_msypcpt3_hiqxl,lavanda,NCFS000,andə,r.consonant,0,indiferent,no,si,va
18/08/2026 16:19:16,usr_ms7btuyi_nml4w,dins,NCMN000,ins,r.consonant,0,indiferent,no,si,nw
18/08/2026 16:20:23,usr_mslqdiqy_7eg62,engrunes,NCFP000,unəs,r.consonant,0,indiferent,no,si,nw
18/08/2026 16:29:27,usr_mslqdiqy_7eg62,vulnerable,AQ0CS0,abblə,r.consonant,0,indiferent,no,si,va
18/08/2026 16:30:01,usr_mslqdiqy_7eg62,bé,NCMS000,e,r.consonant,0,indiferent,no,si,va
18/08/2026 16:38:31,usr_ms7btuyi_nml4w,desarmo,VMIP1S0C,armu,r.consonant,0,indiferent,no,si,ba
18/08/2026 16:51:15,usr_mslqdiqy_7eg62,catalana,NCFS000,anə,r.consonant,0,indiferent,no,si,va
18/08/2026 16:55:47,usr_msrmfnmt_xyu7q,euja,***,***,r.consonant,0,indiferent,no,si,ca
18/08/2026 16:56:00,usr_msrmfnmt_xyu7q,euja,***,***,r.consonant,0,indiferent,no,si,nw
18/08/2026 16:56:08,usr_msrmfnmt_xyu7q,greuja,VMIP3S00,ewʒə,r.consonant,0,indiferent,no,si,ba
18/08/2026 16:56:42,usr_msrmfnmt_xyu7q,uja,VMIP3S00,uʒə,r.consonant,0,indiferent,no,si,nw
18/08/2026 16:56:44,usr_msrmfnmt_xyu7q,uja,VMIP3S00,uʒə,r.consonant,0,indiferent,no,si,nw
18/08/2026 17:00:23,usr_mslqdiqy_7eg62,cabuda,NCFS000,uðə,r.consonant,0,indiferent,no,si,ba
18/08/2026 17:15:24,usr_mslqdiqy_7eg62,catalana,NCFS000,anə,r.consonant,0,indiferent,no,si,ca
18/08/2026 17:16:44,usr_mslqdiqy_7eg62,vilafranca,NPCNSP0,aŋkə,r.consonant,0,indiferent,no,si,ca
18/08/2026 18:29:30,usr_msg9zg8t_9tkmy,vilafranca,NPCNSP0,aŋkə,r.consonant,0,indiferent,no,si,ba
18/08/2026 18:59:20,usr_msg9zg8t_9tkmy,oasi,NCMS000,azi,r.consonant,0,indiferent,no,si,va
18/08/2026 19:00:43,usr_msg9zg8t_9tkmy,desert,NCMS000,ɛrt,r.consonant,0,indiferent,no,si,nw
18/08/2026 19:06:15,usr_msg9zg8t_9tkmy,català,NCMS000,a,r.consonant,0,indiferent,no,si,ba
18/08/2026 19:06:18,usr_msg9zg8t_9tkmy,català,NCMS000,a,r.consonant,0,indiferent,no,si,ca
18/08/2026 19:06:21,usr_msg9zg8t_9tkmy,català,NCMS000,a,r.consonant,0,indiferent,no,si,ca
18/08/2026 19:06:26,usr_msg9zg8t_9tkmy,català,NCMS000,a,r.consonant,0,indiferent,no,si,va
18/08/2026 19:09:10,usr_msyx3bls_fuygr,nosaltres,PP1CPN00,altɾəs,r.consonant,0,indiferent,no,si,ca
18/08/2026 19:09:19,usr_msyx3bls_fuygr,perilloses,AQ0FP0,ozəs,r.consonant,0,indiferent,no,si,nw
18/08/2026 19:29:52,usr_msyx3bls_fuygr,pobre,NCMS000,ɔβɾə,r.consonant,0,indiferent,no,si,ca
18/08/2026 19:31:15,usr_msyxvqul_m0m4g,ky,***,***,r.consonant,0,indiferent,no,si,ba
18/08/2026 19:31:17,usr_msyxvqul_m0m4g,ky,***,***,r.consonant,0,indiferent,no,si,ba
18/08/2026 19:31:21,usr_msyxvqul_m0m4g,qui,PR0CN000,i,r.consonant,0,indiferent,no,si,ba
18/08/2026 19:31:21,usr_msyxvqul_m0m4g,qui,PR0CN000,i,r.consonant,0,indiferent,no,si,nw
18/08/2026 19:31:35,usr_msyxvqul_m0m4g,funky,***,***,r.consonant,0,indiferent,no,si,nw
18/08/2026 20:43:14,usr_mswaka17_8fcn9,eres,NCFP000,eɾəs,r.consonant,0,indiferent,no,si,nw
18/08/2026 20:51:46,usr_mswaka17_8fcn9,xot,NCMS000,ɔt,r.consonant,0,indiferent,no,si,ba
18/08/2026 21:18:28,usr_mswaka17_8fcn9,biol,***,***,r.consonant,0,indiferent,no,si,ba
18/08/2026 21:18:30,usr_mswaka17_8fcn9,flabiol,NCCS000,ɔl,r.consonant,0,indiferent,no,si,nw
18/08/2026 21:23:22,usr_msz1vvsb_a02p5,familia,***,***,r.consonant,0,indiferent,no,si,ca
18/08/2026 21:23:28,usr_msz1vvsb_a02p5,familia,***,***,r.consonant,0,indiferent,no,si,va
18/08/2026 21:23:33,usr_msz1vvsb_a02p5,gat,NCMS000,at,r.consonant,0,indiferent,no,si,va
18/08/2026 21:24:11,usr_msz1vvsb_a02p5,família,NCFS000,iliə,r.consonant,0,indiferent,no,si,va
18/08/2026 21:25:28,usr_msz1vvsb_a02p5,feliç,AQ0CS0,is,r.consonant,0,indiferent,no,si,va
18/08/2026 21:27:13,usr_msz1vvsb_a02p5,feliç,AQ0CS0,i,r.assonant,0,indiferent,no,si,va
18/08/2026 21:27:40,usr_msz1vvsb_a02p5,família,NCFS000,iiə,r.assonant,0,indiferent,no,si,va
18/08/2026 21:29:02,usr_msz1vvsb_a02p5,família,NCFS000,iliə,r.consonant,0,indiferent,no,si,va
18/08/2026 21:29:18,usr_msz1vvsb_a02p5,família,NCFS000,iiə,r.assonant,0,indiferent,no,si,nw
18/08/2026 21:29:28,usr_msz1vvsb_a02p5,família,NCFS000,iliə,r.consonant,0,indiferent,no,si,ba
18/08/2026 21:29:41,usr_msz1vvsb_a02p5,família,NCFS000,iiə,r.assonant,0,indiferent,no,si,nw
18/08/2026 21:30:15,usr_msz1vvsb_a02p5,gran,NCCS000,a,r.assonant,0,indiferent,no,si,nw
18/08/2026 21:30:25,usr_msz1vvsb_a02p5,gran,NCCS000,a,r.assonant,0,indiferent,no,si,nw
18/08/2026 21:30:38,usr_msz1vvsb_a02p5,gran,NCCS000,a,r.assonant,0,indiferent,no,si,nw
18/08/2026 21:30:56,usr_msz1vvsb_a02p5,gran,NCCS000,an,r.consonant,0,indiferent,no,si,nw
18/08/2026 21:32:46,usr_msz1vvsb_a02p5,gran,NCCS000,an,r.consonant,0,indiferent,no,si,va
18/08/2026 21:32:51,usr_msz1vvsb_a02p5,gran,NCCS000,an,r.consonant,2,indiferent,no,si,nw
18/08/2026 21:33:11,usr_msetbvrl_zws4s,oms,NCMP000,oms,r.consonant,0,indiferent,no,si,va
18/08/2026 21:33:12,usr_msetbvrl_zws4s,oms,NCMP000,oms,r.consonant,0,indiferent,no,si,ca
18/08/2026 21:34:54,usr_msz1vvsb_a02p5,diferent,AQ0CS0,en,r.consonant,2,indiferent,no,si,ba
18/08/2026 21:34:58,usr_msz1vvsb_a02p5,diferent,AQ0CS0,en,r.consonant,0,indiferent,no,si,va
18/08/2026 21:35:58,usr_msz1vvsb_a02p5,bonica,AQ0FS0,ikə,r.consonant,0,indiferent,no,si,nw
18/08/2026 21:37:55,usr_msz1vvsb_a02p5,feliç,AQ0CS0,is,r.consonant,0,indiferent,no,si,nw
18/08/2026 21:40:43,usr_msetbvrl_zws4s,ent,***,***,r.consonant,0,indiferent,no,si,ca
18/08/2026 21:40:45,usr_msetbvrl_zws4s,ent,***,***,r.consonant,0,indiferent,no,si,ba
18/08/2026 21:40:47,usr_msz1vvsb_a02p5,balena,NCFS000,ɛnə,r.consonant,0,indiferent,no,si,ca
18/08/2026 21:40:55,usr_msetbvrl_zws4s,en,DA0MS0,ən,r.consonant,0,indiferent,no,si,ca
18/08/2026 21:42:09,usr_mswaka17_8fcn9,seguí,VMIS1S00,i,r.consonant,0,indiferent,no,si,ca
18/08/2026 21:42:56,usr_msz1vvsb_a02p5,meluc,***,***,r.consonant,0,indiferent,no,si,ba
18/08/2026 21:43:00,usr_msz1vvsb_a02p5,meluc,***,***,r.consonant,0,indiferent,no,si,nw
18/08/2026 21:44:02,usr_msz1vvsb_a02p5,cabell,NCMS000,ɛʎ,r.consonant,0,indiferent,no,si,ba
18/08/2026 21:44:34,usr_msz1vvsb_a02p5,camell,NCMS000,eʎ,r.consonant,0,indiferent,no,si,va
18/08/2026 21:46:59,usr_msz1vvsb_a02p5,cos,NCMS000,eʎ,r.consonant,0,indiferent,no,si,ca
18/08/2026 21:47:03,usr_msz1vvsb_a02p5,cos,NCMS000,eʎ,r.consonant,0,indiferent,no,si,va
18/08/2026 21:47:12,usr_msz1vvsb_a02p5,cos,NCMS000,eʎ,r.consonant,0,indiferent,no,si,nw
18/08/2026 21:47:42,usr_msz1vvsb_a02p5,esquena,NCFS000,ɛnə,r.consonant,0,indiferent,no,si,ca
18/08/2026 21:48:25,usr_msz1vvsb_a02p5,cabell,NCMS000,ɛʎ,r.consonant,0,indiferent,no,si,ca
18/08/2026 21:49:48,usr_msz1vvsb_a02p5,cul,NCMS000,ul,r.consonant,0,indiferent,no,si,nw
18/08/2026 21:51:04,usr_msz1vvsb_a02p5,cos,NCMS000,ul,r.consonant,0,indiferent,no,si,nw
18/08/2026 21:51:16,usr_msz1vvsb_a02p5,cos,NCMS000,ɔs,r.consonant,0,indiferent,no,si,ca
18/08/2026 21:54:42,usr_msz1vvsb_a02p5,boca,NCFS000,okə,r.consonant,0,indiferent,no,si,va
18/08/2026 22:01:38,usr_msz1vvsb_a02p5,feliç,AQ0CS0,is,r.consonant,0,indiferent,no,si,nw
18/08/2026 22:02:58,usr_msz1vvsb_a02p5,família,NCFS000,iliə,r.consonant,0,indiferent,no,si,ba
18/08/2026 22:15:52,usr_msz1vvsb_a02p5,serp,NCFS000,erp,r.consonant,0,indiferent,no,si,va
18/08/2026 22:27:54,usr_mswaka17_8fcn9,trampolí,NCMS000,i,r.consonant,0,indiferent,no,si,ca
18/08/2026 22:27:55,usr_mswaka17_8fcn9,trampolí,NCMS000,i,r.consonant,0,indiferent,no,si,ca
18/08/2026 22:27:57,usr_mswaka17_8fcn9,trampolí,NCMS000,i,r.consonant,0,indiferent,no,si,va
18/08/2026 22:30:41,usr_mswaka17_8fcn9,rumb,NCMS000,um,r.consonant,0,indiferent,no,si,nw
18/08/2026 22:38:34,usr_msz4kl0a_09k9w,pau,NCFS000,aw,r.consonant,0,indiferent,no,si,ca
18/08/2026 22:45:39,usr_msz4tqcd_shrka,amor,NCCS000,or,r.consonant,0,indiferent,no,si,va
18/08/2026 22:46:37,usr_msz4tqcd_shrka,cor,NCMS000,ɔr,r.consonant,0,indiferent,no,si,va
18/08/2026 23:29:32,usr_ms7btuyi_nml4w,massa,NCFS000,asə,r.consonant,0,indiferent,no,si,nw
19/08/2026 0:23:26,usr_ms7btuyi_nml4w,vessi,VMM03S0Y,esi,r.consonant,0,indiferent,no,si,ca
19/08/2026 0:51:56,usr_msz9c44e_rso21,algo,***,***,r.consonant,0,indiferent,no,si,nw
19/08/2026 0:51:58,usr_msz9c44e_rso21,algo,***,***,r.consonant,0,indiferent,no,si,va
19/08/2026 1:48:45,usr_mszbd762_3fki4,parida,NCFS000,iðə,r.consonant,0,indiferent,no,si,ca
19/08/2026 5:37:17,usr_mszjj2l2_w5jt4,txungo,***,***,r.consonant,0,indiferent,no,si,nw
19/08/2026 10:38:05,usr_msmwf3ah_cwv0h,etèri,***,***,r.consonant,0,indiferent,no,si,ca
19/08/2026 10:38:08,usr_msmwf3ah_cwv0h,eteri,AQ0MS0,ɛɾi,r.consonant,0,indiferent,no,si,va
19/08/2026 10:39:11,usr_msmwf3ah_cwv0h,desig,NCMS000,itʃ,r.consonant,0,indiferent,no,si,ba
19/08/2026 10:39:46,usr_msmwf3ah_cwv0h,fet,NCMS000,et,r.consonant,0,indiferent,no,si,va
19/08/2026 10:45:49,usr_msmwf3ah_cwv0h,cor,NCMS000,ɔr,r.consonant,0,indiferent,no,si,nw
19/08/2026 10:48:55,usr_msmwf3ah_cwv0h,merda,NCFS000,ɛrðə,r.consonant,0,indiferent,no,si,va
19/08/2026 10:56:16,usr_msmwf3ah_cwv0h,secrets,NCMP000,ets,r.consonant,0,indiferent,no,si,ca
19/08/2026 10:58:32,usr_msmwf3ah_cwv0h,nom,NCMS000,ɔm,r.consonant,0,indiferent,no,si,nw
19/08/2026 11:27:09,usr_mszw1113_9qblv,setge,NCMS000,edʒə,r.consonant,0,indiferent,no,si,ca
19/08/2026 11:27:29,usr_mszw1113_9qblv,menja,NCFS000,enʒə,r.consonant,0,indiferent,no,si,ba
19/08/2026 11:27:43,usr_mszw1113_9qblv,assetja,VMIP3S00,edʒə,r.consonant,0,indiferent,no,si,ba
19/08/2026 11:28:25,usr_mszw1113_9qblv,lletja,AQ0FS0,edʒə,r.consonant,0,indiferent,no,si,ca
19/08/2026 11:30:49,usr_mszw1113_9qblv,revenja,NCFS000,ɛnʒə,r.consonant,0,indiferent,no,si,ba
19/08/2026 11:31:38,usr_mszw1113_9qblv,fetge,NCMS000,edʒə,r.consonant,0,indiferent,no,si,ca
19/08/2026 12:08:28,usr_msn160ts_o0gqt,vida,NCFS000,iðə,r.consonant,3,indiferent,no,si,ba
19/08/2026 12:09:14,usr_msn160ts_o0gqt,vida,NCFS000,iðə,r.consonant,2,indiferent,no,si,nw
19/08/2026 12:09:30,usr_msn160ts_o0gqt,vida,NCFS000,iə,r.assonant,3,indiferent,no,si,ca
19/08/2026 12:11:56,usr_mswaka17_8fcn9,estona,NCFS000,onə,r.consonant,0,indiferent,no,si,nw
19/08/2026 12:11:56,usr_mswaka17_8fcn9,estona,NCFS000,onə,r.consonant,0,indiferent,no,si,ba
19/08/2026 12:15:32,usr_msn160ts_o0gqt,enfonsa,VMIP3S00,onzə,r.consonant,3,indiferent,no,si,va
19/08/2026 12:15:39,usr_msn160ts_o0gqt,enfonsa,VMIP3S00,onzə,r.consonant,2,indiferent,no,si,ba
19/08/2026 12:15:51,usr_msn160ts_o0gqt,enfonsa,VMIP3S00,oə,r.assonant,3,indiferent,no,si,va
19/08/2026 12:26:35,usr_msn160ts_o0gqt,unic,***,***,r.consonant,3,indiferent,no,si,va
19/08/2026 12:26:41,usr_msn160ts_o0gqt,únic,AQ0MS0,unik,r.consonant,3,indiferent,no,si,ba
19/08/2026 12:26:49,usr_msn160ts_o0gqt,únic,AQ0MS0,ui,r.assonant,3,indiferent,no,si,ca
19/08/2026 13:40:48,usr_mt00swf8_jhoem,peix,NCMS000,eʃ,r.consonant,0,indiferent,no,si,va
19/08/2026 13:40:52,usr_mt00swf8_jhoem,peix,NCMS000,e,r.assonant,0,indiferent,no,si,va
19/08/2026 13:58:12,usr_mt01f9sp_2gazm,vermell,NCMS000,ɛʎ,r.consonant,0,indiferent,no,si,ba
19/08/2026 13:59:03,usr_mt01f9sp_2gazm,petit,NCMS000,it,r.consonant,0,indiferent,no,si,ba
19/08/2026 14:01:28,usr_mt01f9sp_2gazm,blanca,NCFS000,aŋkə,r.consonant,0,indiferent,no,si,ca
19/08/2026 14:16:06,usr_mswaka17_8fcn9,cardó,NCMS000,o,r.consonant,0,indiferent,no,si,va
19/08/2026 14:16:23,usr_mstf7dyi_1wd86,record,NCMS000,ɔrt,r.consonant,0,indiferent,no,si,nw
19/08/2026 14:17:06,usr_msp0hy35_dllt2,adif,NPCNO00,if,r.consonant,0,indiferent,no,si,ba
19/08/2026 14:21:43,usr_mstf7dyi_1wd86,desprevinguda,AQ0FS0,uðə,r.consonant,0,indiferent,no,si,ba
19/08/2026 14:22:59,usr_mstf7dyi_1wd86,aguda,AQ0FS0,uðə,r.consonant,0,indiferent,no,si,nw
19/08/2026 14:26:37,usr_mswaka17_8fcn9,vidboi,***,***,r.consonant,0,indiferent,no,si,ca
19/08/2026 14:26:41,usr_mswaka17_8fcn9,boi,***,***,r.consonant,0,indiferent,no,si,ba
19/08/2026 14:26:45,usr_mswaka17_8fcn9,oi,NCMS000,ɔj,r.consonant,0,indiferent,no,si,nw
19/08/2026 14:28:27,usr_mswaka17_8fcn9,diners,NCMP000,es,r.consonant,0,indiferent,no,si,ba
19/08/2026 15:38:59,usr_mt00swf8_jhoem,bahia,NPCSG00,iə,r.assonant,0,indiferent,no,si,ca
19/08/2026 15:48:43,usr_mt00swf8_jhoem,gasolina,NCFS000,iə,r.assonant,0,indiferent,no,si,ca
19/08/2026 15:50:48,usr_mt05g38a_xn4aa,venjança,NCFS000,ansə,r.consonant,0,indiferent,no,si,ba
19/08/2026 15:55:23,usr_ms7btuyi_nml4w,creure,VMN00000,ɛwɾə,r.consonant,0,indiferent,no,si,va
19/08/2026 16:02:02,usr_mt00swf8_jhoem,aglapir,***,***,r.assonant,0,indiferent,no,si,ba
19/08/2026 16:02:05,usr_mt00swf8_jhoem,aglapir,***,***,r.assonant,0,indiferent,no,si,nw
19/08/2026 16:02:13,usr_mt00swf8_jhoem,esclafit,NCMS000,i,r.assonant,0,indiferent,no,si,nw
19/08/2026 16:04:55,usr_ms7btuyi_nml4w,sota,NCFS000,otə,r.consonant,0,indiferent,no,si,ca
19/08/2026 16:13:21,usr_ms7btuyi_nml4w,data,NCFS000,atə,r.consonant,0,indiferent,no,si,ca
19/08/2026 16:16:37,usr_ms7btuyi_nml4w,agenda,NCFS000,endə,r.consonant,0,indiferent,no,si,nw
19/08/2026 16:33:20,usr_msfy3z81_gmj4a,ple,NCMS000,ɛ,r.consonant,0,indiferent,no,si,ba
19/08/2026 16:37:18,usr_msfy3z81_gmj4a,nou,NCCN000,ɔw,r.consonant,0,indiferent,no,si,ca
19/08/2026 16:58:31,usr_msfy3z81_gmj4a,tens,AQ0MS0,ens,r.consonant,0,indiferent,no,si,va
19/08/2026 16:59:54,usr_msfy3z81_gmj4a,inmmens,***,***,r.consonant,0,indiferent,no,si,nw
19/08/2026 17:00:03,usr_msfy3z81_gmj4a,inmens,***,***,r.consonant,0,indiferent,no,si,nw
19/08/2026 17:00:14,usr_msfy3z81_gmj4a,immens,AQ0MS0,ɛns,r.consonant,0,indiferent,no,si,va
19/08/2026 17:07:08,usr_msfy3z81_gmj4a,amor,NCCS000,or,r.consonant,0,indiferent,no,si,va
19/08/2026 17:30:35,usr_mslqdiqy_7eg62,politic,***,***,r.consonant,0,indiferent,no,si,nw
19/08/2026 17:30:36,usr_mslqdiqy_7eg62,politics,***,***,r.consonant,0,indiferent,no,si,nw
19/08/2026 17:30:43,usr_mslqdiqy_7eg62,pol·lítics,***,***,r.consonant,0,indiferent,no,si,ca
19/08/2026 17:30:44,usr_mslqdiqy_7eg62,pol·lítics,***,***,r.consonant,0,indiferent,no,si,ca
19/08/2026 17:31:05,usr_mslqdiqy_7eg62,polítics,NCMP000,itiks,r.consonant,0,indiferent,no,si,ba
19/08/2026 17:33:30,usr_mslqdiqy_7eg62,polítics,NCMP000,ii,r.assonant,0,indiferent,no,si,ba
19/08/2026 17:33:32,usr_mslqdiqy_7eg62,polítics,NCMP000,ii,r.assonant,0,indiferent,no,si,nw
19/08/2026 17:33:41,usr_mslqdiqy_7eg62,polítics,NCMP000,itiks,r.consonant,0,indiferent,no,si,va
19/08/2026 17:41:27,usr_mslqdiqy_7eg62,fart,NCMS000,art,r.consonant,0,indiferent,no,si,nw
19/08/2026 18:58:09,usr_mswaka17_8fcn9,braços,NCMP000,asus,r.consonant,0,indiferent,no,si,ca
19/08/2026 19:07:16,usr_mt0cgs3t_t0znl,ir,***,***,r.consonant,1,indiferent,no,si,ba
19/08/2026 19:07:23,usr_mt0cgs3t_t0znl,ir,***,***,r.consonant,1,indiferent,no,no,va
19/08/2026 19:07:28,usr_mt0cgs3t_t0znl,ir,***,***,r.consonant,2,indiferent,no,no,ca
19/08/2026 19:07:31,usr_mt0cgs3t_t0znl,ir,***,***,r.consonant,2,indiferent,no,no,ba
19/08/2026 19:07:31,usr_mt0cgs3t_t0znl,ir,***,***,r.consonant,2,indiferent,no,no,ca
19/08/2026 19:07:32,usr_mt0cgs3t_t0znl,ir,***,***,r.consonant,2,indiferent,no,no,nw
19/08/2026 19:07:32,usr_mt0cgs3t_t0znl,ir,***,***,r.consonant,2,indiferent,no,no,nw
19/08/2026 19:07:33,usr_mt0cgs3t_t0znl,ir,***,***,r.consonant,2,indiferent,no,no,ba
19/08/2026 19:07:33,usr_mt0cgs3t_t0znl,ir,***,***,r.consonant,2,indiferent,no,no,nw
19/08/2026 19:07:33,usr_mt0cgs3t_t0znl,ir,***,***,r.consonant,2,indiferent,no,no,ba
19/08/2026 19:07:33,usr_mt0cgs3t_t0znl,ir,***,***,r.consonant,2,indiferent,no,no,nw
19/08/2026 19:07:33,usr_mt0cgs3t_t0znl,ir,***,***,r.consonant,2,indiferent,no,no,nw
19/08/2026 19:07:34,usr_mt0cgs3t_t0znl,ir,***,***,r.consonant,2,indiferent,no,no,ca
19/08/2026 19:07:35,usr_mt0cgs3t_t0znl,ir,***,***,r.consonant,2,indiferent,no,no,ba
19/08/2026 19:07:41,usr_mt0cgs3t_t0znl,ir,***,***,r.consonant,2,indiferent,no,no,nw
19/08/2026 19:31:40,usr_mrv97eba_v0083,rimador,***,***,r.consonant,0,indiferent,no,si,ba
19/08/2026 19:31:45,usr_mrv97eba_v0083,rimador,***,***,r.consonant,0,indiferent,no,si,va
19/08/2026 20:11:34,usr_ms7btuyi_nml4w,entenem,VMIP1P00,ɛm,r.consonant,0,indiferent,no,si,ca
19/08/2026 20:11:43,usr_ms7btuyi_nml4w,entenem,VMIP1P00,ɛm,r.consonant,0,indiferent,no,si,nw
19/08/2026 20:12:17,usr_ms7btuyi_nml4w,entenem,VMIP1P00,ɛm,r.consonant,0,indiferent,no,si,nw
19/08/2026 20:12:38,usr_ms7btuyi_nml4w,entenem,VMIP1P00,ɛm,r.consonant,0,indiferent,no,si,nw
19/08/2026 21:55:08,usr_msmwf3ah_cwv0h,pell,NCFS000,eʎ,r.consonant,0,indiferent,no,si,ca
19/08/2026 22:05:16,usr_ms7btuyi_nml4w,tu,PP2CSN00,u,r.consonant,0,indiferent,no,si,ca
19/08/2026 23:22:41,usr_msd66n6o_jw93a,guardi,VMM03S0Y,arði,r.consonant,0,indiferent,no,si,va
19/08/2026 23:38:47,usr_mt0m5va4_2rvy3,setembre,NCMS000,eə,r.assonant,0,indiferent,no,si,ca
20/08/2026 2:01:35,usr_ms3d4ade_edo2g,ataràxia,NCFS000,aksiə,r.consonant,0,indiferent,no,si,ba
20/08/2026 9:32:08,usr_mrx4oknp_u4ni2,paraula,NCFS000,awlə,r.consonant,0,indiferent,no,si,ba
20/08/2026 9:33:13,usr_ms78a4ki_37kmj,permesa,VMP00SF0,ɛzə,r.consonant,0,indiferent,no,si,va
20/08/2026 9:34:16,usr_mrx4oknp_u4ni2,tarannà,NCMS000,a,r.consonant,0,indiferent,no,si,ba
20/08/2026 9:37:43,usr_mrx4oknp_u4ni2,taula,NCFS000,awlə,r.consonant,0,indiferent,no,si,va
20/08/2026 9:42:08,usr_mrx4oknp_u4ni2,oportú,AQ0MS0,u,r.consonant,0,indiferent,no,si,nw
20/08/2026 9:48:02,usr_ms78a4ki_37kmj,lletres,NCFP000,ɛtɾəs,r.consonant,0,indiferent,no,si,ba
20/08/2026 9:48:50,usr_ms78a4ki_37kmj,gandul,NCMS000,ul,r.consonant,0,indiferent,no,si,ba
20/08/2026 9:49:30,usr_mrx4oknp_u4ni2,excés,NCMS000,es,r.consonant,0,indiferent,no,si,va
20/08/2026 9:55:38,usr_msyx3bls_fuygr,ment,NCFS000,en,r.consonant,0,indiferent,no,si,ba
20/08/2026 10:01:02,usr_mrx4oknp_u4ni2,ritme,NCMS000,immə,r.consonant,0,indiferent,no,si,ba
20/08/2026 10:08:20,usr_mrx4oknp_u4ni2,honor,NCCS000,or,r.consonant,0,indiferent,no,si,nw
20/08/2026 10:08:48,usr_mrx4oknp_u4ni2,cor,NCMS000,ɔr,r.consonant,0,indiferent,no,si,ca
20/08/2026 10:08:49,usr_mrx4oknp_u4ni2,cor,NCMS000,ɔr,r.consonant,0,indiferent,no,si,ca
20/08/2026 11:20:48,usr_msd66n6o_jw93a,badall,NCMS000,aʎ,r.consonant,0,indiferent,no,si,ba
20/08/2026 11:33:12,usr_mstfzi2g_6wtgi,família,NCFS000,iliə,r.consonant,0,indiferent,no,si,ba
20/08/2026 11:34:58,usr_mstfzi2g_6wtgi,famílies,NCFP000,iliəs,r.consonant,0,indiferent,no,si,nw
20/08/2026 11:37:09,usr_msfy3z81_gmj4a,tancar,VMN00000,a,r.consonant,0,indiferent,no,si,ba
20/08/2026 11:37:28,usr_msfy3z81_gmj4a,tancar,VMN00000,a,r.consonant,0,indiferent,no,si,ba
20/08/2026 11:37:40,usr_msfy3z81_gmj4a,tancar,VMN00000,a,r.consonant,0,indiferent,no,si,nw
20/08/2026 11:38:53,usr_msfy3z81_gmj4a,tancar,VMN00000,a,r.consonant,0,indiferent,no,si,ba
20/08/2026 11:40:36,usr_msfy3z81_gmj4a,tancar,VMN00000,a,r.consonant,0,indiferent,no,si,ba
20/08/2026 11:50:21,usr_mswaka17_8fcn9,colors,NCCP000,os,r.consonant,0,indiferent,no,si,ca
20/08/2026 11:55:47,usr_mswaka17_8fcn9,camp,NCMS000,am,r.consonant,0,indiferent,no,si,ca
20/08/2026 12:08:05,usr_mt1cxisw_s93yx,jan,NCMS000,an,r.consonant,0,indiferent,no,si,nw
20/08/2026 12:08:32,usr_mt1cxisw_s93yx,jan,NCMS000,an,r.consonant,0,indiferent,no,si,va
20/08/2026 12:08:46,usr_mswaka17_8fcn9,bauma,***,***,r.consonant,0,indiferent,no,si,ba
20/08/2026 12:08:49,usr_mswaka17_8fcn9,auma,***,***,r.consonant,0,indiferent,no,si,va
20/08/2026 12:08:53,usr_mswaka17_8fcn9,auma,***,***,r.assonant,0,indiferent,no,si,ca
20/08/2026 12:09:06,usr_mt1cxisw_s93yx,jan,NCMS000,an,r.consonant,4,indiferent,no,si,ba
20/08/2026 12:10:21,usr_mt1cxisw_s93yx,primet,***,***,r.consonant,4,indiferent,no,si,ca
20/08/2026 12:10:25,usr_mswaka17_8fcn9,uri,NPCSG00,ui,r.assonant,0,indiferent,no,si,ca
20/08/2026 12:10:26,usr_mt1cxisw_s93yx,primet,***,***,r.consonant,0,indiferent,no,si,nw
20/08/2026 12:10:31,usr_mt1cxisw_s93yx,primet,***,***,r.assonant,0,indiferent,no,si,ca
20/08/2026 12:10:32,usr_mt1cxisw_s93yx,primet,***,***,r.assonant,0,indiferent,no,si,va
20/08/2026 12:10:33,usr_mt1cxisw_s93yx,primet,***,***,r.assonant,0,indiferent,no,si,ca
20/08/2026 12:10:33,usr_mt1cxisw_s93yx,primet,***,***,r.assonant,0,indiferent,no,si,ca
20/08/2026 12:10:42,usr_mt1cxisw_s93yx,jovenet,***,***,r.assonant,0,indiferent,no,si,ba
20/08/2026 12:10:44,usr_mt1cxisw_s93yx,jovenet,***,***,r.assonant,0,indiferent,no,si,nw
20/08/2026 12:10:46,usr_mt1cxisw_s93yx,jovenet,***,***,r.assonant,0,indiferent,no,si,ca
20/08/2026 12:10:46,usr_mt1cxisw_s93yx,jovenet,***,***,r.assonant,0,indiferent,no,si,ca
20/08/2026 12:10:50,usr_mt1cxisw_s93yx,jovenet,***,***,r.consonant,0,indiferent,no,si,ca
20/08/2026 12:10:50,usr_mt1cxisw_s93yx,jovenet,***,***,r.consonant,0,indiferent,no,si,nw
20/08/2026 12:11:07,usr_mt1cxisw_s93yx,net,***,***,r.consonant,0,indiferent,no,si,nw
20/08/2026 12:11:13,usr_mt1cxisw_s93yx,net,***,***,r.consonant,0,indiferent,no,si,ba
20/08/2026 12:11:25,usr_mt1cxisw_s93yx,net,***,***,r.consonant,0,indiferent,no,si,va
20/08/2026 12:11:28,usr_mswaka17_8fcn9,merda,NCFS000,ɛə,r.assonant,0,indiferent,no,si,nw
20/08/2026 12:11:35,usr_mt1cxisw_s93yx,net,***,***,r.consonant,0,indiferent,no,si,nw
20/08/2026 12:11:47,usr_mt1cxisw_s93yx,panet,NCMS000,ɛt,r.consonant,0,indiferent,no,si,ca
20/08/2026 12:20:54,usr_mswaka17_8fcn9,més,NCMN000,e,r.assonant,0,indiferent,no,si,va
20/08/2026 12:20:56,usr_mswaka17_8fcn9,més,NCMN000,e,r.assonant,0,indiferent,no,si,va
20/08/2026 12:20:59,usr_mswaka17_8fcn9,més,NCMN000,e,r.assonant,0,indiferent,no,si,nw
20/08/2026 12:28:44,usr_ms08dbgw_c6iss,escenari,NCMS000,aɾi,r.consonant,0,indiferent,no,si,va
20/08/2026 12:36:55,usr_ms08dbgw_c6iss,cotxe,NCMS000,otʃə,r.consonant,0,indiferent,no,si,va
20/08/2026 12:39:03,usr_ms7btuyi_nml4w,bé,NCMS000,e,r.consonant,0,indiferent,no,si,ba
20/08/2026 13:18:18,usr_mstf7dyi_1wd86,coure,NCMS000,owɾə,r.consonant,0,indiferent,no,si,nw
20/08/2026 13:18:42,usr_mstf7dyi_1wd86,coure,NCMS000,oə,r.assonant,0,indiferent,no,si,va
20/08/2026 13:19:22,usr_mstf7dyi_1wd86,esclafa,VMIP3S00,aə,r.assonant,0,indiferent,no,si,ba
20/08/2026 13:19:48,usr_mrxrmps0_cv8p5,contracorrent,NCMS000,en,r.consonant,2,indiferent,no,si,nw
20/08/2026 13:20:33,usr_mstf7dyi_1wd86,esclafa,VMIP3S00,afə,r.consonant,0,indiferent,no,si,va
20/08/2026 13:21:21,usr_mrxrmps0_cv8p5,contracorrent,NCMS000,en,r.consonant,1,indiferent,no,si,nw
20/08/2026 13:25:57,usr_mslqdiqy_7eg62,politics,***,***,r.consonant,0,indiferent,no,si,va
20/08/2026 13:26:02,usr_mslqdiqy_7eg62,polítics,NCMP000,itiks,r.consonant,0,indiferent,no,si,va
20/08/2026 13:26:50,usr_ms7btuyi_nml4w,lliure,AQ0CS0,iwɾə,r.consonant,0,indiferent,no,si,ca
20/08/2026 13:31:32,usr_mstf7dyi_1wd86,estiu,NCMS000,iw,r.consonant,0,indiferent,no,si,nw
20/08/2026 13:31:33,usr_mstf7dyi_1wd86,estiu,NCMS000,iw,r.consonant,0,indiferent,no,si,nw
20/08/2026 13:31:34,usr_mstf7dyi_1wd86,estiu,NCMS000,iw,r.consonant,0,indiferent,no,si,ba
20/08/2026 13:38:05,usr_mslqdiqy_7eg62,bitllets,NCMP000,ɛts,r.consonant,0,indiferent,no,si,nw
20/08/2026 13:41:42,usr_mstf7dyi_1wd86,bruixot,NCMS000,ɔt,r.consonant,0,indiferent,no,si,va
20/08/2026 13:44:08,usr_mstf7dyi_1wd86,alzina,NCFS000,inə,r.consonant,0,indiferent,no,si,va
20/08/2026 13:47:51,usr_mrxrmps0_cv8p5,contracorrent,NCMS000,en,r.consonant,2,indiferent,no,si,ba
20/08/2026 13:48:10,usr_mrxrmps0_cv8p5,riu,NCMS000,iw,r.consonant,2,indiferent,no,si,nw
20/08/2026 13:48:23,usr_mrxrmps0_cv8p5,riu,NCMS000,iw,r.consonant,1,indiferent,no,si,va
20/08/2026 13:48:31,usr_mrxrmps0_cv8p5,riu,NCMS000,iw,r.consonant,2,indiferent,no,si,ca
20/08/2026 14:01:11,usr_ms7btuyi_nml4w,teva,PX2FS0S0,eβə,r.consonant,0,indiferent,no,si,ca
20/08/2026 16:22:16,usr_mrxrmps0_cv8p5,cabal,NCMS000,al,r.consonant,2,indiferent,no,si,va
20/08/2026 16:43:43,usr_mrxrmps0_cv8p5,fer,AQ0MS0,e,r.assonant,1,indiferent,no,si,ba
20/08/2026 16:43:57,usr_mrxrmps0_cv8p5,al`,***,***,r.assonant,2,indiferent,no,si,ca
20/08/2026 16:44:02,usr_mrxrmps0_cv8p5,fer,AQ0MS0,e,r.assonant,2,indiferent,no,si,va
20/08/2026 16:51:47,usr_mrxrmps0_cv8p5,cas,NCFP000,as,r.consonant,1,indiferent,no,si,ba
20/08/2026 17:02:31,usr_mrxrmps0_cv8p5,raó,NCFS000,o,r.consonant,1,indiferent,no,si,va
20/08/2026 17:02:38,usr_mrxrmps0_cv8p5,raó,NCFS000,o,r.assonant,1,indiferent,no,si,va
20/08/2026 17:03:28,usr_mt1nhea1_fa81y,paraules,NCFP000,awləs,r.consonant,0,indiferent,no,si,ba
20/08/2026 17:03:53,usr_mt1nhea1_fa81y,paraules,NCFP000,aə,r.assonant,0,indiferent,no,si,va
20/08/2026 17:04:57,usr_mt1nhea1_fa81y,paraules,NCFP000,awləs,r.consonant,0,indiferent,no,si,nw
20/08/2026 17:05:00,usr_mrxrmps0_cv8p5,fer,AQ0MS0,e,r.assonant,1,indiferent,no,si,va
20/08/2026 17:05:21,usr_ms78a4ki_37kmj,anca,NCFS000,aŋkə,r.consonant,0,indiferent,no,si,va
20/08/2026 17:09:37,usr_mt1npb5z_th729,perfecta,AQ0FS0,ektə,r.consonant,0,indiferent,no,si,ca
20/08/2026 17:32:51,usr_mrxrmps0_cv8p5,cabal,NCMS000,a,r.assonant,1,indiferent,no,si,ba
20/08/2026 17:32:55,usr_mrxrmps0_cv8p5,cabal,NCMS000,al,r.consonant,1,indiferent,no,si,nw
20/08/2026 17:55:27,usr_mt1npb5z_th729,sola,NCFS000,ɔlə,r.consonant,0,indiferent,no,si,nw
20/08/2026 18:01:04,usr_mt1npb5z_th729,tresor,NCMS000,ɔr,r.consonant,0,indiferent,no,si,ca
20/08/2026 18:14:02,usr_mt1npb5z_th729,inventats,VMP00PM0,ats,r.consonant,0,indiferent,no,si,va
20/08/2026 18:14:04,usr_mt1npb5z_th729,inventats,VMP00PM0,ats,r.consonant,0,indiferent,no,si,va
20/08/2026 18:14:48,usr_mt1npb5z_th729,concrets,NCMP000,ets,r.consonant,0,indiferent,no,si,va
20/08/2026 18:16:11,usr_mt1npb5z_th729,ma,DP1FSS,ə,r.consonant,0,indiferent,no,si,va
20/08/2026 18:17:17,usr_mt1npb5z_th729,ins,***,***,r.consonant,0,indiferent,no,si,ca
20/08/2026 18:17:25,usr_mt1npb5z_th729,matins,NCMP000,ins,r.consonant,0,indiferent,no,si,ca
20/08/2026 18:41:32,usr_mstfbme9_z9xrn,setembre,NCMS000,embɾə,r.consonant,0,indiferent,no,si,nw
20/08/2026 18:41:54,usr_mstfbme9_z9xrn,empra,VMIP3S00,empɾə,r.consonant,0,indiferent,no,si,nw
20/08/2026 18:42:21,usr_mstfbme9_z9xrn,setembre,NCMS000,eə,r.assonant,0,indiferent,no,si,va
20/08/2026 19:15:15,usr_mt1s6ur1_p6ejz,erda,***,***,r.consonant,0,indiferent,no,si,ba
20/08/2026 19:15:23,usr_mt1s6ur1_p6ejz,verda,AQ0FS0,ɛrðə,r.consonant,0,indiferent,no,si,ba
20/08/2026 19:15:59,usr_mt1s6ur1_p6ejz,verds,NCMP000,ɛrs,r.consonant,0,indiferent,no,si,va
20/08/2026 19:45:04,usr_mt1t96yc_5a7zc,botó,NCMS000,o,r.consonant,0,indiferent,no,si,ca
20/08/2026 19:45:11,usr_mt1t96yc_5a7zc,botó,NCMS000,o,r.consonant,0,indiferent,no,si,nw
20/08/2026 20:03:14,usr_ms7btuyi_nml4w,forma,NCFS000,ormə,r.consonant,0,indiferent,no,si,ba
20/08/2026 20:11:11,usr_mstfbme9_z9xrn,bosc,NCMS000,ɔsk,r.consonant,0,indiferent,no,si,nw
20/08/2026 20:11:20,usr_mstfbme9_z9xrn,arbre,NCMS000,aβɾə,r.consonant,0,indiferent,no,si,ca
20/08/2026 20:33:41,usr_mstfbme9_z9xrn,església,NCFS000,eziə,r.consonant,0,indiferent,no,si,ca
20/08/2026 20:33:46,usr_mstfbme9_z9xrn,església,NCFS000,eiə,r.assonant,0,indiferent,no,si,ca
20/08/2026 21:01:14,usr_mt1vz4t7_h6hcv,vosaltres,PP2CPN00,altɾəs,r.consonant,0,indiferent,no,si,ca
20/08/2026 21:01:31,usr_mt1vz4t7_h6hcv,natura,NCFS000,uɾə,r.consonant,0,indiferent,no,si,va
20/08/2026 21:01:32,usr_mt1vz4t7_h6hcv,natura,NCFS000,uɾə,r.consonant,0,indiferent,no,si,va
20/08/2026 21:01:51,usr_mt1vzxo5_uk1al,cançons,NCFP000,ons,r.consonant,0,indiferent,no,si,ca
20/08/2026 23:04:15,usr_ms0ddo11_cndf5,bigotis,NCMP000,ɔtis,r.consonant,0,indiferent,no,si,va
20/08/2026 23:04:23,usr_ms0ddo11_cndf5,bigoti,NCMS000,ɔti,r.consonant,0,indiferent,no,si,nw
20/08/2026 23:06:02,usr_ms0ddo11_cndf5,barba,NCFS000,arβə,r.consonant,0,indiferent,no,si,ba
20/08/2026 23:06:15,usr_ms0ddo11_cndf5,barbes,NCFP000,arβəs,r.consonant,0,indiferent,no,si,va
20/08/2026 23:06:22,usr_ms0ddo11_cndf5,barbes,NCFP000,aə,r.assonant,0,indiferent,no,si,nw
20/08/2026 23:07:17,usr_ms0ddo11_cndf5,bigoti,NCMS000,ɔi,r.assonant,0,indiferent,no,si,nw
20/08/2026 23:07:44,usr_ms0ddo11_cndf5,bigoti,NCMS000,ɔti,r.consonant,0,indiferent,no,si,va
20/08/2026 23:11:28,usr_ms0ddo11_cndf5,senyoret,***,***,r.consonant,0,indiferent,no,si,ba
20/08/2026 23:11:36,usr_ms0ddo11_cndf5,majoret,***,***,r.consonant,0,indiferent,no,si,nw
20/08/2026 23:11:38,usr_ms0ddo11_cndf5,majoret,***,***,r.consonant,0,indiferent,no,si,nw
20/08/2026 23:12:14,usr_ms0ddo11_cndf5,amoret,NCMS000,ɛt,r.consonant,0,indiferent,no,si,ca
20/08/2026 23:14:48,usr_ms0ddo11_cndf5,millor,AQ0CS0,o,r.consonant,0,indiferent,no,si,nw
20/08/2026 23:16:36,usr_mt20t7wu_xpogw,boca,NCFS000,okə,r.consonant,0,indiferent,no,si,nw
20/08/2026 23:55:08,usr_msg99rht_qkano,fossar,NCMS000,a,r.consonant,0,indiferent,no,si,ba
20/08/2026 23:56:03,usr_msg99rht_qkano,gussi,NCMS000,usi,r.consonant,0,indiferent,no,si,ca
20/08/2026 23:59:02,usr_msg99rht_qkano,més,NCMN000,es,r.consonant,0,indiferent,no,si,ca
21/08/2026 0:02:30,usr_ms0ddo11_cndf5,barba,NCFS000,arβə,r.consonant,0,indiferent,no,si,nw
21/08/2026 0:03:01,usr_ms0ddo11_cndf5,larva,NCFS000,arβə,r.consonant,0,indiferent,no,si,va
21/08/2026 0:03:02,usr_ms0ddo11_cndf5,larva,NCFS000,arβə,r.consonant,0,indiferent,no,si,ba
21/08/2026 0:04:00,usr_ms0ddo11_cndf5,titlla,NCFS000,iʎʎə,r.consonant,0,indiferent,no,si,va
21/08/2026 0:04:17,usr_ms0ddo11_cndf5,públic,NCMS000,ubblik,r.consonant,0,indiferent,no,si,ca
21/08/2026 0:04:34,usr_ms0ddo11_cndf5,multitud,NCFS000,ut,r.consonant,0,indiferent,no,si,ca
21/08/2026 0:05:15,usr_mt22jtrx_3g2dy,iogurt,NCMS000,ur,r.consonant,0,indiferent,no,si,va
21/08/2026 0:05:54,usr_ms0ddo11_cndf5,cognom,NCMS000,ɔm,r.consonant,0,indiferent,no,si,ba
21/08/2026 0:06:02,usr_mt22jtrx_3g2dy,mola,NCFS000,ɔlə,r.consonant,0,indiferent,no,si,ba
21/08/2026 0:06:03,usr_ms0ddo11_cndf5,espanyol,NCMS000,ɔl,r.consonant,0,indiferent,no,si,nw
21/08/2026 0:06:10,usr_ms0ddo11_cndf5,cognom,NCMS000,ɔm,r.consonant,0,indiferent,no,si,nw
21/08/2026 0:07:10,usr_mt22jtrx_3g2dy,cim,NCMS000,im,r.consonant,0,indiferent,no,si,ca
21/08/2026 0:07:55,usr_mt22jtrx_3g2dy,falla,NCFS000,aʎə,r.consonant,0,indiferent,no,si,ca
21/08/2026 0:07:57,usr_mt22jtrx_3g2dy,falla,NCFS000,aʎə,r.consonant,0,indiferent,no,si,ca
21/08/2026 0:08:06,usr_ms0ddo11_cndf5,no,NCMS000,o,r.consonant,0,indiferent,no,si,ca
21/08/2026 0:10:20,usr_mt22jtrx_3g2dy,iogurt,NCMS000,ur,r.consonant,0,indiferent,no,si,ba
21/08/2026 0:10:22,usr_mt22jtrx_3g2dy,iogurt,NCMS000,ur,r.consonant,0,indiferent,no,si,nw
21/08/2026 0:12:23,usr_ms0ddo11_cndf5,agafat,AQ0MS0,at,r.consonant,0,indiferent,no,si,nw
21/08/2026 0:16:53,usr_mt22jtrx_3g2dy,fibra,NCFS000,iβɾə,r.consonant,0,indiferent,no,si,nw
21/08/2026 0:16:54,usr_mt22jtrx_3g2dy,fibra,NCFS000,iβɾə,r.consonant,0,indiferent,no,si,ca
21/08/2026 0:34:37,usr_ms0ddo11_cndf5,asterisc,NCMS000,isk,r.consonant,0,indiferent,no,si,ca
21/08/2026 0:37:04,usr_ms0ddo11_cndf5,focs,NCMP000,ɔks,r.consonant,0,indiferent,no,si,ca
21/08/2026 0:37:52,usr_mt1s6ur1_p6ejz,clemència,NCFS000,ɛnsiə,r.consonant,0,indiferent,no,si,nw
21/08/2026 0:38:49,usr_mt1s6ur1_p6ejz,bleda,NCCS000,ɛðə,r.consonant,0,indiferent,no,si,nw
21/08/2026 0:42:56,usr_mt1s6ur1_p6ejz,futbol,NCMS000,ɔl,r.consonant,0,indiferent,no,si,ba
21/08/2026 0:46:48,usr_ms0ddo11_cndf5,interrogació,NCFS000,o,r.consonant,0,indiferent,no,si,nw
21/08/2026 0:48:22,usr_ms0ddo11_cndf5,cigne,NCMS000,iɡnə,r.consonant,0,indiferent,no,si,ba
21/08/2026 0:51:20,usr_mt1s6ur1_p6ejz,país,NCMS000,is,r.consonant,0,indiferent,no,si,nw
21/08/2026 0:54:39,usr_mt1s6ur1_p6ejz,jaume,NPCNSP0,awmə,r.consonant,0,indiferent,no,si,va
21/08/2026 0:54:56,usr_mt1s6ur1_p6ejz,bleda,NCCS000,ɛðə,r.consonant,0,indiferent,no,si,ca
21/08/2026 0:58:30,usr_mt1s6ur1_p6ejz,sacrilegi,NCMS000,ɛʒi,r.consonant,0,indiferent,no,si,va
21/08/2026 0:59:21,usr_mt1s6ur1_p6ejz,heretgia,NCFS000,iə,r.consonant,0,indiferent,no,si,ca
21/08/2026 0:59:23,usr_mt1s6ur1_p6ejz,heretgia,NCFS000,iə,r.consonant,0,indiferent,no,si,ba
21/08/2026 1:01:31,usr_mt1s6ur1_p6ejz,inundable,AQ0CS0,abblə,r.consonant,0,indiferent,no,si,ca
21/08/2026 1:01:35,usr_ms7btuyi_nml4w,carta,NCFS000,artə,r.consonant,0,indiferent,no,si,ba
21/08/2026 1:03:48,usr_ms0ddo11_cndf5,llac,NCMS000,ak,r.consonant,0,indiferent,no,si,ba
21/08/2026 1:03:58,usr_ms0ddo11_cndf5,respostes,NCFP000,ɔstəs,r.consonant,0,indiferent,no,si,ba
21/08/2026 1:04:07,usr_ms7btuyi_nml4w,cos,NCMS000,ɔs,r.consonant,0,indiferent,no,si,ca
21/08/2026 1:04:25,usr_mt1s6ur1_p6ejz,metropolitana,AQ0FS0,anə,r.consonant,0,indiferent,no,si,ba
21/08/2026 1:05:41,usr_mt1s6ur1_p6ejz,atenció,NCFS000,o,r.consonant,0,indiferent,no,si,nw
21/08/2026 1:06:00,usr_ms7btuyi_nml4w,carta,NCFS000,artə,r.consonant,0,indiferent,no,si,nw
21/08/2026 1:09:27,usr_mt1s6ur1_p6ejz,vol,NCMS000,ɔl,r.consonant,0,indiferent,no,si,ca
21/08/2026 1:09:30,usr_ms7btuyi_nml4w,braços,NCMP000,asus,r.consonant,0,indiferent,no,si,va
21/08/2026 1:13:58,usr_mt1s6ur1_p6ejz,naus,NCFP000,aws,r.consonant,0,indiferent,no,si,nw
21/08/2026 1:15:02,usr_mt1s6ur1_p6ejz,inundable,AQ0CS0,abblə,r.consonant,0,indiferent,no,si,ca
21/08/2026 1:16:08,usr_ms7btuyi_nml4w,faltes,NCFP000,altəs,r.consonant,0,indiferent,no,si,ca
21/08/2026 1:17:47,usr_mt1s6ur1_p6ejz,polígon,NCMS000,iɣun,r.consonant,0,indiferent,no,si,va
21/08/2026 1:18:14,usr_mt1s6ur1_p6ejz,futbol,NCMS000,ɔl,r.consonant,0,indiferent,no,si,va
21/08/2026 1:21:30,usr_mt1s6ur1_p6ejz,illa,NCFS000,iʎə,r.consonant,0,indiferent,no,si,ca
21/08/2026 1:23:03,usr_mt1s6ur1_p6ejz,país,NCMS000,is,r.consonant,0,indiferent,no,si,va
21/08/2026 1:25:36,usr_mt1s6ur1_p6ejz,cé,***,***,r.consonant,0,indiferent,no,si,ba
21/08/2026 1:25:40,usr_mt1s6ur1_p6ejz,sé,VMIP1S00,e,r.consonant,0,indiferent,no,si,va
21/08/2026 1:25:42,usr_mt1s6ur1_p6ejz,sé,VMIP1S00,e,r.consonant,0,indiferent,no,si,va
21/08/2026 1:29:22,usr_mt1s6ur1_p6ejz,futbol,NCMS000,ɔl,r.consonant,0,indiferent,no,si,nw
21/08/2026 1:31:42,usr_mt1s6ur1_p6ejz,territori,NCMS000,ɔɾi,r.consonant,0,indiferent,no,si,ca
21/08/2026 2:06:23,usr_mt1s6ur1_p6ejz,enteniment,NCMS000,en,r.consonant,0,indiferent,no,si,ca
21/08/2026 2:07:07,usr_mt1s6ur1_p6ejz,odissea,NCFS000,eə,r.consonant,0,indiferent,no,si,nw
21/08/2026 2:08:29,usr_mt1s6ur1_p6ejz,nous,NCFP000,ɔws,r.consonant,0,indiferent,no,si,va
21/08/2026 2:09:09,usr_mt1s6ur1_p6ejz,habitatges,NCMP000,adʒəs,r.consonant,0,indiferent,no,si,nw
21/08/2026 2:10:30,usr_mt1s6ur1_p6ejz,pisos,NCMP000,izus,r.consonant,0,indiferent,no,si,nw
21/08/2026 2:11:51,usr_mt1s6ur1_p6ejz,cabanyes,NCFP000,aɲəs,r.consonant,0,indiferent,no,si,nw
21/08/2026 2:16:20,usr_mt1s6ur1_p6ejz,muralles,NCFP000,aʎəs,r.consonant,0,indiferent,no,si,va
21/08/2026 2:17:50,usr_mt1s6ur1_p6ejz,universitària,NCFS000,aɾiə,r.consonant,0,indiferent,no,si,nw
21/08/2026 2:19:47,usr_mt1s6ur1_p6ejz,satisfet,VMP00SM0,et,r.consonant,0,indiferent,no,si,ba
21/08/2026 2:22:21,usr_mt1s6ur1_p6ejz,nits,NCFP000,its,r.consonant,0,indiferent,no,si,va
21/08/2026 2:22:51,usr_mt1s6ur1_p6ejz,raonables,AQ0CP0,abbləs,r.consonant,0,indiferent,no,si,nw
21/08/2026 2:23:21,usr_mt1s6ur1_p6ejz,festa,NCFS000,estə,r.consonant,0,indiferent,no,si,ba
21/08/2026 2:28:41,usr_mt1s6ur1_p6ejz,digne,AQ0MS0,iɡnə,r.consonant,0,indiferent,no,si,ba
21/08/2026 2:30:11,usr_mt1s6ur1_p6ejz,transport,NCMS000,ɔrt,r.consonant,0,indiferent,no,si,ba
21/08/2026 7:22:41,usr_ms7btuyi_nml4w,regla,NCFS000,eɡɡlə,r.consonant,0,indiferent,no,si,ca
21/08/2026 7:26:52,usr_ms7btuyi_nml4w,nata,NCFS000,atə,r.consonant,0,indiferent,no,si,ca
21/08/2026 7:28:54,usr_ms7btuyi_nml4w,gros,NCMP000,ɔs,r.consonant,0,indiferent,no,si,ba
21/08/2026 7:39:21,usr_ms7btuyi_nml4w,gust,NCMS000,ust,r.consonant,0,indiferent,no,si,nw
21/08/2026 7:48:22,usr_ms7btuyi_nml4w,nostra,DP1FSP,ɔstɾə,r.consonant,0,indiferent,no,si,va
21/08/2026 7:50:01,usr_ms7btuyi_nml4w,oblidi,VMM03S0Y,iði,r.consonant,0,indiferent,no,si,nw
21/08/2026 7:50:53,usr_ms7btuyi_nml4w,nostra,DP1FSP,ɔstɾə,r.consonant,0,indiferent,no,si,ba
21/08/2026 9:55:27,usr_mt2nmshg_1ybzf,cuina,NCFS000,ujnə,r.consonant,0,indiferent,no,si,ca
21/08/2026 11:06:32,usr_mt2q67xm_v57su,ina,***,***,r.consonant,5,indiferent,no,si,nw
21/08/2026 11:06:43,usr_mt2q67xm_v57su,ina,***,***,r.consonant,4,indiferent,no,si,nw
21/08/2026 11:06:47,usr_mt2q67xm_v57su,ina,***,***,r.consonant,4,indiferent,no,si,ca
21/08/2026 11:06:49,usr_mt2q67xm_v57su,ina,***,***,r.consonant,0,indiferent,no,si,ca
21/08/2026 11:06:51,usr_mt2q67xm_v57su,ina,***,***,r.consonant,0,indiferent,no,si,ca
21/08/2026 11:06:57,usr_mt2q67xm_v57su,ina,***,***,r.consonant,0,indiferent,no,si,ca
21/08/2026 12:35:42,usr_ms78a4ki_37kmj,bar,NCMS000,ar,r.consonant,0,indiferent,no,si,nw
21/08/2026 12:58:51,usr_mt2u6ngm_j1qco,contenta,AQ0FS0,entə,r.consonant,0,indiferent,no,si,va
21/08/2026 13:45:19,usr_mt2vudek_dryrg,er,NPCSG00,ɛ,r.consonant,0,indiferent,no,si,nw
21/08/2026 13:47:49,usr_mstf7dyi_1wd86,moradenques,AQ0FP0,ɛŋkəs,r.consonant,0,indiferent,no,si,ca
21/08/2026 13:47:50,usr_mt2vxn6e_oqct5,cul,NCMS000,ul,r.consonant,0,indiferent,no,si,ca
21/08/2026 13:47:50,usr_mstf7dyi_1wd86,moradenques,AQ0FP0,ɛŋkəs,r.consonant,0,indiferent,no,si,ca
21/08/2026 13:51:00,usr_mstf7dyi_1wd86,vermell,NCMS000,ɛʎ,r.consonant,0,indiferent,no,si,nw
21/08/2026 13:51:02,usr_mstf7dyi_1wd86,vermell,NCMS000,ɛʎ,r.consonant,0,indiferent,no,si,ca
21/08/2026 14:01:31,usr_mt2wf6tq_xf7q7,ser,NCMS000,e,r.consonant,0,indiferent,no,si,ca
21/08/2026 14:01:31,usr_mt2wf6tq_xf7q7,ser,NCMS000,e,r.consonant,0,indiferent,no,si,ca
21/08/2026 14:09:07,usr_mryuy7xv_kwye9,núvol,NCMS000,uβul,r.consonant,0,indiferent,no,si,ca
21/08/2026 14:11:54,usr_mstf7dyi_1wd86,lloves,***,***,r.consonant,0,indiferent,no,si,va
21/08/2026 14:12:12,usr_mstf7dyi_1wd86,lloses,NCFP000,ɔzəs,r.consonant,0,indiferent,no,si,nw
21/08/2026 14:16:27,usr_mryuy7xv_kwye9,erbol,***,***,r.consonant,0,indiferent,no,si,ca
21/08/2026 14:16:29,usr_mryuy7xv_kwye9,cèrvol,***,***,r.consonant,0,indiferent,no,si,ba
21/08/2026 14:16:31,usr_mryuy7xv_kwye9,cèrvol,***,***,r.consonant,0,indiferent,no,si,ca
21/08/2026 14:16:36,usr_mryuy7xv_kwye9,cèrvol,***,***,r.consonant,0,indiferent,no,si,nw
21/08/2026 14:16:44,usr_mryuy7xv_kwye9,terbol,***,***,r.consonant,0,indiferent,no,si,nw
21/08/2026 14:16:45,usr_mryuy7xv_kwye9,tèrbol,AQ0MS0,ɛrβul,r.consonant,0,indiferent,no,si,nw
21/08/2026 14:19:42,usr_mryuy7xv_kwye9,òvul,NCMS000,ɔβul,r.consonant,0,indiferent,no,si,ca
21/08/2026 14:19:49,usr_mryuy7xv_kwye9,ombrívol,AQ0MS0,iβul,r.consonant,0,indiferent,no,si,ca
21/08/2026 14:19:56,usr_ms98hezb_l87o6,polles,NCFP000,oʎəs,r.consonant,0,indiferent,no,si,ca
21/08/2026 14:21:36,usr_mryuy7xv_kwye9,círcol,***,***,r.consonant,0,indiferent,no,si,ca
21/08/2026 17:54:15,usr_mt34qjne_9nyzb,enrere,ZRG,eɾə,r.consonant,0,indiferent,no,si,va
21/08/2026 17:55:24,usr_mt34qjne_9nyzb,memòria,NCFS000,ɔɾiə,r.consonant,0,indiferent,no,si,ba
21/08/2026 17:57:25,usr_mt34qjne_9nyzb,dits,NCMP000,its,r.consonant,0,indiferent,no,si,ca
21/08/2026 17:59:00,usr_msd66n6o_jw93a,beget,NPCSG00,ɛt,r.consonant,0,indiferent,no,si,nw
21/08/2026 18:12:36,usr_mt35e4ss_o1cj3,contenta,AQ0FS0,entə,r.consonant,0,indiferent,no,si,ca
21/08/2026 18:58:36,usr_mt371a4t_3kqsg,paraula,NCFS000,aə,r.assonant,0,indiferent,no,si,nw
21/08/2026 19:26:22,usr_mt380zmb_n67c6,gratuït,AQ0MS0,it,r.consonant,0,indiferent,no,si,va
21/08/2026 19:38:52,usr_ms7btuyi_nml4w,tendresa,NCFS000,ɛzə,r.consonant,0,indiferent,no,si,va
21/08/2026 19:42:08,usr_ms7btuyi_nml4w,mesura,NCFS000,uɾə,r.consonant,0,indiferent,no,si,va
21/08/2026 19:57:35,usr_mt380zmb_n67c6,biblioteva,***,***,r.consonant,0,indiferent,no,si,ba
21/08/2026 19:57:35,usr_mt380zmb_n67c6,biblioteca,NCFS000,ɛkə,r.consonant,0,indiferent,no,si,va
21/08/2026 19:59:40,usr_mt380zmb_n67c6,marrana,NCFS000,anə,r.consonant,0,indiferent,no,si,ca
21/08/2026 20:00:59,usr_mt380zmb_n67c6,xafogor,NCFS000,o,r.consonant,0,indiferent,no,si,va
21/08/2026 20:02:07,usr_mt380zmb_n67c6,maleida,***,***,r.consonant,0,indiferent,no,si,va
21/08/2026 20:02:10,usr_mt380zmb_n67c6,maleïda,NCFS000,iðə,r.consonant,0,indiferent,no,si,va
21/08/2026 20:04:30,usr_mt380zmb_n67c6,diable,NCMS000,abblə,r.consonant,0,indiferent,no,si,ca
21/08/2026 20:24:44,usr_mt3a419y_nhhga,passes,NCFP000,asəs,r.consonant,0,indiferent,no,si,va
21/08/2026 20:24:44,usr_mt3a419y_nhhga,passes,NCFP000,asəs,r.consonant,0,indiferent,no,si,va
21/08/2026 20:24:56,usr_mt3a419y_nhhga,passes,NCFP000,asəs,r.consonant,0,indiferent,no,si,ba
21/08/2026 21:24:58,usr_mt3c9izs_nu0mn,precipici,NCMS000,isi,r.consonant,0,indiferent,no,si,va
21/08/2026 22:03:05,usr_mt3dmja7_knq38,omen,***,***,r.assonant,0,indiferent,no,si,ca
21/08/2026 22:03:11,usr_mt3dmja7_knq38,fenomen,NCMS000,ɔə,r.assonant,0,indiferent,no,si,ba
21/08/2026 22:03:14,usr_mt3dmja7_knq38,fenomen,NCMS000,ɔə,r.assonant,0,indiferent,no,si,ca
21/08/2026 22:03:17,usr_mt3dmja7_knq38,fenomen,NCMS000,ɔə,r.assonant,0,indiferent,no,si,ba
21/08/2026 22:03:18,usr_mt3dmja7_knq38,fenomen,NCMS000,ɔə,r.assonant,0,indiferent,no,si,ca
21/08/2026 22:03:20,usr_mt3dmja7_knq38,fenomen,NCMS000,ɔə,r.assonant,0,indiferent,no,si,va
21/08/2026 22:10:06,usr_mt3dmja7_knq38,eix,NCMS000,e,r.assonant,0,indiferent,no,si,ba
21/08/2026 22:16:04,usr_mt3c9izs_nu0mn,fisic,***,***,r.consonant,0,indiferent,no,si,ca
21/08/2026 22:16:12,usr_mt3c9izs_nu0mn,físic,NCMS000,izik,r.consonant,0,indiferent,no,si,nw
22/08/2026 3:35:28,usr_ms0wbtzx_absdx,és,VSIP3S00,es,r.consonant,0,indiferent,no,si,ca
22/08/2026 3:39:10,usr_ms0wbtzx_absdx,primavera,NCFS000,eɾə,r.consonant,0,indiferent,no,si,va
22/08/2026 8:14:13,usr_ms7btuyi_nml4w,canises,***,***,r.consonant,0,indiferent,no,si,nw
22/08/2026 8:14:20,usr_ms7btuyi_nml4w,camises,NCFP000,izəs,r.consonant,0,indiferent,no,si,ba
22/08/2026 9:20:50,usr_mt41u55s_94jv9,ata,NCFS000,atə,r.consonant,0,indiferent,no,si,ca
22/08/2026 9:22:56,usr_mt41u55s_94jv9,esca,NCFS000,ɛskə,r.consonant,0,indiferent,no,si,nw
22/08/2026 9:23:33,usr_mt41xn3o_f2hcc,solars,NCMP000,ars,r.consonant,0,indiferent,no,si,va
22/08/2026 9:25:54,usr_mt41xn3o_f2hcc,aprop,***,***,r.consonant,0,indiferent,no,si,ca
22/08/2026 9:25:59,usr_mt41xn3o_f2hcc,prop,ZRG,ɔp,r.consonant,0,indiferent,no,si,ca
22/08/2026 9:26:03,usr_mt41u55s_94jv9,oia,VMIP3S00,ɔjə,r.consonant,0,indiferent,no,si,va
22/08/2026 9:26:03,usr_mt41xn3o_f2hcc,propet,***,***,r.consonant,0,indiferent,no,si,ba
22/08/2026 9:26:09,usr_mt41xn3o_f2hcc,popet,NCMS000,ɛt,r.consonant,0,indiferent,no,si,ca
22/08/2026 9:27:30,usr_mt41xn3o_f2hcc,conreus,NCMP000,ɛws,r.consonant,0,indiferent,no,si,ba
22/08/2026 9:29:57,usr_mt425vjy_yc8ut,barat,NCMS000,at,r.consonant,0,indiferent,no,no,nw
22/08/2026 9:41:13,usr_mt41xn3o_f2hcc,vinyes,NCFP000,iɲəs,r.consonant,0,indiferent,no,si,ba
22/08/2026 9:41:30,usr_mt41xn3o_f2hcc,cultius,NCMP000,iws,r.consonant,0,indiferent,no,si,va
22/08/2026 9:42:18,usr_mt41xn3o_f2hcc,plaques,NCFP000,akəs,r.consonant,0,indiferent,no,si,va
22/08/2026 9:42:56,usr_mt41xn3o_f2hcc,gaudir,VMN00000,i,r.consonant,0,indiferent,no,si,nw
22/08/2026 9:44:03,usr_mt41xn3o_f2hcc,senzilla,AQ0FS0,iʎə,r.consonant,0,indiferent,no,si,va
22/08/2026 9:44:57,usr_mt41xn3o_f2hcc,nou,NCCN000,ɔw,r.consonant,0,indiferent,no,si,nw
22/08/2026 9:45:20,usr_mt41xn3o_f2hcc,familia,***,***,r.consonant,0,indiferent,no,si,nw
22/08/2026 9:45:22,usr_mt41xn3o_f2hcc,família,NCFS000,iliə,r.consonant,0,indiferent,no,si,ba
22/08/2026 9:48:35,usr_mt41xn3o_f2hcc,arça,***,***,r.consonant,0,indiferent,no,si,nw
22/08/2026 9:48:37,usr_mt41xn3o_f2hcc,barça,NPMSO00,arsə,r.consonant,0,indiferent,no,si,ca
22/08/2026 9:49:05,usr_mt41xn3o_f2hcc,catalunya,NPFSG00,uɲə,r.consonant,0,indiferent,no,si,ca
22/08/2026 10:27:31,usr_mt41xn3o_f2hcc,nou,NCCN000,ɔw,r.consonant,0,indiferent,no,si,ba
22/08/2026 10:28:46,usr_mt41xn3o_f2hcc,gent,NCFS000,en,r.consonant,0,indiferent,no,si,ca
22/08/2026 10:29:18,usr_mt41xn3o_f2hcc,milenari,***,***,r.consonant,0,indiferent,no,si,va
22/08/2026 10:29:22,usr_mt41xn3o_f2hcc,mil·ñenari,***,***,r.consonant,0,indiferent,no,si,va
22/08/2026 10:29:23,usr_mt41xn3o_f2hcc,mil·lenari,NCMS000,aɾi,r.consonant,0,indiferent,no,si,ca
22/08/2026 10:32:11,usr_mt41xn3o_f2hcc,gent,NCFS000,en,r.consonant,0,indiferent,no,si,ba
22/08/2026 10:33:58,usr_mt41xn3o_f2hcc,equivoqui,VMM03S0Y,oki,r.consonant,0,indiferent,no,si,ba
22/08/2026 10:34:52,usr_mt41xn3o_f2hcc,renovables,AQ0CP0,abbləs,r.consonant,0,indiferent,no,si,ca
22/08/2026 10:35:43,usr_mt41xn3o_f2hcc,futur,NCMS000,ur,r.consonant,0,indiferent,no,si,ba
22/08/2026 10:48:00,usr_mswaka17_8fcn9,cos,NCMS000,ɔs,r.consonant,0,indiferent,no,si,ca
22/08/2026 11:08:27,usr_mt45oida_u5grd,ostre,***,***,r.consonant,0,indiferent,no,si,va
22/08/2026 11:08:39,usr_mt45oida_u5grd,sostre,NCMS000,ɔstɾə,r.consonant,0,indiferent,no,si,nw
22/08/2026 11:09:08,usr_mswaka17_8fcn9,cos,NCMS000,ɔs,r.consonant,0,indiferent,no,si,va
22/08/2026 11:26:05,usr_mswaka17_8fcn9,sal,NCFS000,al,r.consonant,0,indiferent,no,si,va
22/08/2026 11:41:59,usr_mt46vmw0_yy3g9,pallars,NPCNSP0,as,r.consonant,0,indiferent,no,si,ba
22/08/2026 11:54:27,usr_mt425vjy_yc8ut,cul,NCMS000,ul,r.consonant,0,indiferent,no,no,nw
22/08/2026 11:58:09,usr_mt47gghs_c6j5k,vergonya,NCFS000,oɲə,r.consonant,0,indiferent,no,si,ba
22/08/2026 12:06:18,usr_mrx4oknp_u4ni2,dia,NCMS000,iə,r.consonant,0,indiferent,no,si,nw
22/08/2026 12:15:21,usr_mrx4oknp_u4ni2,caldred,***,***,r.consonant,0,indiferent,no,si,ba
22/08/2026 12:15:29,usr_mrx4oknp_u4ni2,calfred,NCMS000,ɛt,r.consonant,0,indiferent,no,si,nw
22/08/2026 12:18:56,usr_mrx4oknp_u4ni2,cantar,VMN00000,a,r.consonant,0,indiferent,no,si,ca
22/08/2026 12:25:48,usr_mrx4oknp_u4ni2,reculi,VMM03S0Y,uli,r.consonant,0,indiferent,no,si,va
22/08/2026 12:29:10,usr_mrx4oknp_u4ni2,moren,VMIP3P00,ɔɾən,r.consonant,0,indiferent,no,si,va
22/08/2026 12:37:29,usr_mt48v0u6_2f0h2,fluixa,NCFS000,uʃə,r.consonant,0,indiferent,no,si,nw
22/08/2026 12:40:15,usr_mt48yl3p_4xxn8,plors,NCMP000,ɔs,r.consonant,0,indiferent,no,si,ba
22/08/2026 12:41:33,usr_mt48v0u6_2f0h2,capelleta,NCFS000,ɛtə,r.consonant,0,indiferent,no,si,va
22/08/2026 12:46:13,usr_mt48v0u6_2f0h2,uixa,***,***,r.consonant,0,indiferent,no,si,nw
22/08/2026 12:46:17,usr_mt48v0u6_2f0h2,cuixa,NCFS000,uʃə,r.consonant,0,indiferent,no,si,ba
22/08/2026 12:52:52,usr_msexfgyt_kb7f1,eisa,***,***,r.consonant,0,indiferent,no,si,ba
22/08/2026 12:52:56,usr_msexfgyt_kb7f1,eisa,***,***,r.consonant,0,indiferent,no,si,va
22/08/2026 12:53:00,usr_msexfgyt_kb7f1,er,NPCSG00,ɛ,r.consonant,0,indiferent,no,si,nw
22/08/2026 12:53:25,usr_msexfgyt_kb7f1,eira,***,***,r.consonant,0,indiferent,no,si,nw
22/08/2026 12:55:40,usr_msexfgyt_kb7f1,isca,***,***,r.consonant,0,indiferent,no,si,va
22/08/2026 12:55:43,usr_msexfgyt_kb7f1,isca,***,***,r.consonant,0,indiferent,no,si,ba
22/08/2026 12:55:47,usr_msexfgyt_kb7f1,visca,NCMS000,iskə,r.consonant,0,indiferent,no,si,nw
22/08/2026 12:57:36,usr_mt48v0u6_2f0h2,fiula,***,***,r.consonant,0,indiferent,no,si,nw
22/08/2026 12:57:40,usr_mt48v0u6_2f0h2,piula,NCFS000,iwlə,r.consonant,0,indiferent,no,si,va
22/08/2026 12:58:30,usr_mt48v0u6_2f0h2,nostra,DP1FSP,ɔstɾə,r.consonant,0,indiferent,no,si,va
22/08/2026 12:59:12,usr_mt47gghs_c6j5k,mel,NCFS000,ɛl,r.consonant,0,indiferent,no,si,nw
22/08/2026 13:06:16,usr_mt48v0u6_2f0h2,meta,NCFS000,ɛtə,r.consonant,0,indiferent,no,si,nw
22/08/2026 13:19:57,usr_mt48v0u6_2f0h2,teva,PX2FS0S0,eβə,r.consonant,0,indiferent,no,si,nw
22/08/2026 13:33:54,usr_mt48v0u6_2f0h2,nostrada,AQ0FS0,aðə,r.consonant,0,indiferent,no,si,va
22/08/2026 15:46:51,usr_mstf7dyi_1wd86,socarrel,***,***,r.consonant,0,indiferent,no,si,va
22/08/2026 15:46:59,usr_mstf7dyi_1wd86,socarrel,***,***,r.consonant,0,indiferent,no,si,nw
22/08/2026 15:49:19,usr_mstf7dyi_1wd86,soca-rel,NCFS000,ɛl,r.consonant,0,indiferent,no,si,nw
22/08/2026 15:53:40,usr_mstf7dyi_1wd86,mortal,NCMS000,al,r.consonant,0,indiferent,no,si,va
22/08/2026 16:08:42,usr_mstf7dyi_1wd86,ferro,NCMS000,ɛru,r.consonant,0,indiferent,no,si,nw
22/08/2026 16:34:36,usr_mt4hbyek_596sg,ic,***,***,r.consonant,0,indiferent,no,si,va
22/08/2026 16:34:40,usr_mt4hbyek_596sg,ic,***,***,r.consonant,0,indiferent,no,si,ca
22/08/2026 16:34:54,usr_mt4hbyek_596sg,ic,***,***,r.consonant,0,indiferent,no,si,nw
22/08/2026 17:07:00,usr_mt48v0u6_2f0h2,maduixa,NCFS000,uʃə,r.consonant,0,indiferent,no,si,ca
22/08/2026 17:08:16,usr_mt48v0u6_2f0h2,llarga,AQ0FS0,arɣə,r.consonant,0,indiferent,no,si,nw
22/08/2026 17:13:03,usr_mt48v0u6_2f0h2,viva,AQ0FS0,iβə,r.consonant,0,indiferent,no,si,ba
22/08/2026 17:17:27,usr_mstf7dyi_1wd86,vidre,NCMS000,iðɾə,r.consonant,0,indiferent,no,si,nw
22/08/2026 17:17:30,usr_mt48v0u6_2f0h2,fireta,NCFS000,ɛtə,r.consonant,0,indiferent,no,si,nw
22/08/2026 17:20:51,usr_mstf7dyi_1wd86,son,NCFS000,ɔn,r.consonant,0,indiferent,no,si,va
22/08/2026 17:22:28,usr_mstf7dyi_1wd86,tro,NCMS000,ɔ,r.consonant,0,indiferent,no,si,va
22/08/2026 17:38:42,usr_mt4jmdwn_st4x6,ona,NCFS000,onə,r.consonant,0,indiferent,no,si,ba
22/08/2026 17:49:33,usr_mt4k0ciw_91uo9,tiberi,NCMS000,ɛɾi,r.consonant,0,indiferent,no,si,va
22/08/2026 17:55:20,usr_mt4k0ciw_91uo9,llums,NCCP000,ums,r.consonant,0,indiferent,no,si,nw
22/08/2026 17:55:35,usr_mt4k0ciw_91uo9,llum,NCCS000,um,r.consonant,0,indiferent,no,si,ca
22/08/2026 17:56:15,usr_mt4k0ciw_91uo9,clauer,NCMS000,e,r.consonant,0,indiferent,no,si,ca
22/08/2026 19:24:02,usr_msrcyqg3_swjbs,ulls,NCMP000,uʎs,r.consonant,0,indiferent,no,si,va
22/08/2026 19:25:33,usr_msrcyqg3_swjbs,barrar,VMN00000,a,r.consonant,0,indiferent,no,si,nw
22/08/2026 19:26:40,usr_msrcyqg3_swjbs,camí,NCMS000,i,r.consonant,0,indiferent,no,si,ba
22/08/2026 19:33:54,usr_msrcyqg3_swjbs,abisme,NCMS000,izmə,r.consonant,0,indiferent,no,si,ba
22/08/2026 19:34:15,usr_msrcyqg3_swjbs,abisme,NCMS000,izmə,r.consonant,0,indiferent,no,si,ca
22/08/2026 19:37:28,usr_msrcyqg3_swjbs,abisme,NCMS000,iə,r.assonant,0,indiferent,no,si,ca
22/08/2026 19:38:15,usr_msrcyqg3_swjbs,abisme,NCMS000,iə,r.assonant,0,indiferent,no,si,ba
22/08/2026 19:40:19,usr_msrcyqg3_swjbs,abisme,NCMS000,iə,r.assonant,0,indiferent,no,si,ba
22/08/2026 19:42:24,usr_msrcyqg3_swjbs,soledat,NCFS000,at,r.consonant,0,indiferent,no,si,nw
22/08/2026 19:43:44,usr_msrcyqg3_swjbs,soledat,NCFS000,at,r.consonant,0,indiferent,no,si,va
22/08/2026 20:05:59,usr_msrcyqg3_swjbs,forta,AQ0FS0,ɔrtə,r.consonant,0,indiferent,no,si,ba
22/08/2026 20:07:45,usr_msiz02lz_915tz,raja,VMIP3S00,aʒə,r.consonant,0,indiferent,no,si,ca
22/08/2026 20:08:53,usr_msrcyqg3_swjbs,fred,NCMS000,ɛt,r.consonant,0,indiferent,no,si,nw
22/08/2026 20:11:25,usr_msrcyqg3_swjbs,ferma,NCFS000,ɛrmə,r.consonant,0,indiferent,no,si,va
22/08/2026 20:13:38,usr_mstfbme9_z9xrn,mestre,NCMS000,ɛstɾə,r.consonant,0,indiferent,no,si,ba
22/08/2026 20:14:12,usr_mstfbme9_z9xrn,alumne,NCMS000,umnə,r.consonant,0,indiferent,no,si,ca
22/08/2026 20:14:20,usr_mstfbme9_z9xrn,alumne,NCMS000,uə,r.assonant,0,indiferent,no,si,nw
22/08/2026 21:52:49,usr_ms98hezb_l87o6,brillo,VMIP1S0C,iʎu,r.consonant,0,indiferent,no,si,ba
22/08/2026 21:53:22,usr_ms98hezb_l87o6,peto,NCMS000,ɛtu,r.consonant,0,indiferent,no,si,ba
22/08/2026 21:53:25,usr_ms98hezb_l87o6,petó,NCMS000,o,r.consonant,0,indiferent,no,si,nw
22/08/2026 22:13:30,usr_ms4uo1bk_ou1wu,pensi,VMM03S0Y,ɛnsi,r.consonant,0,indiferent,no,si,nw
22/08/2026 22:14:20,usr_ms4uo1bk_ou1wu,mans,NCFP000,ans,r.consonant,0,indiferent,no,si,nw
22/08/2026 23:35:49,usr_mt4wdnjz_vry59,cara,NCFS000,aɾə,r.consonant,0,indiferent,no,si,ca
22/08/2026 23:38:31,usr_mt4wdnjz_vry59,mediterrània,AQ0FS0,aniə,r.consonant,0,indiferent,no,si,ba
22/08/2026 23:42:19,usr_mt4wdnjz_vry59,vi,NCMS000,i,r.consonant,0,indiferent,no,si,ba
22/08/2026 23:46:19,usr_mt4wdnjz_vry59,meu,NCMS000,ew,r.consonant,0,indiferent,no,si,va
22/08/2026 23:47:04,usr_mt4wdnjz_vry59,meu,NCMS000,ew,r.consonant,0,indiferent,no,si,va
23/08/2026 0:07:51,usr_mt4xiuda_75w9f,pena,NCFS000,ɛnə,r.consonant,0,indiferent,no,no,ca
23/08/2026 0:16:46,usr_mt4xiuda_75w9f,ara,NCFS000,aɾə,r.consonant,0,indiferent,no,no,ba
23/08/2026 0:34:48,usr_mt4yhh1n_e1sb2,timichenco,***,***,r.consonant,0,indiferent,no,si,nw
23/08/2026 0:34:49,usr_mt4yhh1n_e1sb2,timichenco,***,***,r.consonant,0,indiferent,no,si,ba
23/08/2026 8:36:40,usr_mrx4oknp_u4ni2,pluja,NCFS000,uʒə,r.consonant,0,indiferent,no,si,nw
23/08/2026 8:37:27,usr_mrx4oknp_u4ni2,tarda,NCFS000,arðə,r.consonant,0,indiferent,no,si,va
23/08/2026 8:38:30,usr_mrx4oknp_u4ni2,puja,NCFS000,uʒə,r.consonant,0,indiferent,no,si,ba
23/08/2026 8:38:31,usr_mrx4oknp_u4ni2,puja,NCFS000,uʒə,r.consonant,0,indiferent,no,si,ba
23/08/2026 8:40:43,usr_mrx4oknp_u4ni2,plovent,VMG00000,en,r.consonant,0,indiferent,no,si,ba
23/08/2026 8:47:18,usr_mt425vjy_yc8ut,cucs,NCMP000,uks,r.consonant,0,indiferent,no,no,ca
23/08/2026 8:56:29,usr_mt425vjy_yc8ut,dia,NCMS000,iə,r.consonant,0,indiferent,no,no,ba
23/08/2026 8:58:59,usr_mt425vjy_yc8ut,corranda,NCFS000,andə,r.consonant,0,indiferent,no,no,nw
23/08/2026 9:02:39,usr_mt425vjy_yc8ut,tercer,AO0MS0,e,r.consonant,0,indiferent,no,no,va
23/08/2026 9:15:10,usr_mt425vjy_yc8ut,pal,NCMS000,al,r.consonant,0,indiferent,no,no,ca
23/08/2026 9:18:53,usr_mt41u55s_94jv9,ua,***,***,r.consonant,0,indiferent,no,si,ba
23/08/2026 9:19:19,usr_mt41u55s_94jv9,cua,NCFS000,uə,r.consonant,0,indiferent,no,si,ba
23/08/2026 9:26:29,usr_msvt3m1h_bhdwq,erra,NCFS000,eə,r.assonant,3,indiferent,no,no,ca
23/08/2026 9:44:57,usr_msvt3m1h_bhdwq,jauen,VMIP3P00,aə,r.assonant,2,indiferent,no,si,ca
23/08/2026 9:45:01,usr_msvt3m1h_bhdwq,jauen,VMIP3P00,aə,r.assonant,2,indiferent,no,si,va
23/08/2026 9:45:26,usr_msvt3m1h_bhdwq,jauen,VMIP3P00,awən,r.consonant,2,indiferent,no,si,nw
23/08/2026 10:18:14,usr_msvt3m1h_bhdwq,ancestres,NCMP000,estɾəs,r.consonant,3,indiferent,no,si,nw
23/08/2026 10:18:41,usr_msvt3m1h_bhdwq,ancestres,NCMP000,eə,r.assonant,3,indiferent,no,si,nw
23/08/2026 10:39:14,usr_mt5k2svy_jchw3,són,VSIP3P00,on,r.consonant,0,indiferent,no,si,va
23/08/2026 10:39:15,usr_mt5k2svy_jchw3,són,VSIP3P00,on,r.consonant,0,indiferent,no,si,ca
23/08/2026 10:54:42,usr_mt5km513_pkpcn,psicopata,***,***,r.consonant,0,indiferent,no,si,ba
23/08/2026 10:54:47,usr_mt425vjy_yc8ut,palla,NCFS000,aʎə,r.consonant,0,indiferent,no,no,nw
23/08/2026 10:54:47,usr_mt5km513_pkpcn,psicopata,***,***,r.assonant,0,indiferent,no,si,ba
23/08/2026 10:58:26,usr_mt425vjy_yc8ut,afers,NCMP000,ers,r.consonant,0,indiferent,no,no,ca
23/08/2026 10:58:35,usr_mt425vjy_yc8ut,afer,NCMS000,er,r.consonant,0,indiferent,no,no,va
23/08/2026 11:07:50,usr_mt5l3l1r_4o9a3,lastimats,***,***,r.consonant,0,indiferent,no,si,va
23/08/2026 11:07:51,usr_mt5l3l1r_4o9a3,lastimats,***,***,r.consonant,0,indiferent,no,si,ba
23/08/2026 11:08:03,usr_mt5l3l1r_4o9a3,cendres,NCFP000,ɛndɾəs,r.consonant,0,indiferent,no,si,ba
23/08/2026 11:25:08,usr_mt425vjy_yc8ut,boira,NCFS000,ɔjɾə,r.consonant,0,indiferent,no,no,nw
23/08/2026 11:25:35,usr_mt425vjy_yc8ut,peu,NCMS000,ɛw,r.consonant,0,indiferent,no,no,nw
23/08/2026 11:35:50,usr_mt425vjy_yc8ut,revoltat,VMP00SM0,at,r.consonant,0,indiferent,no,no,ba
23/08/2026 11:41:38,usr_mt5mb1vt_q2x4e,enrera,***,***,r.consonant,0,indiferent,no,si,ca
23/08/2026 11:41:59,usr_mt5mb1vt_q2x4e,enrere,ZRG,eɾə,r.consonant,0,indiferent,no,si,va
23/08/2026 13:04:09,usr_mt5p95i0_f1fs2,eria,***,***,r.consonant,0,indiferent,no,si,ca
23/08/2026 13:04:28,usr_mt5p95i0_f1fs2,èria,***,***,r.consonant,0,indiferent,no,si,va
23/08/2026 13:04:48,usr_mt5p95i0_f1fs2,aria,***,***,r.assonant,0,indiferent,no,si,va
23/08/2026 13:36:49,usr_mt5qf69a_mp752,oca,NCFS000,ɔkə,r.consonant,0,indiferent,no,si,ba
23/08/2026 13:37:00,usr_mt5qf69a_mp752,oca,NCFS000,ɔə,r.assonant,0,indiferent,no,si,ba
23/08/2026 13:37:02,usr_mt5qf69a_mp752,oca,NCFS000,ɔə,r.assonant,0,indiferent,no,si,ca
23/08/2026 13:41:05,usr_mt5qf69a_mp752,oca,NCFS000,ɔə,r.assonant,0,indiferent,no,no,ca
23/08/2026 13:52:41,usr_mslqdiqy_7eg62,millor,AQ0CS0,o,r.consonant,0,indiferent,no,si,ca
23/08/2026 13:55:20,usr_mslqdiqy_7eg62,llista,NCFS000,istə,r.consonant,0,indiferent,no,si,ba
23/08/2026 13:59:09,usr_mslqdiqy_7eg62,candidat,NCMS000,at,r.consonant,0,indiferent,no,si,ba
23/08/2026 13:59:11,usr_mslqdiqy_7eg62,candidat,NCMS000,at,r.consonant,0,indiferent,no,si,va
23/08/2026 13:59:24,usr_mslqdiqy_7eg62,partit,NCMS000,it,r.consonant,0,indiferent,no,si,va
23/08/2026 13:59:58,usr_mslqdiqy_7eg62,fastiguet,***,***,r.consonant,0,indiferent,no,si,ca
23/08/2026 14:00:06,usr_mslqdiqy_7eg62,quiet,AQ0MS0,et,r.consonant,0,indiferent,no,si,nw
23/08/2026 14:05:42,usr_mt5qf69a_mp752,oroll,***,***,r.assonant,0,indiferent,no,no,va
23/08/2026 14:05:45,usr_mt5qf69a_mp752,oroll,***,***,r.assonant,0,indiferent,no,no,ba
23/08/2026 14:05:54,usr_mt5qf69a_mp752,coll,NCMS000,ɔʎ,r.consonant,0,indiferent,no,no,nw
23/08/2026 14:06:36,usr_mslqdiqy_7eg62,con,NCMS000,on,r.consonant,0,indiferent,no,si,ba
23/08/2026 14:07:11,usr_mt5rhxvx_wxa2n,núvol,NCMS000,uu,r.assonant,0,indiferent,no,si,ba
23/08/2026 14:10:48,usr_mt5qf69a_mp752,coll,NCMS000,ɔ,r.assonant,0,indiferent,no,no,nw
23/08/2026 14:24:52,usr_mt5s4y6n_bgqr1,aixeca,VMIP3S00,ekə,r.consonant,0,indiferent,no,si,nw
23/08/2026 14:25:18,usr_mt5s4y6n_bgqr1,seca,NCFS000,ɛkə,r.consonant,0,indiferent,no,si,nw
23/08/2026 14:25:43,usr_mslqdiqy_7eg62,pobre,NCMS000,ɔβɾə,r.consonant,0,indiferent,no,si,ca
23/08/2026 14:27:04,usr_mt5s4y6n_bgqr1,embust,***,***,r.consonant,0,indiferent,no,si,nw
23/08/2026 14:27:16,usr_mt5s4y6n_bgqr1,sust,***,***,r.consonant,0,indiferent,no,si,ba
23/08/2026 14:27:16,usr_mt5s4y6n_bgqr1,sust,***,***,r.consonant,0,indiferent,no,si,nw
23/08/2026 14:27:25,usr_mt5s4y6n_bgqr1,gust,NCMS000,ust,r.consonant,0,indiferent,no,si,nw
23/08/2026 14:29:18,usr_mt5s4y6n_bgqr1,embust,***,***,r.consonant,0,indiferent,no,si,va
23/08/2026 14:29:21,usr_mt5s4y6n_bgqr1,embus,***,***,r.consonant,0,indiferent,no,si,ba
23/08/2026 14:30:43,usr_mt5s4y6n_bgqr1,part,NCFS000,art,r.consonant,0,indiferent,no,si,ba
23/08/2026 14:33:14,usr_mt5s4y6n_bgqr1,llei,NCFS000,ej,r.consonant,0,indiferent,no,si,va
23/08/2026 14:34:47,usr_mt5s4y6n_bgqr1,momentani,AQ0MS0,ani,r.consonant,0,indiferent,no,si,nw
23/08/2026 14:41:14,usr_mt5s4y6n_bgqr1,tesi,NCFS000,ɛzi,r.consonant,0,indiferent,no,si,ba
23/08/2026 14:41:14,usr_mt5s4y6n_bgqr1,tesi,NCFS000,ɛzi,r.consonant,0,indiferent,no,si,va
23/08/2026 14:42:51,usr_mt5s4y6n_bgqr1,dial,NCMS000,al,r.consonant,0,indiferent,no,si,nw
23/08/2026 14:43:30,usr_mt5s4y6n_bgqr1,massa,NCFS000,asə,r.consonant,0,indiferent,no,si,va
23/08/2026 16:01:17,usr_mt5s4y6n_bgqr1,vermell,NCMS000,ɛʎ,r.consonant,0,indiferent,no,si,ba
23/08/2026 16:02:19,usr_mt5s4y6n_bgqr1,pell,NCFS000,eʎ,r.consonant,0,indiferent,no,si,va
23/08/2026 16:02:19,usr_mt5s4y6n_bgqr1,pell,NCFS000,eʎ,r.consonant,0,indiferent,no,si,ba
23/08/2026 16:11:29,usr_mt5rhxvx_wxa2n,terra,NCCS000,ɛə,r.assonant,0,indiferent,no,no,nw
23/08/2026 16:21:37,usr_mt5s4y6n_bgqr1,amunt,ZI,un,r.consonant,0,indiferent,no,si,ba
23/08/2026 16:24:07,usr_mt5we3sd_7d0ix,escola,NCFS000,ɔə,r.assonant,0,indiferent,no,si,ca
23/08/2026 16:24:07,usr_mt5we3sd_7d0ix,escola,NCFS000,ɔlə,r.consonant,0,indiferent,no,si,va
23/08/2026 16:26:39,usr_mt5rhxvx_wxa2n,núvol,NCMS000,uu,r.assonant,0,indiferent,no,no,va
23/08/2026 16:30:44,usr_mt5s4y6n_bgqr1,cant,NCMS000,an,r.consonant,0,indiferent,no,si,nw
23/08/2026 16:33:58,usr_mt5rhxvx_wxa2n,comú,NCMS000,u,r.assonant,0,indiferent,no,no,va
23/08/2026 16:34:25,usr_mt5rhxvx_wxa2n,il·lús,NCMS000,u,r.assonant,0,indiferent,no,no,va
23/08/2026 16:35:15,usr_mt5rhxvx_wxa2n,il·lús,NCMS000,us,r.consonant,0,indiferent,no,no,ba
23/08/2026 17:09:38,usr_msvstgal_f0fqn,àrtic,AQ0MS0,artik,r.consonant,0,indiferent,no,si,ba
23/08/2026 17:09:48,usr_msvstgal_f0fqn,àrtic,AQ0MS0,ai,r.assonant,0,indiferent,no,si,ba
23/08/2026 17:10:12,usr_msvstgal_f0fqn,antic,NCMS000,ik,r.consonant,0,indiferent,no,si,ca
23/08/2026 17:10:25,usr_msvstgal_f0fqn,àntic,***,***,r.consonant,0,indiferent,no,si,va
23/08/2026 17:15:03,usr_mrxrmps0_cv8p5,hivern,NCMS000,ɛ,r.assonant,1,indiferent,no,si,nw
23/08/2026 17:16:57,usr_mstf7dyi_1wd86,somiador,NCMS000,o,r.consonant,0,indiferent,no,si,va
23/08/2026 17:35:34,usr_msg9zg8t_9tkmy,ia,***,***,r.consonant,0,indiferent,no,si,ba
23/08/2026 17:35:39,usr_msg9zg8t_9tkmy,ia,***,***,r.consonant,0,indiferent,no,si,ca
23/08/2026 17:41:29,usr_mrxrmps0_cv8p5,vent,NCMS000,en,r.consonant,0,indiferent,no,si,ca
23/08/2026 17:41:45,usr_mrxrmps0_cv8p5,vent,NCMS000,en,r.consonant,2,indiferent,no,si,va
23/08/2026 17:45:20,usr_msg9zg8t_9tkmy,tia,NCFS000,iə,r.consonant,0,indiferent,no,si,nw
23/08/2026 17:49:52,usr_msg9zg8t_9tkmy,canapè,NCMS000,ɛ,r.consonant,0,indiferent,no,si,va
23/08/2026 18:11:40,usr_ms7btuyi_nml4w,niu,NCMS000,iw,r.consonant,0,indiferent,no,si,ca
23/08/2026 18:16:35,usr_mt60eyes_8h2rq,façanes,NCFP000,anəs,r.consonant,0,indiferent,no,si,ca
23/08/2026 18:17:03,usr_ms7btuyi_nml4w,prop,ZRG,ɔp,r.consonant,0,indiferent,no,si,nw
23/08/2026 18:17:21,usr_mt60eyes_8h2rq,dimensions,NCFP000,ons,r.consonant,0,indiferent,no,si,ca
23/08/2026 18:17:58,usr_mt60eyes_8h2rq,façanes,NCFP000,anəs,r.consonant,0,indiferent,no,si,va
23/08/2026 18:19:37,usr_mt60eyes_8h2rq,façanes,NCFP000,anəs,r.consonant,0,indiferent,no,si,va
23/08/2026 19:34:56,usr_mt637qie_y9qjt,terra,NCCS000,ɛrə,r.consonant,0,indiferent,no,si,ca
23/08/2026 19:36:45,usr_mrxrmps0_cv8p5,momeny,***,***,r.consonant,2,indiferent,no,si,nw
23/08/2026 19:36:46,usr_mrxrmps0_cv8p5,moment,NCMS000,en,r.consonant,2,indiferent,no,si,nw
23/08/2026 19:41:57,usr_mt637qie_y9qjt,voldria,VMCC1S00,iə,r.consonant,0,indiferent,no,si,nw
23/08/2026 19:45:26,usr_mrxrmps0_cv8p5,mans,NCFP000,ans,r.consonant,2,indiferent,no,si,ba
23/08/2026 19:52:49,usr_mrxrmps0_cv8p5,soledat,NCFS000,at,r.consonant,2,indiferent,no,si,va
23/08/2026 19:52:57,usr_mrxrmps0_cv8p5,soledat,NCFS000,at,r.consonant,1,indiferent,no,si,nw
23/08/2026 19:54:03,usr_mrxrmps0_cv8p5,anar,VMN00000,a,r.consonant,1,indiferent,no,si,nw
23/08/2026 19:56:09,usr_mrxrmps0_cv8p5,fort,NCMS000,ɔrt,r.consonant,1,indiferent,no,si,ba
23/08/2026 19:56:17,usr_mrxrmps0_cv8p5,fort,NCMS000,ɔrt,r.consonant,2,indiferent,no,si,nw
23/08/2026 19:56:33,usr_mrxrmps0_cv8p5,fort,NCMS000,ɔrt,r.consonant,3,indiferent,no,si,ca
23/08/2026 19:56:44,usr_mrxrmps0_cv8p5,fort,NCMS000,ɔrt,r.consonant,4,indiferent,no,si,va
23/08/2026 19:56:48,usr_mrxrmps0_cv8p5,fort,NCMS000,ɔrt,r.consonant,0,indiferent,no,si,nw
23/08/2026 20:22:33,usr_ms98hezb_l87o6,concert,NCMS000,ɛrt,r.consonant,0,indiferent,no,si,ba
23/08/2026 20:28:11,usr_mt6545zu_vetfs,favor,NCMS000,o,r.assonant,0,indiferent,no,si,nw
23/08/2026 20:54:04,usr_mt661hjp_pb3f3,fer,AQ0MS0,e,r.consonant,0,indiferent,no,si,ca
23/08/2026 22:26:17,usr_msvstgal_f0fqn,àrtic,AQ0MS0,artik,r.consonant,0,indiferent,no,si,ba
23/08/2026 22:26:24,usr_msvstgal_f0fqn,àrtic,AQ0MS0,ai,r.assonant,0,indiferent,no,si,ca
23/08/2026 23:45:05,usr_ms0wbtzx_absdx,ardent,AQ0CS0,en,r.consonant,0,indiferent,no,si,ca
24/08/2026 9:43:50,usr_mt41u55s_94jv9,ic,***,***,r.consonant,0,indiferent,no,si,va
24/08/2026 9:43:52,usr_mt41u55s_94jv9,ic,***,***,r.consonant,0,indiferent,no,si,ba
24/08/2026 9:43:53,usr_mt41u55s_94jv9,ic,***,***,r.consonant,0,indiferent,no,si,nw
24/08/2026 9:43:59,usr_mt41u55s_94jv9,nic,***,***,r.consonant,0,indiferent,no,si,nw
24/08/2026 9:44:11,usr_mt41u55s_94jv9,nic,***,***,r.consonant,0,indiferent,no,si,ba
24/08/2026 9:44:22,usr_mt41u55s_94jv9,ic,***,***,r.consonant,0,indiferent,no,si,ba
24/08/2026 9:44:23,usr_mt41u55s_94jv9,ic,***,***,r.consonant,0,indiferent,no,si,ca
24/08/2026 9:44:26,usr_mt41u55s_94jv9,onic,***,***,r.consonant,0,indiferent,no,si,ba
24/08/2026 9:44:28,usr_mt41u55s_94jv9,onic,***,***,r.consonant,0,indiferent,no,si,ba
24/08/2026 9:44:41,usr_mt41u55s_94jv9,ic,***,***,r.assonant,0,indiferent,no,si,nw
24/08/2026 9:44:43,usr_mt41u55s_94jv9,ic,***,***,r.assonant,0,indiferent,no,si,ba
24/08/2026 9:45:00,usr_mt41u55s_94jv9,os,NCFP000,ɔ,r.assonant,0,indiferent,no,si,nw
24/08/2026 9:45:05,usr_mt41u55s_94jv9,ic,***,***,r.assonant,0,indiferent,no,si,ba
24/08/2026 9:45:15,usr_mt41u55s_94jv9,ic,***,***,r.consonant,0,indiferent,no,si,nw
24/08/2026 9:45:15,usr_mt41u55s_94jv9,ic,***,***,r.consonant,0,indiferent,no,si,ca
24/08/2026 9:45:16,usr_mt41u55s_94jv9,ic,***,***,r.consonant,0,indiferent,no,si,nw
24/08/2026 9:45:16,usr_mt41u55s_94jv9,ic,***,***,r.consonant,0,indiferent,no,si,va
24/08/2026 9:45:16,usr_mt41u55s_94jv9,ic,***,***,r.consonant,0,indiferent,no,si,ba
24/08/2026 9:45:16,usr_mt41u55s_94jv9,ic,***,***,r.consonant,0,indiferent,no,si,ba
24/08/2026 10:16:14,usr_mt425vjy_yc8ut,enemorats,***,***,r.consonant,0,indiferent,no,no,va
24/08/2026 10:16:24,usr_mt425vjy_yc8ut,enamorats,NCMP000,ats,r.consonant,0,indiferent,no,no,ba
24/08/2026 10:45:21,usr_mt425vjy_yc8ut,canvi,NCMS000,ambi,r.consonant,0,indiferent,no,no,va
24/08/2026 10:58:47,usr_mt707srt_f6kbb,bo,NCMS000,ɔ,r.consonant,0,indiferent,no,si,ba
24/08/2026 10:58:50,usr_mt707srt_f6kbb,bo,NCMS000,ɔ,r.consonant,0,indiferent,no,si,ba
24/08/2026 11:02:24,usr_mt1vzxo5_uk1al,vacances,NCFP000,ansəs,r.consonant,0,indiferent,no,si,ca
24/08/2026 11:06:42,usr_mt70hze0_p3rpb,vostè,PP3CS00P,ɛ,r.consonant,0,indiferent,no,si,nw
24/08/2026 11:13:12,usr_mt70hze0_p3rpb,encant,NCMS000,an,r.consonant,0,indiferent,no,si,va
24/08/2026 11:22:02,usr_msg9zg8t_9tkmy,llista,NCFS000,istə,r.consonant,0,indiferent,no,si,ca
24/08/2026 11:38:42,usr_msg9zg8t_9tkmy,pasta,NCFS000,astə,r.consonant,0,indiferent,no,si,ca
24/08/2026 11:38:42,usr_msg9zg8t_9tkmy,pasta,NCFS000,astə,r.consonant,0,indiferent,no,si,ca
24/08/2026 11:38:43,usr_mt1vzxo5_uk1al,pasta,NCFS000,astə,r.consonant,0,indiferent,no,si,va
24/08/2026 11:39:12,usr_msg9zg8t_9tkmy,tele,NCFS000,ele,r.consonant,0,indiferent,no,si,ca
24/08/2026 11:39:14,usr_msg9zg8t_9tkmy,tele,NCFS000,ele,r.consonant,0,indiferent,no,si,ba
24/08/2026 11:50:43,usr_mt425vjy_yc8ut,món,NCMS000,on,r.consonant,0,indiferent,no,no,ba
24/08/2026 11:51:26,usr_mt425vjy_yc8ut,país,NCMS000,is,r.consonant,0,indiferent,no,no,nw
24/08/2026 11:56:26,usr_mt425vjy_yc8ut,regne,NCMS000,eɡnə,r.consonant,0,indiferent,no,no,ca
24/08/2026 12:05:27,usr_mt72ljf6_9toc0,petitet,AQ0MS0,ɛt,r.consonant,0,indiferent,no,si,nw
24/08/2026 12:10:48,usr_msg9zg8t_9tkmy,tres,NCCN000,ɛs,r.consonant,0,indiferent,no,si,ba
24/08/2026 12:13:17,usr_mt72ljf6_9toc0,mai,ZRG,aj,r.consonant,0,indiferent,no,si,nw
24/08/2026 12:18:34,usr_mt732f5a_0wp79,terapeuta,NCCS000,ɛwtə,r.consonant,0,indiferent,no,si,va
24/08/2026 12:19:08,usr_mt732f5a_0wp79,terapeuta,NCCS000,ɛwtə,r.consonant,0,indiferent,si,si,ca
24/08/2026 12:21:25,usr_mt72ljf6_9toc0,istes,***,***,r.consonant,0,indiferent,no,si,va
24/08/2026 12:21:31,usr_mt72ljf6_9toc0,pistes,NCFP000,istəs,r.consonant,0,indiferent,no,si,va
24/08/2026 13:19:26,usr_ms059lke_8scwh,millor,AQ0CS0,o,r.consonant,0,indiferent,no,si,ba
24/08/2026 13:19:48,usr_ms059lke_8scwh,millor,AQ0CS0,o,r.consonant,2,indiferent,no,no,nw
24/08/2026 13:22:58,usr_ms059lke_8scwh,plegats,NCMP000,ats,r.consonant,2,indiferent,no,si,va
24/08/2026 13:30:35,usr_ms059lke_8scwh,salut,NCMS000,ut,r.consonant,2,indiferent,no,no,ba
24/08/2026 13:30:51,usr_ms059lke_8scwh,amor,NCCS000,or,r.consonant,2,indiferent,no,no,va
24/08/2026 13:55:30,usr_mrxrmps0_cv8p5,cel,NCMS000,ɛ,r.assonant,1,indiferent,no,si,ba
24/08/2026 13:55:34,usr_mrxrmps0_cv8p5,cel,NCMS000,ɛ,r.assonant,1,consonant,no,si,va
24/08/2026 14:03:33,usr_mt60eyes_8h2rq,petit,NCMS000,it,r.consonant,0,indiferent,no,si,ca
24/08/2026 14:03:50,usr_mt60eyes_8h2rq,oliva,NCFS000,iβə,r.consonant,0,indiferent,no,si,va
24/08/2026 14:07:44,usr_mslvou39_8oxrm,llenya,NCFS000,eɲə,r.consonant,0,indiferent,no,si,va
24/08/2026 14:07:45,usr_mslvou39_8oxrm,llenya,NCFS000,eɲə,r.consonant,0,indiferent,no,si,va
24/08/2026 14:08:02,usr_mslvou39_8oxrm,pinya,NCFS000,iɲə,r.consonant,0,indiferent,no,si,ba
24/08/2026 14:08:06,usr_mslvou39_8oxrm,pinya,NCFS000,iɲə,r.consonant,0,indiferent,no,si,ba
24/08/2026 14:08:52,usr_mt60eyes_8h2rq,favor,NCMS000,or,r.consonant,0,indiferent,no,si,va
24/08/2026 14:09:57,usr_mt60eyes_8h2rq,gent,NCFS000,en,r.consonant,0,indiferent,no,si,va
24/08/2026 14:11:32,usr_mslvou39_8oxrm,hivern,NCMS000,ɛrn,r.consonant,0,indiferent,no,si,va
24/08/2026 14:12:57,usr_mt60eyes_8h2rq,tradet,***,***,r.consonant,0,indiferent,no,si,nw
24/08/2026 14:13:02,usr_mt60eyes_8h2rq,pet,NCMS000,ɛt,r.consonant,0,indiferent,no,si,ba
24/08/2026 14:16:52,usr_mt60eyes_8h2rq,soroll,NCMS000,oʎ,r.consonant,0,indiferent,no,si,ca
24/08/2026 14:17:58,usr_mt60eyes_8h2rq,xivarri,NCMS000,ari,r.consonant,0,indiferent,no,si,va
24/08/2026 14:19:06,usr_mt60eyes_8h2rq,vida,NCFS000,iðə,r.consonant,0,indiferent,no,si,nw
24/08/2026 14:29:16,usr_mt60eyes_8h2rq,reservades,AQ0FP0,aðəs,r.consonant,0,indiferent,no,si,va
24/08/2026 14:29:17,usr_mt60eyes_8h2rq,reservades,AQ0FP0,aðəs,r.consonant,0,indiferent,no,si,va
24/08/2026 14:37:58,usr_mt60eyes_8h2rq,ant,NCMS000,an,r.consonant,0,indiferent,no,si,nw
24/08/2026 14:37:59,usr_mt60eyes_8h2rq,ant,NCMS000,an,r.consonant,0,indiferent,no,si,ca
24/08/2026 14:46:19,usr_mstf7dyi_1wd86,encalcen,VMIP3P00,alsən,r.consonant,0,indiferent,no,si,ca
24/08/2026 14:46:47,usr_mstf7dyi_1wd86,llum,NCCS000,um,r.consonant,0,indiferent,no,si,ba
24/08/2026 14:48:32,usr_mstf7dyi_1wd86,mirada,NCFS000,aðə,r.consonant,0,indiferent,no,si,ba
24/08/2026 14:48:37,usr_mstf7dyi_1wd86,mirada,NCFS000,aðə,r.consonant,0,indiferent,no,si,ca
24/08/2026 14:54:17,usr_mt72ljf6_9toc0,tebeb,***,***,r.consonant,0,indiferent,no,si,ba
24/08/2026 14:54:24,usr_mt72ljf6_9toc0,tenen,VMIP3P00,enən,r.consonant,0,indiferent,no,si,va
24/08/2026 15:20:12,usr_mstf7dyi_1wd86,enforq,***,***,r.consonant,0,indiferent,no,si,ca
24/08/2026 15:20:15,usr_mstf7dyi_1wd86,enfora,ZRG,ɔɾə,r.consonant,0,indiferent,no,si,ca
24/08/2026 15:43:12,usr_mt72ljf6_9toc0,amic,NCMS000,ik,r.consonant,0,indiferent,no,si,ca
24/08/2026 16:02:33,usr_msiz02lz_915tz,popular,AQ0CS0,ar,r.consonant,0,indiferent,no,si,nw
24/08/2026 16:05:50,usr_msiz02lz_915tz,aconsegueixen,VMIP3P00,ɛʃən,r.consonant,0,indiferent,no,si,ba
24/08/2026 16:07:40,usr_msiz02lz_915tz,obtingudes,VMP00PF0,uðəs,r.consonant,0,indiferent,no,si,ca
24/08/2026 16:07:41,usr_msiz02lz_915tz,obtingudes,VMP00PF0,uðəs,r.consonant,0,indiferent,no,si,ba
24/08/2026 16:10:11,usr_mt7bc89d_wawg1,adéu,NCMS000,ew,r.consonant,0,indiferent,no,si,nw
24/08/2026 16:10:18,usr_mt7bc89d_wawg1,adéu,NCMS000,ew,r.consonant,0,indiferent,no,si,ca
24/08/2026 16:10:19,usr_msiz02lz_915tz,obtenen,VMIP3P00,enən,r.consonant,0,indiferent,no,si,nw
24/08/2026 16:10:21,usr_msiz02lz_915tz,obtenen,VMIP3P00,enən,r.consonant,0,indiferent,no,si,ca
24/08/2026 16:10:31,usr_mt7bc89d_wawg1,adéu,NCMS000,ew,r.consonant,0,indiferent,si,si,ba
24/08/2026 16:12:47,usr_mt72ljf6_9toc0,dits,NCMP000,its,r.consonant,0,indiferent,no,si,nw
24/08/2026 16:17:08,usr_msiz02lz_915tz,exemplar,NCMS000,ar,r.consonant,0,indiferent,no,si,ca
24/08/2026 16:17:08,usr_msiz02lz_915tz,exemplar,NCMS000,ar,r.consonant,0,indiferent,no,si,nw
24/08/2026 16:22:48,usr_msiz02lz_915tz,som,NCMS000,om,r.consonant,0,indiferent,no,si,ca
24/08/2026 16:28:54,usr_msiz02lz_915tz,persones,NCFP000,onəs,r.consonant,0,indiferent,no,si,ba
24/08/2026 16:31:33,usr_mt7c3poe_nqrow,any,NCMS000,aɲ,r.consonant,0,indiferent,no,si,ca
24/08/2026 16:31:45,usr_msiz02lz_915tz,persones,NCFP000,onəs,r.consonant,0,indiferent,no,si,ca
24/08/2026 16:35:47,usr_mt7c3poe_nqrow,mon,DP1MSS,un,r.consonant,0,indiferent,no,si,va
24/08/2026 16:35:46,usr_mt7c3poe_nqrow,mon,DP1MSS,un,r.consonant,0,indiferent,no,si,nw
24/08/2026 16:37:42,usr_mt7c3poe_nqrow,nem,***,***,r.consonant,0,indiferent,no,si,va
24/08/2026 16:37:43,usr_mt7c3poe_nqrow,nem,***,***,r.consonant,0,indiferent,no,si,va
24/08/2026 16:38:09,usr_mt7c3poe_nqrow,uny,***,***,r.consonant,0,indiferent,no,si,va
24/08/2026 16:38:09,usr_mt7c3poe_nqrow,uny,***,***,r.consonant,0,indiferent,no,si,nw
24/08/2026 16:38:15,usr_mt7c3poe_nqrow,uny,***,***,r.consonant,0,indiferent,no,si,ba
24/08/2026 16:38:22,usr_mt7c3poe_nqrow,lluny,AQ0MS0,uɲ,r.consonant,0,indiferent,no,si,ca
24/08/2026 16:38:37,usr_mt7c3poe_nqrow,anem,VMIP1P00,ɛm,r.consonant,0,indiferent,no,si,va
24/08/2026 16:39:06,usr_mt7c3poe_nqrow,anem,VMIP1P00,ɛm,r.consonant,0,indiferent,no,si,ca
24/08/2026 16:40:26,usr_msjdqci3_771st,bombo,NCCS000,ombu,r.consonant,0,indiferent,no,si,ba
24/08/2026 16:40:52,usr_msjdqci3_771st,bombo,NCCS000,ombu,r.consonant,0,indiferent,si,si,ca
24/08/2026 16:40:53,usr_msjdqci3_771st,bombo,NCCS000,ombu,r.consonant,0,indiferent,si,si,ba
24/08/2026 16:40:58,usr_msjdqci3_771st,bombo,NCCS000,ombu,r.consonant,0,indiferent,si,si,ca
24/08/2026 16:56:21,usr_msg9zg8t_9tkmy,infantils,AQ0CP0,ils,r.consonant,0,indiferent,no,si,ca
24/08/2026 16:56:30,usr_mt4k0ciw_91uo9,petits,NCMP000,its,r.consonant,0,indiferent,no,si,ba
24/08/2026 17:11:31,usr_msg9zg8t_9tkmy,sol,NCMS000,ɔl,r.consonant,0,indiferent,no,si,ba
24/08/2026 17:11:54,usr_mt4k0ciw_91uo9,sol,NCMS000,ɔl,r.consonant,0,indiferent,no,si,ba
24/08/2026 17:15:53,usr_mrxrmps0_cv8p5,sol,NCMS000,ɔ,r.assonant,1,consonant,no,si,ca
24/08/2026 17:22:35,usr_mt7dxd1z_az9oo,pàtria,NCFS000,aiə,r.assonant,0,indiferent,no,si,ca
24/08/2026 17:27:02,usr_mt4k0ciw_91uo9,quaranta,NCCN000,antə,r.consonant,0,indiferent,no,si,ba
24/08/2026 17:30:14,usr_mrxrmps0_cv8p5,ets,NCMP000,ɛ,r.assonant,1,consonant,no,si,nw
24/08/2026 17:31:17,usr_mt7e8gbd_l0xgq,perfecte,AQ0MS0,ektə,r.consonant,0,indiferent,no,si,ba
24/08/2026 17:32:12,usr_mt72ljf6_9toc0,cor,NCMS000,ɔr,r.consonant,0,indiferent,no,si,ba
24/08/2026 17:32:35,usr_mt7dxd1z_az9oo,esperança,NCFS000,aə,r.assonant,0,indiferent,no,si,ca
24/08/2026 17:33:15,usr_mt7dxd1z_az9oo,esperança,NCFS000,aə,r.assonant,0,indiferent,no,si,ca
24/08/2026 17:33:51,usr_mt7dxd1z_az9oo,esperança,NCFS000,aə,r.assonant,0,indiferent,no,si,ba
24/08/2026 17:33:52,usr_mt72ljf6_9toc0,allà,ZRG,a,r.consonant,0,indiferent,no,si,nw
24/08/2026 17:33:55,usr_mt72ljf6_9toc0,allà,ZRG,a,r.consonant,0,indiferent,no,si,nw
24/08/2026 17:36:01,usr_mt7dxd1z_az9oo,esperança,NCFS000,aə,r.assonant,0,indiferent,no,si,ca
24/08/2026 17:37:19,usr_mt4k0ciw_91uo9,mono,AQ0CS0,ɔnu,r.consonant,0,indiferent,no,si,ba
24/08/2026 17:38:17,usr_mt7e8gbd_l0xgq,mans,NCFP000,ans,r.consonant,0,indiferent,no,si,ca
24/08/2026 17:40:28,usr_mt4k0ciw_91uo9,espina,NCFS000,inə,r.consonant,0,indiferent,no,si,ca
24/08/2026 17:40:37,usr_mt7e8gbd_l0xgq,dalt,NCMS000,al,r.consonant,0,indiferent,no,si,ca
24/08/2026 17:42:25,usr_mt7e8gbd_l0xgq,mes,NCMS000,es,r.consonant,0,indiferent,no,si,ca
24/08/2026 17:46:01,usr_mrxrmps0_cv8p5,agafarte,***,***,r.consonant,0,consonant,no,si,nw
24/08/2026 17:46:05,usr_msyx3bls_fuygr,mica,NCFS000,ikə,r.consonant,0,indiferent,no,si,ca
24/08/2026 17:46:08,usr_msyx3bls_fuygr,mica,NCFS000,ikə,r.consonant,0,indiferent,no,si,nw
24/08/2026 17:46:11,usr_mrxrmps0_cv8p5,agafarte,***,***,r.assonant,2,consonant,no,si,ba
24/08/2026 17:46:18,usr_mrxrmps0_cv8p5,agafarte,***,***,r.assonant,0,consonant,no,si,ca
24/08/2026 17:46:27,usr_mrxrmps0_cv8p5,agafar-te,***,***,r.consonant,0,consonant,no,si,va
24/08/2026 17:46:39,usr_mrxrmps0_cv8p5,agafar-te,***,***,r.assonant,0,consonant,no,si,nw
24/08/2026 17:46:54,usr_mrxrmps0_cv8p5,agafar-te,***,***,r.consonant,0,indiferent,no,si,ba
24/08/2026 17:47:20,usr_mrxrmps0_cv8p5,pancarta,NCFS000,aə,r.assonant,0,indiferent,no,si,nw
24/08/2026 17:48:05,usr_mrxrmps0_cv8p5,pancarta,NCFS000,artə,r.consonant,0,indiferent,no,si,ca
24/08/2026 17:48:48,usr_mrxrmps0_cv8p5,pancarta,NCFS000,aə,r.assonant,0,indiferent,no,si,va
24/08/2026 17:50:11,usr_msg9zg8t_9tkmy,menjador,NCMS000,o,r.consonant,0,indiferent,no,si,nw
24/08/2026 17:53:36,usr_mrxrmps0_cv8p5,pancarta,NCFS000,aə,r.assonant,2,indiferent,no,si,ca
24/08/2026 17:54:42,usr_msyx3bls_fuygr,telenoticies,***,***,r.consonant,0,indiferent,no,si,va
24/08/2026 17:54:47,usr_msyx3bls_fuygr,telenoticies,***,***,r.consonant,0,indiferent,no,si,ba
24/08/2026 17:54:54,usr_msyx3bls_fuygr,notícies,NCFP000,isiəs,r.consonant,0,indiferent,no,si,ba
24/08/2026 17:57:46,usr_mrxrmps0_cv8p5,vegada,NCFS000,aə,r.assonant,2,indiferent,no,si,va
24/08/2026 17:59:47,usr_msyx3bls_fuygr,col•lega,***,***,r.consonant,0,indiferent,no,si,ca
24/08/2026 17:59:50,usr_msyx3bls_fuygr,col•lega,***,***,r.consonant,0,indiferent,no,si,ca
24/08/2026 17:59:52,usr_msyx3bls_fuygr,col•lega,***,***,r.consonant,0,indiferent,no,si,ca
24/08/2026 17:59:56,usr_msyx3bls_fuygr,colega,***,***,r.consonant,0,indiferent,no,si,ca
24/08/2026 18:00:01,usr_msyx3bls_fuygr,ega,NPCSG00,ɛɣə,r.consonant,0,indiferent,no,si,ca
24/08/2026 18:00:23,usr_mrxrmps0_cv8p5,vegada,NCFS000,aə,r.assonant,2,indiferent,no,si,ca
24/08/2026 18:00:40,usr_mrxrmps0_cv8p5,vegada,NCFS000,aðə,r.consonant,0,indiferent,no,si,ba
24/08/2026 18:00:53,usr_mrxrmps0_cv8p5,vegada,NCFS000,aə,r.assonant,2,indiferent,no,si,va
24/08/2026 18:02:20,usr_msyx3bls_fuygr,conegut,NCMS000,ut,r.consonant,0,indiferent,no,si,va
24/08/2026 18:03:54,usr_msyx3bls_fuygr,vila,NCFS000,ilə,r.consonant,0,indiferent,no,si,nw
24/08/2026 18:06:54,usr_mt72ljf6_9toc0,fica,VMIP3S00,ikə,r.consonant,0,indiferent,no,si,ba
24/08/2026 18:06:54,usr_mt72ljf6_9toc0,fica,VMIP3S00,ikə,r.consonant,0,indiferent,no,si,ca
24/08/2026 18:08:05,usr_mt72ljf6_9toc0,ica,AQ0CS0,ikə,r.consonant,0,indiferent,no,si,va
24/08/2026 18:08:52,usr_mt72ljf6_9toc0,regals,NCMP000,als,r.consonant,0,indiferent,no,si,va
24/08/2026 18:10:23,usr_msp0hy35_dllt2,marc,NCMS000,ark,r.consonant,0,indiferent,si,si,ba
24/08/2026 18:11:08,usr_msp0hy35_dllt2,bernat,NCMS000,at,r.consonant,0,indiferent,si,si,ba
24/08/2026 18:11:25,usr_msp0hy35_dllt2,dotze,NCCN000,odzə,r.consonant,0,indiferent,no,si,nw
24/08/2026 18:11:32,usr_msp0hy35_dllt2,dotze,NCCN000,odzə,r.consonant,0,indiferent,no,si,nw
24/08/2026 18:11:35,usr_msp0hy35_dllt2,dotze,NCCN000,odzə,r.consonant,0,indiferent,no,si,ca
24/08/2026 18:17:31,usr_mt4k0ciw_91uo9,seguidors,NCMP000,os,r.consonant,0,indiferent,no,si,va
24/08/2026 18:23:54,usr_mt4k0ciw_91uo9,sang,NCFS000,aŋ,r.consonant,0,indiferent,no,si,nw
24/08/2026 18:27:55,usr_mt72ljf6_9toc0,got,NCMS000,ɔt,r.consonant,0,indiferent,no,si,ba
24/08/2026 18:28:45,usr_mrxrmps0_cv8p5,sol,NCMS000,ɔ,r.assonant,1,indiferent,no,si,ba
24/08/2026 18:29:00,usr_mrxrmps0_cv8p5,món,NCMS000,o,r.assonant,1,indiferent,no,si,ba
24/08/2026 18:31:30,usr_mrxrmps0_cv8p5,foc,NCMS000,ɔ,r.assonant,1,indiferent,no,si,ba
24/08/2026 18:32:03,usr_mt7gepos_bsv61,plaça,NCFS000,asə,r.consonant,0,indiferent,no,si,va
24/08/2026 18:32:09,usr_mrxrmps0_cv8p5,món,NCMS000,o,r.assonant,1,indiferent,no,si,va
24/08/2026 18:32:09,usr_mrxrmps0_cv8p5,món,NCMS000,o,r.assonant,1,indiferent,no,si,va
24/08/2026 18:33:09,usr_mrxrmps0_cv8p5,món,NCMS000,o,r.assonant,2,consonant,no,si,va
24/08/2026 18:36:11,usr_mt7gjv4d_h6okj,cony,NCMS000,oɲ,r.consonant,0,indiferent,no,si,ca
24/08/2026 18:36:42,usr_mt7gjv4d_h6okj,polla,NCFS000,oʎə,r.consonant,0,indiferent,no,si,va
24/08/2026 18:39:49,usr_mrxrmps0_cv8p5,sempre,ZRG,eə,r.assonant,2,consonant,no,si,ca
24/08/2026 18:39:56,usr_mrxrmps0_cv8p5,sempre,ZRG,empɾə,r.consonant,0,consonant,no,si,nw
24/08/2026 18:40:02,usr_mrxrmps0_cv8p5,sempre,ZRG,eə,r.assonant,0,consonant,no,si,va
24/08/2026 18:40:24,usr_mrxrmps0_cv8p5,sempre,ZRG,eə,r.assonant,3,consonant,no,si,ba
24/08/2026 18:40:41,usr_mrxrmps0_cv8p5,sempre,ZRG,eə,r.assonant,2,consonant,no,si,nw
24/08/2026 18:41:43,usr_mt7gepos_bsv61,dit,NCMS000,it,r.consonant,0,indiferent,no,si,ba
24/08/2026 18:41:48,usr_mrxrmps0_cv8p5,sempre,ZRG,eə,r.assonant,1,consonant,no,si,ba
24/08/2026 18:42:09,usr_mrxrmps0_cv8p5,sempre,ZRG,eə,r.assonant,2,consonant,no,si,ba
24/08/2026 18:42:36,usr_mt7gepos_bsv61,arbres,NCMP000,aβɾəs,r.consonant,0,indiferent,no,si,nw
24/08/2026 18:42:45,usr_mt7gepos_bsv61,dit,NCMS000,it,r.consonant,0,indiferent,no,si,ba
24/08/2026 18:47:39,usr_mt7gjv4d_h6okj,farina,NCFS000,inə,r.consonant,0,indiferent,no,si,va
24/08/2026 18:52:28,usr_mrw92o1u_osk4m,necesser,NCMS000,e,r.consonant,0,indiferent,no,si,ca
24/08/2026 18:54:15,usr_mrw92o1u_osk4m,ester,NPCNSP0,er,r.consonant,0,indiferent,no,si,va
24/08/2026 18:58:17,usr_mt72ljf6_9toc0,quitança,NCFS000,ansə,r.consonant,0,indiferent,no,si,va
24/08/2026 19:01:54,usr_mt72ljf6_9toc0,anirà,VMIF3S00,a,r.consonant,0,indiferent,no,si,va
24/08/2026 19:03:51,usr_mt72ljf6_9toc0,aniràs,VMIF2S00,as,r.consonant,0,indiferent,no,si,ba
24/08/2026 19:06:23,usr_mrxrmps0_cv8p5,eurídice,NPFSSP0,iiə,r.assonant,2,consonant,no,si,nw
24/08/2026 19:06:28,usr_mrxrmps0_cv8p5,eurídice,NPFSSP0,iðisə,r.consonant,0,consonant,no,si,ca
24/08/2026 19:06:33,usr_mrxrmps0_cv8p5,eurídice,NPFSSP0,iiə,r.assonant,0,consonant,no,si,va
24/08/2026 19:45:51,usr_mt7j1kqe_7cjpq,eta,NCFS000,ɛtə,r.consonant,0,indiferent,no,si,nw
24/08/2026 19:49:11,usr_mt7j1kqe_7cjpq,ena,NCFS000,enə,r.consonant,0,indiferent,no,si,nw
24/08/2026 19:49:19,usr_mt7j1kqe_7cjpq,ena,NCFS000,enə,r.consonant,0,indiferent,no,si,va
24/08/2026 19:49:31,usr_mt7j1kqe_7cjpq,quena,***,***,r.consonant,0,indiferent,no,si,ba
24/08/2026 19:49:37,usr_mt7j1kqe_7cjpq,esquena,NCFS000,ɛnə,r.consonant,0,indiferent,no,si,va
24/08/2026 19:57:24,usr_mt7j1kqe_7cjpq,dolçura,***,***,r.consonant,0,indiferent,no,si,ca
24/08/2026 19:58:03,usr_mt7j1kqe_7cjpq,dollor,***,***,r.consonant,0,indiferent,no,si,ba
24/08/2026 19:58:11,usr_mt7j1kqe_7cjpq,dolçor,NCFS000,o,r.consonant,0,indiferent,no,si,ba
24/08/2026 20:00:54,usr_mrw92o1u_osk4m,jorba,NPCNSP0,orβə,r.consonant,0,indiferent,no,si,nw
24/08/2026 20:06:34,usr_mt7j1kqe_7cjpq,marró,NCMS000,o,r.consonant,0,indiferent,no,si,nw
24/08/2026 20:20:18,usr_mt72ljf6_9toc0,ues,***,***,r.consonant,0,indiferent,no,si,va
24/08/2026 20:20:22,usr_mt72ljf6_9toc0,ues,***,***,r.consonant,0,indiferent,no,si,ca
24/08/2026 20:20:27,usr_mt72ljf6_9toc0,es,NCFP000,əs,r.consonant,0,indiferent,no,si,ba
24/08/2026 20:20:28,usr_mt72ljf6_9toc0,es,NCFP000,əs,r.consonant,0,indiferent,no,si,ba
24/08/2026 20:21:46,usr_mt5s4y6n_bgqr1,foli,NCMS000,ɔli,r.consonant,0,indiferent,no,si,nw
24/08/2026 20:23:26,usr_mt72ljf6_9toc0,grn,***,***,r.consonant,0,indiferent,no,si,va
24/08/2026 20:23:28,usr_mt72ljf6_9toc0,grn,***,***,r.consonant,0,indiferent,no,si,ca
24/08/2026 20:23:38,usr_mt72ljf6_9toc0,gran,NCCS000,an,r.consonant,0,indiferent,no,si,ba
24/08/2026 20:52:26,usr_mt72ljf6_9toc0,fic,NCMS000,ik,r.consonant,0,indiferent,no,si,ba
24/08/2026 20:55:18,usr_msa9lcfl_7pi7a,amaga,VMIP3S00,aɣə,r.consonant,0,indiferent,no,si,ca
24/08/2026 20:59:50,usr_msa9lcfl_7pi7a,diari,NCMS000,aɾi,r.consonant,0,indiferent,no,si,va
24/08/2026 20:59:55,usr_mt7lovyq_vjmay,embre,***,***,r.consonant,0,indiferent,no,si,ca
24/08/2026 20:59:58,usr_mt7lovyq_vjmay,embre,***,***,r.consonant,0,indiferent,no,si,nw
24/08/2026 21:17:09,usr_mt72ljf6_9toc0,julivert,NCMS000,ɛrt,r.consonant,0,indiferent,no,si,ba
24/08/2026 21:26:54,usr_ms98hezb_l87o6,corba,NCFS000,orβə,r.consonant,0,indiferent,no,si,va
24/08/2026 21:43:07,usr_mt7j1kqe_7cjpq,vera,AQ0FS0,eɾə,r.consonant,0,indiferent,no,si,va
24/08/2026 22:30:39,usr_ms98hezb_l87o6,ruines,***,***,r.consonant,0,indiferent,no,si,ba
24/08/2026 22:30:43,usr_ms98hezb_l87o6,ruines,***,***,r.consonant,0,indiferent,no,si,nw
24/08/2026 23:42:30,usr_mt7rhxfm_0m0gb,hores,NCFP000,ɔɾəs,r.consonant,0,indiferent,no,si,nw
24/08/2026 23:44:17,usr_mt7rhxfm_0m0gb,bonica,AQ0FS0,ikə,r.consonant,0,indiferent,no,si,nw
24/08/2026 23:44:30,usr_mt7rhxfm_0m0gb,bonica,AQ0FS0,ikə,r.consonant,0,indiferent,no,si,nw
25/08/2026 0:11:47,usr_msp0hy35_dllt2,sèquia,***,***,r.consonant,0,indiferent,no,si,ca
25/08/2026 1:17:32,usr_ms6gfnsa_ot8rk,cel,NCMS000,ɛl,r.consonant,0,indiferent,no,si,nw
25/08/2026 1:18:09,usr_ms6gfnsa_ot8rk,nuvol,***,***,r.consonant,0,indiferent,no,si,va
25/08/2026 1:18:17,usr_ms6gfnsa_ot8rk,núvol,NCMS000,uβul,r.consonant,0,indiferent,no,si,va
25/08/2026 9:01:22,usr_mt8bgnc0_4705x,càmping,NCMS000,ampiŋ,r.consonant,0,indiferent,no,si,va
25/08/2026 9:01:29,usr_mt8bgnc0_4705x,camping,***,***,r.consonant,0,indiferent,no,si,ba
25/08/2026 9:01:45,usr_mt8bgnc0_4705x,camping,***,***,r.consonant,0,indiferent,no,si,nw
25/08/2026 9:02:02,usr_mt8bgnc0_4705x,cámping,***,***,r.consonant,0,indiferent,no,si,nw
25/08/2026 9:02:02,usr_mt8bgnc0_4705x,cámping,***,***,r.consonant,0,indiferent,no,si,ca
25/08/2026 9:02:06,usr_mt8bgnc0_4705x,cámping,***,***,r.consonant,0,indiferent,no,si,ba
25/08/2026 9:03:15,usr_mt8bgnc0_4705x,parquing,***,***,r.consonant,0,indiferent,no,si,va
25/08/2026 9:03:15,usr_mt8bgnc0_4705x,parquing,***,***,r.consonant,0,indiferent,no,si,ca
25/08/2026 9:03:18,usr_mt8bgnc0_4705x,parquing,***,***,r.consonant,0,indiferent,no,si,va
25/08/2026 9:03:21,usr_mt8bgnc0_4705x,parquin,***,***,r.consonant,0,indiferent,no,si,ba
25/08/2026 9:03:31,usr_mt8bgnc0_4705x,pàrquing,NCMS000,arkiŋ,r.consonant,0,indiferent,no,si,ca
25/08/2026 9:03:33,usr_mt8bgnc0_4705x,pàrquing,NCMS000,arkiŋ,r.consonant,0,indiferent,no,si,nw
25/08/2026 9:03:34,usr_mt8bgnc0_4705x,pàrquing,NCMS000,arkiŋ,r.consonant,0,indiferent,no,si,va
25/08/2026 9:03:51,usr_mt8bgnc0_4705x,pàrquing,NCMS000,arkiŋ,r.consonant,0,indiferent,no,si,ca
25/08/2026 9:04:19,usr_mt8bgnc0_4705x,estats,NCMP000,ats,r.consonant,0,indiferent,no,si,va
25/08/2026 9:04:22,usr_mt8bgnc0_4705x,estats,NCMP000,ats,r.consonant,0,indiferent,no,si,va
25/08/2026 9:08:27,usr_mt8bgnc0_4705x,estats,NCMP000,ats,r.consonant,0,indiferent,no,no,ca
25/08/2026 9:13:15,usr_mt8bgnc0_4705x,estats,NCMP000,ats,r.consonant,0,indiferent,no,no,ca
25/08/2026 9:18:27,usr_mt8bgnc0_4705x,caminates,***,***,r.consonant,0,indiferent,no,no,ca
25/08/2026 9:18:31,usr_mt8bgnc0_4705x,caminates,***,***,r.consonant,0,indiferent,no,no,nw
25/08/2026 9:18:47,usr_mt8bgnc0_4705x,excursions,NCFP000,ons,r.consonant,0,indiferent,no,no,ba
25/08/2026 9:20:47,usr_mt8bgnc0_4705x,mica,NCFS000,ikə,r.consonant,0,indiferent,no,no,nw
25/08/2026 9:21:13,usr_mt8bgnc0_4705x,mica,NCFS000,ikə,r.consonant,0,indiferent,no,no,va
25/08/2026 9:23:29,usr_mt8bgnc0_4705x,bosc,NCMS000,ɔsk,r.consonant,0,indiferent,no,no,va
25/08/2026 9:24:11,usr_mt425vjy_yc8ut,traïcions,NCFP000,ons,r.consonant,0,indiferent,no,no,ba
25/08/2026 9:24:53,usr_mt8bgnc0_4705x,animal,NCMS000,al,r.consonant,0,indiferent,no,no,ca
25/08/2026 9:42:53,usr_mt8bgnc0_4705x,deu,NCCN000,ɛw,r.consonant,0,indiferent,no,no,ba
25/08/2026 9:43:07,usr_mt8bgnc0_4705x,deu,NCCN000,ɛw,r.consonant,0,indiferent,no,no,nw
25/08/2026 9:50:12,usr_mt425vjy_yc8ut,paulet,***,***,r.assonant,0,indiferent,no,no,va
25/08/2026 9:50:17,usr_mt425vjy_yc8ut,paulet,***,***,r.consonant,0,indiferent,no,no,ca
25/08/2026 9:50:18,usr_mt425vjy_yc8ut,paulet,***,***,r.consonant,0,indiferent,no,no,va
25/08/2026 9:50:23,usr_mt425vjy_yc8ut,aulet,NCMS000,ɛt,r.consonant,0,indiferent,no,no,nw
25/08/2026 9:50:38,usr_mt425vjy_yc8ut,aulet,NCMS000,ɛ,r.assonant,0,indiferent,no,no,nw
25/08/2026 9:50:43,usr_mt425vjy_yc8ut,aulet,NCMS000,ɛ,r.assonant,0,indiferent,no,no,ba
25/08/2026 9:51:08,usr_mt425vjy_yc8ut,aulet,NCMS000,ɛt,r.consonant,0,indiferent,no,no,ca
25/08/2026 9:53:10,usr_mt425vjy_yc8ut,companyia,NCFS000,iə,r.consonant,0,indiferent,no,no,ca
25/08/2026 9:59:12,usr_mt8bgnc0_4705x,lloc,NCMS000,ɔk,r.consonant,0,indiferent,no,no,ca
25/08/2026 10:21:56,usr_mt8ec9si_yxtlb,catorze,NCCN000,orzə,r.consonant,0,indiferent,no,si,ca
25/08/2026 10:22:19,usr_mt425vjy_yc8ut,corona,NCFS000,onə,r.consonant,0,indiferent,no,no,va
25/08/2026 10:25:16,usr_mt425vjy_yc8ut,aulet,NCMS000,ɛt,r.consonant,0,indiferent,no,no,ba
25/08/2026 10:35:04,usr_mt425vjy_yc8ut,centúria,NCFS000,uɾiə,r.consonant,0,indiferent,no,no,ba
25/08/2026 10:35:53,usr_mt425vjy_yc8ut,centúria,NCFS000,uiə,r.assonant,0,indiferent,no,no,ca
25/08/2026 10:39:08,usr_mt425vjy_yc8ut,prostàtic,NCMS000,ai,r.assonant,0,indiferent,no,no,ba
25/08/2026 10:40:05,usr_mt425vjy_yc8ut,prostàtic,NCMS000,atik,r.consonant,0,indiferent,no,no,ca
25/08/2026 10:44:06,usr_mt425vjy_yc8ut,ramona,NPFSSP0,onə,r.consonant,0,indiferent,no,no,ca
25/08/2026 10:45:10,usr_mt7dxd1z_az9oo,periple,NCMS000,iə,r.assonant,0,indiferent,no,si,va
25/08/2026 10:46:30,usr_mt7dxd1z_az9oo,viatge,NCMS000,adʒə,r.consonant,0,indiferent,no,si,va
25/08/2026 10:46:34,usr_mt7dxd1z_az9oo,viatge,NCMS000,aə,r.assonant,0,indiferent,no,si,nw
25/08/2026 10:47:34,usr_mt7dxd1z_az9oo,viatge,NCMS000,aə,r.assonant,0,indiferent,no,si,ca
25/08/2026 10:48:50,usr_mt7j1kqe_7cjpq,dilatades,AQ0FP0,aðəs,r.consonant,0,indiferent,no,si,ba
25/08/2026 10:48:52,usr_mt7j1kqe_7cjpq,dilatades,AQ0FP0,aðəs,r.consonant,0,indiferent,no,si,nw
25/08/2026 10:57:03,usr_mt425vjy_yc8ut,finestra,NCFS000,estɾə,r.consonant,0,indiferent,no,no,ba
25/08/2026 10:57:21,usr_mt425vjy_yc8ut,finestra,NCFS000,eə,r.assonant,0,indiferent,no,no,nw
25/08/2026 10:57:39,usr_mt7dxd1z_az9oo,pàtria,NCFS000,aiə,r.assonant,0,indiferent,no,si,va
25/08/2026 11:00:02,usr_mt425vjy_yc8ut,filla,NCFS000,iʎə,r.consonant,0,indiferent,no,no,nw
25/08/2026 11:01:31,usr_mt425vjy_yc8ut,públic,NCMS000,ubblik,r.consonant,0,indiferent,no,no,nw
25/08/2026 11:01:41,usr_mt425vjy_yc8ut,públic,NCMS000,ui,r.assonant,0,indiferent,no,no,nw
25/08/2026 11:01:57,usr_mt7dxd1z_az9oo,esperança,NCFS000,aə,r.assonant,0,indiferent,no,si,ca
25/08/2026 11:02:54,usr_mt7dxd1z_az9oo,esperança,NCFS000,aə,r.assonant,0,indiferent,no,si,va
25/08/2026 11:02:54,usr_mt425vjy_yc8ut,guilla,NCFS000,iʎə,r.consonant,0,indiferent,no,no,va
25/08/2026 11:13:16,usr_mt7dxd1z_az9oo,esperança,NCFS000,aə,r.assonant,0,indiferent,no,si,ca
25/08/2026 11:36:05,usr_mt425vjy_yc8ut,públic,NCMS000,ubblik,r.consonant,0,indiferent,no,no,ca
25/08/2026 11:36:16,usr_mt425vjy_yc8ut,públic,NCMS000,ui,r.assonant,0,indiferent,no,no,ca
25/08/2026 11:37:39,usr_mt425vjy_yc8ut,auditori,NCMS000,ɔi,r.assonant,0,indiferent,no,no,va
25/08/2026 11:37:46,usr_mt425vjy_yc8ut,auditori,NCMS000,ɔɾi,r.consonant,0,indiferent,no,no,ba
25/08/2026 11:38:46,usr_mt425vjy_yc8ut,lloes,NCFP000,oəs,r.consonant,0,indiferent,no,no,ca
25/08/2026 11:38:55,usr_mt425vjy_yc8ut,lloes,NCFP000,oə,r.assonant,0,indiferent,no,no,ca
25/08/2026 11:39:12,usr_mt425vjy_yc8ut,lloa,NCFS000,oə,r.consonant,0,indiferent,no,no,nw
25/08/2026 11:39:37,usr_ms78a4ki_37kmj,olmo,***,***,r.consonant,0,indiferent,no,si,va
25/08/2026 11:40:26,usr_ms78a4ki_37kmj,oms,NCMP000,oms,r.consonant,0,indiferent,no,si,ca
25/08/2026 11:43:56,usr_mt425vjy_yc8ut,desori,NCMS000,ɔɾi,r.consonant,0,indiferent,no,no,nw
25/08/2026 11:45:59,usr_mt425vjy_yc8ut,retireu,VMIP2P00,ɛw,r.consonant,0,indiferent,no,no,va
25/08/2026 11:58:14,usr_mt425vjy_yc8ut,edat,NCFS000,at,r.consonant,0,indiferent,no,no,ba
25/08/2026 12:09:24,usr_mt8i6hb4_xv6zz,única,AQ0FS0,unikə,r.consonant,0,indiferent,no,si,ca
25/08/2026 12:09:33,usr_mt8i6hb4_xv6zz,única,AQ0FS0,uiə,r.assonant,0,indiferent,no,si,ba
25/08/2026 12:11:00,usr_mt8i6hb4_xv6zz,enfonsa,VMIP3S00,onzə,r.consonant,0,indiferent,no,si,va
25/08/2026 12:11:10,usr_mt8i6hb4_xv6zz,enfonsa,VMIP3S00,oə,r.assonant,0,indiferent,no,si,va
25/08/2026 12:39:32,usr_msg99rht_qkano,culpa,NCFS000,ulpə,r.consonant,0,indiferent,no,si,va
25/08/2026 12:41:27,usr_mt8jbp0k_zftzc,enveja,NCFS000,ɛʒə,r.consonant,0,indiferent,no,si,ba
25/08/2026 12:41:40,usr_mt8jbp0k_zftzc,enveja,NCFS000,ɛʒə,r.consonant,0,indiferent,no,si,ca
25/08/2026 12:41:44,usr_mt8jbp0k_zftzc,envejà,VMIS3S00,a,r.consonant,0,indiferent,no,si,va
25/08/2026 12:42:57,usr_mt8i6hb4_xv6zz,desconegudes,AQ0FP0,uðəs,r.consonant,0,indiferent,no,si,ba
25/08/2026 12:43:30,usr_mt8i6hb4_xv6zz,desconegudes,AQ0FP0,uə,r.assonant,0,indiferent,no,si,ba
25/08/2026 12:59:32,usr_msg99rht_qkano,arribo,VMIP1S0C,iβu,r.consonant,0,indiferent,no,si,nw
25/08/2026 13:08:22,usr_mt5s4y6n_bgqr1,boja,NCFS000,ɔʒə,r.consonant,0,indiferent,no,si,ba
25/08/2026 13:17:19,usr_mt8km2ct_irmc0,peluda,NCFS000,uðə,r.consonant,0,indiferent,no,si,nw
25/08/2026 13:31:10,usr_mt8l3m5w_5hq1o,filles,NCFP000,iʎəs,r.consonant,0,indiferent,no,si,nw
25/08/2026 13:56:27,usr_mt8m04sp_i89jq,xandall,NCMS000,aʎ,r.consonant,0,indiferent,no,si,ca
25/08/2026 13:59:23,usr_mt8m04sp_i89jq,aura,NCFS000,awɾə,r.consonant,0,indiferent,no,si,ba
25/08/2026 14:12:29,usr_mt8m04sp_i89jq,marti,***,***,r.consonant,0,indiferent,no,si,nw
25/08/2026 14:12:34,usr_mt8m04sp_i89jq,martí,NPCNSP0,i,r.consonant,0,indiferent,no,si,ca
25/08/2026 14:12:55,usr_mt8m04sp_i89jq,perrejar,***,***,r.consonant,0,indiferent,no,si,nw
25/08/2026 14:46:49,usr_msyx3bls_fuygr,sobtat,AQ0MS0,at,r.consonant,0,indiferent,no,si,nw
25/08/2026 15:02:05,usr_msyx3bls_fuygr,impossible,NCMS000,ibblə,r.consonant,0,indiferent,no,si,ca
25/08/2026 15:02:24,usr_msyx3bls_fuygr,alumnes,NCCP000,umnəs,r.consonant,0,indiferent,no,si,va
25/08/2026 15:02:38,usr_msyx3bls_fuygr,infants,NCMP000,ans,r.consonant,0,indiferent,no,si,nw
25/08/2026 15:04:46,usr_msyx3bls_fuygr,terrible,AQ0CS0,ibblə,r.consonant,0,indiferent,no,si,ba
25/08/2026 15:33:11,usr_msg99rht_qkano,nervis,NCMP000,ɛrβis,r.consonant,0,indiferent,no,si,ca
25/08/2026 15:55:44,usr_msg99rht_qkano,apa,ZI,apə,r.consonant,0,indiferent,no,si,ba
25/08/2026 15:57:19,usr_mt8qbj0y_t9oqc,coses,NCFP000,ɔə,r.assonant,0,indiferent,no,si,ca
25/08/2026 16:03:49,usr_mt8qbj0y_t9oqc,coses,NCFP000,ɔə,r.assonant,3,indiferent,no,si,ca
25/08/2026 16:04:45,usr_mt8qbj0y_t9oqc,complice,***,***,r.assonant,3,indiferent,no,si,ba
25/08/2026 16:05:30,usr_mt8qbj0y_t9oqc,còmplice´,***,***,r.assonant,3,indiferent,no,si,va
25/08/2026 16:06:06,usr_mt8qbj0y_t9oqc,còmplice,NCCS000,ɔiə,r.assonant,3,indiferent,no,si,va
25/08/2026 16:06:37,usr_mt8qbj0y_t9oqc,còmplice,NCCS000,ɔiə,r.assonant,2,indiferent,no,si,nw
25/08/2026 16:07:12,usr_mt8qbj0y_t9oqc,coses,NCFP000,ɔə,r.assonant,2,indiferent,no,si,ba
25/08/2026 16:11:54,usr_mt8qbj0y_t9oqc,coses,NCFP000,ɔə,r.assonant,1,indiferent,no,si,ca
25/08/2026 16:12:02,usr_mt8qbj0y_t9oqc,cos,NCMS000,ɔ,r.assonant,1,indiferent,no,si,va
25/08/2026 16:21:34,usr_mt8qbj0y_t9oqc,cos,NCMS000,ɔ,r.assonant,2,indiferent,no,si,nw
25/08/2026 16:21:41,usr_mt8qbj0y_t9oqc,òrbita,NCFS000,ɔiə,r.assonant,2,indiferent,no,si,va
25/08/2026 16:21:43,usr_mt8qbj0y_t9oqc,òrbita,NCFS000,ɔiə,r.assonant,2,indiferent,no,si,nw
25/08/2026 16:21:51,usr_mt8qbj0y_t9oqc,coses,NCFP000,ɔə,r.assonant,2,indiferent,no,si,ca
25/08/2026 16:23:25,usr_mt8qbj0y_t9oqc,coses,NCFP000,ɔə,r.assonant,3,indiferent,no,si,nw
25/08/2026 16:23:28,usr_mt8qbj0y_t9oqc,coses,NCFP000,ɔə,r.assonant,3,indiferent,no,si,ba
25/08/2026 16:24:06,usr_mt8ra0p0_jkimo,quaranta,NCCN000,antə,r.consonant,0,indiferent,no,si,nw
25/08/2026 16:24:54,usr_mt8qbj0y_t9oqc,obvi,AQ0MS0,ɔi,r.assonant,3,indiferent,no,si,ba
25/08/2026 16:25:04,usr_mt8qbj0y_t9oqc,obvi,AQ0MS0,ɔbbi,r.consonant,3,indiferent,no,si,nw
25/08/2026 16:25:06,usr_mt8qbj0y_t9oqc,obvi,AQ0MS0,ɔi,r.assonant,3,indiferent,no,si,va
25/08/2026 16:25:26,usr_mt8qbj0y_t9oqc,obvi,AQ0MS0,ɔi,r.assonant,2,indiferent,no,si,ba
25/08/2026 17:09:37,usr_mt8swjhx_hp0qk,cor,NCMS000,ɔr,r.consonant,0,indiferent,no,si,ba
25/08/2026 17:09:37,usr_mt8swjhx_hp0qk,cor,NCMS000,ɔr,r.consonant,0,indiferent,no,si,nw
25/08/2026 17:09:43,usr_mt8swjhx_hp0qk,cor,NCMS000,ɔr,r.consonant,0,indiferent,no,si,nw
25/08/2026 18:10:28,usr_mt8swjhx_hp0qk,vivim,VMIP1P00,im,r.consonant,0,indiferent,no,si,ca
25/08/2026 18:31:43,usr_mt8vu3cq_pd9bu,castells,NCMP000,eʎs,r.consonant,0,indiferent,no,si,va
25/08/2026 18:58:46,usr_mt8wswlh_16kkf,abril,NCMS000,il,r.consonant,0,indiferent,no,si,va
25/08/2026 19:03:44,usr_mt8wzabi_6ttqk,ai,NCMS000,aj,r.consonant,0,indiferent,no,si,va
25/08/2026 19:09:38,usr_mt8vu3cq_pd9bu,foc,NCMS000,ɔk,r.consonant,0,indiferent,no,si,nw
25/08/2026 19:10:18,usr_mt1vzxo5_uk1al,foc,NCMS000,ɔk,r.consonant,0,indiferent,no,si,va
25/08/2026 19:11:32,usr_mt8wzabi_6ttqk,at,***,***,r.consonant,0,indiferent,no,si,ba
25/08/2026 19:11:33,usr_mt8wzabi_6ttqk,at,***,***,r.consonant,0,indiferent,no,si,ca
25/08/2026 19:11:41,usr_mt8wzabi_6ttqk,at,***,***,r.consonant,0,indiferent,no,si,va
25/08/2026 19:11:42,usr_mt8wzabi_6ttqk,at,***,***,r.consonant,0,indiferent,no,si,ba
25/08/2026 19:11:53,usr_mt8wzabi_6ttqk,ar,***,***,r.consonant,0,indiferent,no,si,ba
25/08/2026 19:12:01,usr_mt8wzabi_6ttqk,at,***,***,r.consonant,0,indiferent,no,si,ca
25/08/2026 19:25:34,usr_msyx3bls_fuygr,assamblees,***,***,r.consonant,0,indiferent,no,si,nw
25/08/2026 19:25:34,usr_msyx3bls_fuygr,assamblees,***,***,r.consonant,0,indiferent,no,si,ca
25/08/2026 19:25:38,usr_msyx3bls_fuygr,assamblea,***,***,r.consonant,0,indiferent,no,si,nw
25/08/2026 19:25:41,usr_msyx3bls_fuygr,assamblea,***,***,r.consonant,0,indiferent,no,si,ba
25/08/2026 19:26:58,usr_mt8vu3cq_pd9bu,cavall,NCMS000,aʎ,r.consonant,0,indiferent,no,si,va
25/08/2026 19:29:07,usr_msyx3bls_fuygr,persones,NCFP000,onəs,r.consonant,0,indiferent,no,si,ca
25/08/2026 19:29:55,usr_msyx3bls_fuygr,secundària,NCFS000,aɾiə,r.consonant,0,indiferent,no,si,va
25/08/2026 19:39:18,usr_msyx3bls_fuygr,mossos,NCMP000,osus,r.consonant,0,indiferent,no,si,nw
25/08/2026 19:39:49,usr_mt8wzabi_6ttqk,at,***,***,r.consonant,0,indiferent,no,si,va
25/08/2026 19:39:50,usr_mt8wzabi_6ttqk,at,***,***,r.consonant,0,indiferent,no,si,ba
25/08/2026 19:40:26,usr_mt8wzabi_6ttqk,ostres,NCFP000,ɔstɾəs,r.consonant,0,indiferent,no,no,va
25/08/2026 19:40:42,usr_mt8wzabi_6ttqk,rat,NCMS000,at,r.consonant,0,indiferent,no,no,nw
25/08/2026 19:41:12,usr_msyx3bls_fuygr,secundària,NCFS000,aɾiə,r.consonant,0,indiferent,no,si,nw
25/08/2026 19:44:35,usr_msyx3bls_fuygr,obertes,NCFP000,ɛrtəs,r.consonant,0,indiferent,no,si,ca
25/08/2026 19:53:34,usr_mt8yrdua_exufv,ivette,***,***,r.consonant,0,indiferent,no,si,ba
25/08/2026 19:53:48,usr_mt8yrdua_exufv,et,NCMS000,ɛt,r.consonant,0,indiferent,no,si,va
25/08/2026 19:53:56,usr_mt8yrdua_exufv,et,NCMS000,ɛt,r.consonant,0,indiferent,no,si,ba
25/08/2026 20:02:33,usr_mt4k0ciw_91uo9,dolent,NCMS000,en,r.consonant,0,indiferent,no,si,nw
25/08/2026 20:03:55,usr_mt8wzabi_6ttqk,ai,NCMS000,aj,r.consonant,0,indiferent,no,no,ca
25/08/2026 20:13:36,usr_mt8wzabi_6ttqk,cat,NCMS000,at,r.consonant,0,indiferent,no,si,va
25/08/2026 20:16:50,usr_ms7btuyi_nml4w,encès,VMP00SM0,ɛs,r.consonant,0,indiferent,no,si,nw
25/08/2026 20:48:02,usr_mt90pfnf_9bb0q,carrer,NCMS000,e,r.consonant,0,indiferent,no,si,ca
25/08/2026 20:49:59,usr_mt90pfnf_9bb0q,carrer,NCMS000,e,r.consonant,2,indiferent,no,si,ba
25/08/2026 20:55:47,usr_ms7btuyi_nml4w,ets,NCMP000,ɛts,r.consonant,0,indiferent,no,si,va
25/08/2026 20:56:12,usr_ms7btuyi_nml4w,ets,NCMP000,ɛts,r.consonant,0,indiferent,no,si,nw
25/08/2026 20:56:32,usr_ms7btuyi_nml4w,retrets,NCMP000,ets,r.consonant,0,indiferent,no,si,ba
25/08/2026 22:19:55,usr_mrxnkknn_p0dvm,mai,ZRG,aj,r.consonant,0,indiferent,no,si,ca
25/08/2026 22:21:09,usr_mrxnkknn_p0dvm,gorg,NCMS000,ork,r.consonant,0,indiferent,no,si,va
25/08/2026 22:30:24,usr_mslzxmrq_n4dju,arena,NCFS000,ɛnə,r.consonant,0,indiferent,no,si,nw
25/08/2026 22:30:35,usr_mslzxmrq_n4dju,aqui,***,***,r.consonant,0,indiferent,no,si,va
25/08/2026 22:30:38,usr_mslzxmrq_n4dju,aquí,ZRG,i,r.consonant,0,indiferent,no,si,ba
25/08/2026 22:35:59,usr_mslzxmrq_n4dju,eivissa,NPFSG00,isə,r.consonant,0,indiferent,no,si,ca
25/08/2026 22:43:47,usr_mslzxmrq_n4dju,mansió,NCFS000,o,r.consonant,0,indiferent,no,si,ba
25/08/2026 22:46:52,usr_mslzxmrq_n4dju,arena,NCFS000,ɛə,r.assonant,0,indiferent,no,si,nw
25/08/2026 22:54:45,usr_mslzxmrq_n4dju,fer,AQ0MS0,e,r.consonant,0,indiferent,no,si,va
25/08/2026 23:05:46,usr_mslzxmrq_n4dju,fart,NCMS000,art,r.consonant,0,indiferent,no,si,nw
25/08/2026 23:06:05,usr_mslzxmrq_n4dju,fart,NCMS000,a,r.assonant,0,indiferent,no,si,nw
25/08/2026 23:09:27,usr_ms3d4ade_edo2g,panxo,***,***,r.consonant,0,indiferent,no,si,nw
25/08/2026 23:29:09,usr_mslvou39_8oxrm,premi,NCMS000,ɛmi,r.consonant,0,indiferent,no,si,nw
25/08/2026 23:29:14,usr_mslvou39_8oxrm,premi,NCMS000,ɛmi,r.consonant,0,indiferent,no,si,nw
26/08/2026 0:15:43,usr_msnixu20_0f0jt,festeta,***,***,r.consonant,0,indiferent,no,si,nw
26/08/2026 0:15:52,usr_msnixu20_0f0jt,croqueta,NCFS000,ɛtə,r.consonant,0,indiferent,no,si,ca
26/08/2026 3:13:27,usr_msa9lcfl_7pi7a,primer,AO0MS0,e,r.consonant,0,indiferent,no,si,ca
26/08/2026 8:04:57,usr_ms7btuyi_nml4w,dia,NCMS000,iə,r.consonant,0,indiferent,no,si,ba
26/08/2026 8:11:08,usr_ms7btuyi_nml4w,tu,PP2CSN00,u,r.consonant,0,indiferent,no,si,va
26/08/2026 8:15:42,usr_ms7btuyi_nml4w,dia,NCMS000,iə,r.consonant,0,indiferent,no,si,nw
26/08/2026 8:17:44,usr_msd66n6o_jw93a,casa,NCFS000,azə,r.consonant,0,indiferent,no,si,nw
26/08/2026 10:27:19,usr_msv43yez_zhrg0,real,NCMS000,al,r.consonant,0,indiferent,no,si,nw
26/08/2026 10:27:28,usr_mt1vzxo5_uk1al,pin,NCMS000,in,r.consonant,0,indiferent,no,si,nw
26/08/2026 10:27:29,usr_mt1vzxo5_uk1al,pin,NCMS000,in,r.consonant,0,indiferent,no,si,va
26/08/2026 10:34:43,usr_mt1vzxo5_uk1al,forca,NCFS000,orkə,r.consonant,0,indiferent,no,si,nw
26/08/2026 10:36:14,usr_mt9uahr1_3fzyj,energia,NCFS000,iə,r.consonant,4,vocal+h,no,si,ca
26/08/2026 10:36:20,usr_mt1vzxo5_uk1al,pin,NCMS000,in,r.consonant,0,indiferent,no,si,ca
26/08/2026 10:36:43,usr_mt1vzxo5_uk1al,cim,NCMS000,im,r.consonant,0,indiferent,no,si,ba
26/08/2026 10:37:42,usr_msv43yez_zhrg0,amor,NCCS000,or,r.consonant,0,indiferent,no,si,ca
26/08/2026 10:47:19,usr_mt1s6ur1_p6ejz,noces,NCFP000,ɔsəs,r.consonant,0,indiferent,no,si,va
26/08/2026 10:55:21,usr_mt1s6ur1_p6ejz,vosaltres,PP2CPN00,altɾəs,r.consonant,0,indiferent,no,si,va
26/08/2026 10:55:27,usr_mt1s6ur1_p6ejz,diables,NCMP000,abbləs,r.consonant,0,indiferent,no,si,va
26/08/2026 10:57:30,usr_msv43yez_zhrg0,cols,NCFP000,ɔls,r.consonant,0,indiferent,no,si,ba
26/08/2026 11:05:33,usr_mt9vc70v_e6kyw,així,VMIS1S00,i,r.consonant,0,indiferent,no,si,ca
26/08/2026 11:06:03,usr_msv43yez_zhrg0,molts,NCFP000,ɔls,r.consonant,0,indiferent,no,si,ca
26/08/2026 11:06:30,usr_msv43yez_zhrg0,molts,NCFP000,ɔls,r.consonant,0,indiferent,no,si,ba
26/08/2026 11:06:35,usr_msv43yez_zhrg0,molts,NCFP000,ɔls,r.consonant,0,indiferent,no,si,ba
26/08/2026 11:06:41,usr_msv43yez_zhrg0,molts,NCFP000,ɔls,r.consonant,0,indiferent,no,si,nw
26/08/2026 11:07:02,usr_msv43yez_zhrg0,pols,NCMP000,ols,r.consonant,0,indiferent,no,si,va
26/08/2026 11:08:29,usr_mt1s6ur1_p6ejz,sarau,NCMS000,aw,r.consonant,0,indiferent,no,si,nw
26/08/2026 11:18:01,usr_mt1s6ur1_p6ejz,falta,NCFS000,altə,r.consonant,0,indiferent,no,si,nw
26/08/2026 11:18:15,usr_mt1s6ur1_p6ejz,error,NCCS000,or,r.consonant,0,indiferent,no,si,va
26/08/2026 11:18:32,usr_mt1s6ur1_p6ejz,ortografia,NCFS000,iə,r.consonant,0,indiferent,no,si,ca
26/08/2026 11:19:40,usr_mt1s6ur1_p6ejz,major,NCCS000,o,r.consonant,0,indiferent,no,si,nw
26/08/2026 11:21:06,usr_mt1s6ur1_p6ejz,petits,NCMP000,its,r.consonant,0,indiferent,no,si,va
26/08/2026 11:23:40,usr_mt1s6ur1_p6ejz,calvari,NCMS000,aɾi,r.consonant,0,indiferent,no,si,ca
26/08/2026 11:23:43,usr_mt1s6ur1_p6ejz,calvari,NCMS000,aɾi,r.consonant,0,indiferent,no,si,va
26/08/2026 11:27:55,usr_mt9w4or2_0mqns,julia,***,***,r.consonant,0,indiferent,no,si,ba
26/08/2026 11:28:13,usr_mt9w4or2_0mqns,jùlia,***,***,r.consonant,0,indiferent,no,si,ca
26/08/2026 11:28:14,usr_mt9w4or2_0mqns,jùlia,***,***,r.consonant,0,indiferent,no,si,ca
26/08/2026 11:28:25,usr_mt9w4or2_0mqns,jùlia,***,***,r.consonant,0,indiferent,no,si,va
26/08/2026 11:28:26,usr_mt9w4or2_0mqns,jùlia,***,***,r.consonant,0,indiferent,no,si,nw
26/08/2026 11:28:28,usr_mt9w4or2_0mqns,lia,NPFSSP0,iə,r.consonant,0,indiferent,no,si,va
26/08/2026 11:28:52,usr_mt9w4or2_0mqns,ulia,***,***,r.consonant,0,indiferent,no,si,ba
26/08/2026 11:28:59,usr_mt9w4or2_0mqns,ulia,***,***,r.consonant,0,indiferent,no,si,ca
26/08/2026 11:29:00,usr_mt9w4or2_0mqns,ulia,***,***,r.consonant,0,indiferent,no,si,va
26/08/2026 11:29:03,usr_mt9w4or2_0mqns,lia,NPFSSP0,iə,r.consonant,0,indiferent,no,si,ca
26/08/2026 11:29:55,usr_mt9w4or2_0mqns,lia,NPFSSP0,iə,r.consonant,0,indiferent,no,si,ba
26/08/2026 11:29:57,usr_mt9w4or2_0mqns,lia,NPFSSP0,iə,r.consonant,0,indiferent,no,si,ba
26/08/2026 11:30:00,usr_mt9w4or2_0mqns,chloe,NPFSSP0,awi,r.consonant,0,indiferent,no,si,ca
26/08/2026 11:30:12,usr_mt9w4or2_0mqns,loe,***,***,r.consonant,0,indiferent,no,si,nw
26/08/2026 11:30:13,usr_mt9w4or2_0mqns,loe,***,***,r.consonant,0,indiferent,no,si,ca
26/08/2026 11:30:21,usr_mt9w4or2_0mqns,noe,***,***,r.consonant,0,indiferent,no,si,nw
26/08/2026 11:30:23,usr_mt9w4or2_0mqns,noe,***,***,r.consonant,0,indiferent,no,si,ca
26/08/2026 11:30:35,usr_mt9w4or2_0mqns,ivet,NPFSSP0,ɛt,r.consonant,0,indiferent,no,si,nw
26/08/2026 11:30:54,usr_mt9w4or2_0mqns,bala,NCFS000,alə,r.consonant,0,indiferent,no,si,nw
26/08/2026 11:31:30,usr_mt9w4or2_0mqns,benet,NCMS000,ɛt,r.consonant,0,indiferent,no,si,nw
26/08/2026 11:31:33,usr_mt9w4or2_0mqns,benet,NCMS000,ɛt,r.consonant,0,indiferent,no,si,ca
26/08/2026 11:31:54,usr_mt9w4or2_0mqns,miquel,NCMS000,ɛl,r.consonant,0,indiferent,no,si,va
26/08/2026 11:31:55,usr_mt9w4or2_0mqns,miquel,NCMS000,ɛl,r.consonant,0,indiferent,no,si,va
26/08/2026 11:32:08,usr_mt9w4or2_0mqns,emma,NPFSSP0,ɛmmə,r.consonant,0,indiferent,no,si,ca
26/08/2026 11:32:08,usr_mt9w4or2_0mqns,emma,NPFSSP0,ɛmmə,r.consonant,0,indiferent,no,si,ca
26/08/2026 11:32:31,usr_mt9w4or2_0mqns,ziad,***,***,r.consonant,0,indiferent,no,si,ca
26/08/2026 11:32:33,usr_mt9w4or2_0mqns,ziad,***,***,r.consonant,0,indiferent,no,si,nw
26/08/2026 11:33:29,usr_mt9w4or2_0mqns,at,***,***,r.consonant,0,indiferent,no,si,va
26/08/2026 11:33:34,usr_mt9w4or2_0mqns,iat,***,***,r.consonant,0,indiferent,no,si,ca
26/08/2026 11:33:35,usr_mt9w4or2_0mqns,iat,***,***,r.consonant,0,indiferent,no,si,ba
26/08/2026 11:33:36,usr_mt9w4or2_0mqns,iat,***,***,r.consonant,0,indiferent,no,si,nw
26/08/2026 11:33:48,usr_mt9w4or2_0mqns,at,***,***,r.consonant,0,indiferent,no,si,ba
26/08/2026 11:33:53,usr_mt9w4or2_0mqns,tat,NCMS000,at,r.consonant,0,indiferent,no,si,ca
26/08/2026 11:55:23,usr_mt1s6ur1_p6ejz,vull,VMIP1S00,uʎ,r.consonant,0,indiferent,no,si,va
26/08/2026 11:56:04,usr_mt7dxd1z_az9oo,roca,NCFS000,ɔə,r.assonant,0,indiferent,no,si,ca
26/08/2026 12:12:36,usr_mt1s6ur1_p6ejz,déu,NCMS000,ew,r.consonant,0,indiferent,no,si,nw
26/08/2026 12:15:04,usr_mt7dxd1z_az9oo,cim,NCMS000,i,r.assonant,0,indiferent,no,si,ca
26/08/2026 12:48:29,usr_mt1s6ur1_p6ejz,issa,***,***,r.consonant,0,indiferent,no,si,va
26/08/2026 12:48:31,usr_mt1s6ur1_p6ejz,pallissa,NCFS000,isə,r.consonant,0,indiferent,no,si,ca
26/08/2026 12:51:16,usr_mt9z45yx_uxe5o,mort,NCFS000,ɔrt,r.consonant,0,indiferent,no,si,ba
26/08/2026 12:51:16,usr_mt9z45yx_uxe5o,mort,NCFS000,ɔrt,r.consonant,0,indiferent,no,si,ba
26/08/2026 12:51:17,usr_mt7dxd1z_az9oo,agulla,NCFS000,uə,r.assonant,0,indiferent,no,si,va
26/08/2026 13:31:22,usr_mta0jq71_xetfg,martina,NPFSSP0,inə,r.consonant,0,indiferent,no,si,ca
26/08/2026 13:33:20,usr_mta0jq71_xetfg,martina,NPFSSP0,iə,r.assonant,0,indiferent,no,si,ca
26/08/2026 13:33:27,usr_mta0jq71_xetfg,martina,NPFSSP0,iə,r.assonant,0,indiferent,no,si,ca
26/08/2026 13:56:10,usr_mta1flgc_iv8z4,copenhagen,***,***,r.consonant,0,indiferent,no,si,ba
26/08/2026 13:56:10,usr_mta1flgc_iv8z4,copenhagen,***,***,r.consonant,0,indiferent,no,si,nw
26/08/2026 13:56:15,usr_mta1flgc_iv8z4,copenhagen,***,***,r.consonant,0,indiferent,no,si,nw
26/08/2026 13:56:21,usr_mta1flgc_iv8z4,copenhagen,***,***,r.consonant,0,indiferent,si,si,nw
26/08/2026 14:02:39,usr_mta1nxdr_7bnq9,copenhaguen,NPCSG00,aɣən,r.consonant,0,indiferent,no,si,nw
26/08/2026 14:07:29,usr_mta1u6og_5esj4,taruro,***,***,r.consonant,0,indiferent,no,si,ba
26/08/2026 14:07:35,usr_mta1u6og_5esj4,taruro,***,***,r.consonant,0,indiferent,no,si,ba
26/08/2026 14:07:52,usr_mta1u6og_5esj4,tauro,***,***,r.consonant,0,indiferent,no,si,nw
26/08/2026 14:08:06,usr_mta1u6og_5esj4,tauro,***,***,r.consonant,0,indiferent,no,si,ca
26/08/2026 14:09:25,usr_mta1u6og_5esj4,tauro,***,***,r.assonant,0,indiferent,no,si,ba
26/08/2026 14:09:33,usr_mta1u6og_5esj4,mitjo,***,***,r.assonant,0,indiferent,no,si,ba
26/08/2026 14:09:35,usr_mta1u6og_5esj4,mitjo,***,***,r.assonant,0,indiferent,no,si,ca
26/08/2026 14:09:42,usr_mta1u6og_5esj4,mitjo,***,***,r.consonant,0,indiferent,no,si,ba
26/08/2026 14:09:53,usr_mta1xhun_matg5,neu,NCFS000,ew,r.consonant,0,indiferent,no,no,ca
26/08/2026 14:09:53,usr_mta1u6og_5esj4,casa,NCFS000,azə,r.consonant,0,indiferent,no,si,va
26/08/2026 14:11:24,usr_mta1u6og_5esj4,tauro,***,***,r.consonant,0,indiferent,no,si,va
26/08/2026 14:19:20,usr_mta31gtw_1b9kj,arribat,VMP00SM0,at,r.consonant,0,indiferent,no,si,ba
26/08/2026 14:19:31,usr_mta31gtw_1b9kj,arribat,VMP00SM0,at,r.consonant,0,indiferent,no,si,nw
26/08/2026 14:19:36,usr_mta31gtw_1b9kj,arribat,VMP00SM0,at,r.consonant,0,indiferent,no,si,va
26/08/2026 14:19:42,usr_mta31gtw_1b9kj,arribat,VMP00SM0,at,r.consonant,0,indiferent,no,si,ba
26/08/2026 14:20:26,usr_mta31gtw_1b9kj,arribat,VMP00SM0,a,r.assonant,0,indiferent,no,si,va
26/08/2026 14:22:54,usr_mta1xhun_matg5,ers,***,***,r.consonant,0,indiferent,no,si,ba
26/08/2026 14:23:05,usr_mta1xhun_matg5,ers,***,***,r.consonant,0,indiferent,no,no,ca
26/08/2026 14:23:29,usr_mta1xhun_matg5,angles,NCMP000,aŋɡləs,r.consonant,0,indiferent,no,no,va
26/08/2026 14:23:39,usr_mta1xhun_matg5,angles,NCMP000,aŋɡləs,r.consonant,0,indiferent,no,si,nw
26/08/2026 14:23:53,usr_mta1xhun_matg5,ina,***,***,r.consonant,0,indiferent,no,si,va
26/08/2026 14:23:57,usr_mta1xhun_matg5,ina,***,***,r.consonant,0,indiferent,no,no,nw
26/08/2026 14:23:58,usr_mta1xhun_matg5,ina,***,***,r.consonant,0,indiferent,no,no,ba
26/08/2026 14:24:00,usr_mta1xhun_matg5,ina,***,***,r.consonant,0,indiferent,no,no,ca
26/08/2026 14:24:09,usr_mta1xhun_matg5,alo,VMIP1S0C,alu,r.consonant,0,indiferent,no,no,va
26/08/2026 14:24:47,usr_mta1xhun_matg5,erri,VMM03S0Y,ɛri,r.consonant,0,indiferent,no,no,ca
26/08/2026 14:33:23,usr_mta1xhun_matg5,del,ZSP+DA,əl,r.consonant,0,indiferent,no,no,nw
26/08/2026 14:33:44,usr_mta1xhun_matg5,ent,***,***,r.consonant,0,indiferent,no,no,ca
26/08/2026 14:33:54,usr_mta1xhun_matg5,ors,NCMP000,ɔrs,r.consonant,0,indiferent,no,no,va
26/08/2026 14:34:21,usr_mta1xhun_matg5,orbs,NCMP000,ɔrps,r.consonant,0,indiferent,no,no,ba
26/08/2026 14:34:40,usr_mta1xhun_matg5,ors,NCMP000,ɔ,r.assonant,0,indiferent,no,no,nw
26/08/2026 14:34:55,usr_mta1xhun_matg5,ors,NCMP000,ɔrs,r.consonant,0,indiferent,no,no,ca
26/08/2026 16:35:09,usr_mta742hk_e5inl,òleg,***,***,r.consonant,0,indiferent,no,si,nw
26/08/2026 16:44:14,usr_mt1vzxo5_uk1al,intents,NCMP000,ens,r.consonant,0,indiferent,no,si,nw
26/08/2026 16:49:04,usr_mt1vzxo5_uk1al,intents,NCMP000,ens,r.consonant,0,indiferent,no,si,ba
26/08/2026 16:49:05,usr_mt1vzxo5_uk1al,intents,NCMP000,ens,r.consonant,0,indiferent,no,si,ba
26/08/2026 17:08:29,usr_mt1vzxo5_uk1al,quique,***,***,r.consonant,0,indiferent,no,si,ba
26/08/2026 17:39:54,usr_msv43yez_zhrg0,mai,ZRG,aj,r.consonant,0,indiferent,no,si,ca
26/08/2026 17:54:38,usr_msv43yez_zhrg0,vols,NCMP000,ɔls,r.consonant,0,indiferent,no,si,ca
26/08/2026 18:48:07,usr_msnixu20_0f0jt,geneta,NCFS000,ɛtə,r.consonant,0,indiferent,no,si,ca
26/08/2026 18:49:00,usr_msnixu20_0f0jt,vintena,NCFS000,ɛnə,r.consonant,0,indiferent,no,si,va
26/08/2026 18:51:29,usr_msnixu20_0f0jt,fresca,NCFS000,ɛskə,r.consonant,0,indiferent,no,si,va
26/08/2026 18:51:31,usr_msnixu20_0f0jt,fresca,NCFS000,ɛskə,r.consonant,0,indiferent,no,si,ca
26/08/2026 18:52:39,usr_msnixu20_0f0jt,venta,VMIP3S00,entə,r.consonant,0,indiferent,no,si,ca
26/08/2026 18:54:27,usr_msnixu20_0f0jt,miqueta,***,***,r.consonant,0,indiferent,no,si,va
26/08/2026 18:54:35,usr_msnixu20_0f0jt,saladeta,***,***,r.consonant,0,indiferent,no,si,ca
26/08/2026 18:54:38,usr_msnixu20_0f0jt,saladeta,***,***,r.consonant,0,indiferent,no,si,ca
26/08/2026 18:54:46,usr_msnixu20_0f0jt,bicicleta,NCFS000,ɛtə,r.consonant,0,indiferent,no,si,ba
26/08/2026 18:57:06,usr_msnixu20_0f0jt,geneta,NCFS000,ɛtə,r.consonant,0,indiferent,no,si,nw
26/08/2026 18:57:33,usr_msnixu20_0f0jt,flaqueja,VMIP3S00,ɛʒə,r.consonant,0,indiferent,no,si,ca
26/08/2026 18:58:23,usr_msnixu20_0f0jt,espardenya,NCFS000,ɛɲə,r.consonant,0,indiferent,no,si,va
26/08/2026 18:59:28,usr_msnixu20_0f0jt,fresca,NCFS000,ɛskə,r.consonant,0,indiferent,no,si,ca
26/08/2026 18:59:51,usr_msnixu20_0f0jt,venta,VMIP3S00,entə,r.consonant,0,indiferent,no,si,va
26/08/2026 19:01:02,usr_msnixu20_0f0jt,eta,NCFS000,ɛtə,r.consonant,0,indiferent,no,si,va
26/08/2026 19:06:21,usr_msnixu20_0f0jt,altres,AQ0CP0,altɾəs,r.consonant,0,indiferent,no,si,nw
26/08/2026 19:06:35,usr_msnixu20_0f0jt,gasta,VMIP3S00,astə,r.consonant,0,indiferent,no,si,ca
26/08/2026 19:06:36,usr_msnixu20_0f0jt,gasta,VMIP3S00,astə,r.consonant,0,indiferent,no,si,ca
26/08/2026 19:06:38,usr_msnixu20_0f0jt,gasta,VMIP3S00,astə,r.consonant,0,indiferent,no,si,va
26/08/2026 19:06:57,usr_mtacj6n3_6j466,butxaca,NCFS000,akə,r.consonant,0,indiferent,no,si,ca
26/08/2026 19:08:03,usr_mtacj6n3_6j466,menjar,NCMS000,a,r.consonant,0,indiferent,no,si,ba
26/08/2026 19:08:16,usr_msnixu20_0f0jt,alcalde,NCCS000,aldə,r.consonant,0,indiferent,no,si,nw
26/08/2026 19:08:48,usr_msnixu20_0f0jt,alcalde,NCCS000,aldə,r.consonant,0,indiferent,no,si,ba
26/08/2026 19:08:48,usr_msnixu20_0f0jt,alcalde,NCCS000,aldə,r.consonant,0,indiferent,no,si,ca
26/08/2026 19:08:48,usr_msnixu20_0f0jt,alcalde,NCCS000,aldə,r.consonant,0,indiferent,no,si,nw
26/08/2026 19:08:48,usr_msnixu20_0f0jt,alcalde,NCCS000,aldə,r.consonant,0,indiferent,no,si,va
26/08/2026 19:08:51,usr_msnixu20_0f0jt,gasta,VMIP3S00,astə,r.consonant,0,indiferent,no,si,ba
26/08/2026 19:09:12,usr_mtacj6n3_6j466,menjar,NCMS000,a,r.consonant,0,indiferent,no,si,va
26/08/2026 19:09:23,usr_mtacj6n3_6j466,menjar,NCMS000,a,r.consonant,0,indiferent,no,si,va
26/08/2026 19:09:39,usr_mtacj6n3_6j466,menjar,NCMS000,a,r.consonant,0,indiferent,no,si,nw
26/08/2026 19:11:47,usr_msnixu20_0f0jt,vintena,NCFS000,ɛə,r.assonant,0,indiferent,no,si,ca
26/08/2026 19:16:18,usr_msnixu20_0f0jt,venda,NCFS000,ɛə,r.assonant,0,indiferent,no,si,va
26/08/2026 19:17:26,usr_msnixu20_0f0jt,geneta,NCFS000,ɛtə,r.consonant,0,indiferent,no,si,ba
26/08/2026 20:00:01,usr_mtaefizp_ivcnn,enscesa,***,***,r.consonant,0,indiferent,no,si,nw
26/08/2026 20:00:04,usr_mtaefizp_ivcnn,enscesa,***,***,r.consonant,0,indiferent,no,si,ba
26/08/2026 20:00:09,usr_mtaefizp_ivcnn,enscesa,***,***,r.consonant,0,indiferent,no,si,nw
26/08/2026 20:00:13,usr_mtaefizp_ivcnn,enscesa,***,***,r.consonant,0,indiferent,no,si,va
26/08/2026 20:00:21,usr_mtaefizp_ivcnn,ensces,***,***,r.consonant,0,indiferent,no,si,ba
26/08/2026 20:01:47,usr_mtaehuie_q472l,dojo,***,***,r.consonant,0,indiferent,si,no,va
26/08/2026 20:03:13,usr_mtaehuie_q472l,diables,NCMP000,abbləs,r.consonant,0,indiferent,si,no,ba
26/08/2026 20:04:13,usr_mtaehuie_q472l,boscos,NCMP000,ɔskus,r.consonant,0,indiferent,si,no,ba
26/08/2026 20:04:51,usr_mtaehuie_q472l,paissatges,***,***,r.consonant,0,indiferent,si,no,va
26/08/2026 21:26:24,usr_ms7btuyi_nml4w,teva,PX2FS0S0,eβə,r.consonant,0,indiferent,no,si,ca
26/08/2026 21:49:12,usr_ms7btuyi_nml4w,malves,NCCP000,alβəs,r.consonant,0,indiferent,no,si,nw
26/08/2026 21:55:08,usr_ms7btuyi_nml4w,trailer,***,***,r.consonant,0,indiferent,no,si,va
26/08/2026 22:10:11,usr_ms7btuyi_nml4w,lleva,NCFS000,eβə,r.consonant,0,indiferent,no,si,nw
26/08/2026 22:13:19,usr_ms7btuyi_nml4w,malves,NCCP000,alβəs,r.consonant,0,indiferent,no,si,nw
26/08/2026 22:15:29,usr_ms7btuyi_nml4w,malves,NCCP000,alβəs,r.consonant,0,indiferent,no,si,ba
26/08/2026 22:16:45,usr_ms7btuyi_nml4w,era,NCFS000,eɾə,r.consonant,0,indiferent,no,si,ba
26/08/2026 23:31:01,usr_mt1cxisw_s93yx,sembrat,NCMS000,at,r.consonant,0,indiferent,no,si,ca
26/08/2026 23:42:45,usr_msvstgal_f0fqn,pesca,NCFS000,ɛə,r.assonant,0,indiferent,no,no,va
26/08/2026 23:59:16,usr_msvstgal_f0fqn,esquinçar,VMN00000,a,r.assonant,0,indiferent,no,no,nw
26/08/2026 23:59:41,usr_msvstgal_f0fqn,esquinçar,VMN00000,a,r.assonant,0,indiferent,no,no,nw
27/08/2026 0:00:01,usr_msvstgal_f0fqn,esquinçar,VMN00000,a,r.assonant,0,indiferent,no,no,va
27/08/2026 0:07:38,usr_msd66n6o_jw93a,teatre,NCMS000,atɾə,r.consonant,0,indiferent,no,si,va
27/08/2026 0:22:03,usr_ms7btuyi_nml4w,aus,NCFP000,aws,r.consonant,0,indiferent,no,si,ba
27/08/2026 7:34:53,usr_ms7btuyi_nml4w,mecànic,NCMS000,anik,r.consonant,0,indiferent,no,si,va
27/08/2026 11:08:16,usr_mstfbme9_z9xrn,farri,***,***,r.consonant,0,indiferent,no,si,va
27/08/2026 11:08:27,usr_mstfbme9_z9xrn,arri,ZI,ari,r.consonant,0,indiferent,no,si,nw
27/08/2026 11:18:10,usr_mt5s4y6n_bgqr1,dos,NCCN000,os,r.consonant,0,indiferent,no,si,va
27/08/2026 11:55:32,usr_msa9lcfl_7pi7a,amics,NCMP000,iks,r.consonant,0,indiferent,no,si,ca
27/08/2026 12:01:20,usr_msa9lcfl_7pi7a,direcció,NCFS000,o,r.consonant,0,indiferent,no,si,ca
27/08/2026 12:08:06,usr_msa9lcfl_7pi7a,personatge,NCMS000,adʒə,r.consonant,0,indiferent,no,si,nw
27/08/2026 12:13:08,usr_msa9lcfl_7pi7a,paper,NCMS000,e,r.consonant,0,indiferent,no,si,ca
27/08/2026 12:29:56,usr_mtbdskk1_2mu16,sang,NCFS000,aŋ,r.consonant,0,indiferent,no,si,va
27/08/2026 12:40:24,usr_msa9lcfl_7pi7a,facis,VMSP2S0Y,asis,r.consonant,0,indiferent,no,si,ba
27/08/2026 12:44:21,usr_msa9lcfl_7pi7a,aprés,NCMS000,es,r.consonant,0,indiferent,no,si,ca
27/08/2026 12:57:00,usr_mtberdms_h9bj9,ions,NCMP000,ons,r.consonant,0,indiferent,no,si,ba
27/08/2026 12:57:01,usr_mtberdms_h9bj9,ions,NCMP000,ons,r.consonant,0,indiferent,no,si,ba
27/08/2026 12:57:04,usr_mtberdms_h9bj9,ions,NCMP000,ons,r.consonant,0,indiferent,no,si,va
27/08/2026 12:57:13,usr_mtberdms_h9bj9,meditacions,NCFP000,ons,r.consonant,0,indiferent,no,si,ca
27/08/2026 13:04:03,usr_mtbf0giq_i85qx,arbre,NCMS000,aβɾə,r.consonant,0,indiferent,no,no,nw
27/08/2026 13:13:26,usr_mslqdiqy_7eg62,eclipsi,NCMS000,ipsi,r.consonant,0,indiferent,no,si,nw
27/08/2026 13:13:47,usr_mslqdiqy_7eg62,eclipse,***,***,r.consonant,0,indiferent,no,si,ba
27/08/2026 13:13:49,usr_mslqdiqy_7eg62,eclipsi,NCMS000,ipsi,r.consonant,0,indiferent,no,si,va
27/08/2026 13:15:37,usr_mslqdiqy_7eg62,ulleres,NCFP000,eɾəs,r.consonant,0,indiferent,no,si,va
27/08/2026 13:18:01,usr_mslqdiqy_7eg62,ulleres,NCFP000,eɾəs,r.consonant,0,indiferent,no,si,nw
27/08/2026 13:20:35,usr_mslqdiqy_7eg62,votants,NCCP000,ans,r.consonant,0,indiferent,no,si,nw
27/08/2026 13:38:49,usr_mtbg3y1g_hh7we,alcáucer,***,***,r.consonant,0,indiferent,no,si,va
27/08/2026 13:39:06,usr_mtbg3y1g_hh7we,vicens,***,***,r.consonant,0,indiferent,no,si,ca
27/08/2026 13:39:08,usr_mtbg3y1g_hh7we,vicens,***,***,r.consonant,0,indiferent,si,si,ba
27/08/2026 13:39:17,usr_mtbg3y1g_hh7we,vicens,***,***,r.assonant,0,indiferent,si,si,va
27/08/2026 13:39:30,usr_mtbg3y1g_hh7we,ens,NCMN000,ə,r.assonant,0,indiferent,si,si,nw
27/08/2026 13:39:34,usr_mtbg3y1g_hh7we,ens,NCMN000,əns,r.consonant,0,indiferent,si,si,ba
27/08/2026 13:40:12,usr_mtbg3y1g_hh7we,rens,NCMP000,ɛns,r.consonant,0,indiferent,si,si,ca
27/08/2026 13:41:04,usr_mtbg3y1g_hh7we,cer,***,***,r.consonant,0,indiferent,si,si,ca
27/08/2026 13:41:07,usr_mtbg3y1g_hh7we,ucer,***,***,r.consonant,0,indiferent,si,si,ba
27/08/2026 13:41:14,usr_mtbg3y1g_hh7we,aucer,***,***,r.consonant,0,indiferent,si,si,ca
27/08/2026 14:17:25,usr_mslzxmrq_n4dju,mati,VMM03S0Y,ati,r.consonant,0,indiferent,no,si,ba
27/08/2026 14:17:27,usr_mslzxmrq_n4dju,matí,NCMS000,i,r.consonant,0,indiferent,no,si,ba
27/08/2026 14:20:09,usr_mslzxmrq_n4dju,eivissenc,NCMS000,ɛŋ,r.consonant,0,indiferent,no,si,nw
27/08/2026 14:23:11,usr_mt5s4y6n_bgqr1,mono,AQ0CS0,ɔnu,r.consonant,0,indiferent,no,si,ba
27/08/2026 14:33:38,usr_ms6k157w_hbli5,alternativa,NCFS000,iβə,r.consonant,0,indiferent,no,si,va
27/08/2026 14:36:44,usr_ms6k157w_hbli5,car,NCMS000,ar,r.consonant,0,indiferent,no,si,ca
27/08/2026 14:36:47,usr_ms6k157w_hbli5,car,NCMS000,ar,r.consonant,0,indiferent,no,si,ba
27/08/2026 14:38:39,usr_ms6k157w_hbli5,part,NCFS000,art,r.consonant,0,indiferent,no,si,ba
27/08/2026 15:09:50,usr_mt8swjhx_hp0qk,estim,NCMS000,im,r.consonant,0,indiferent,no,si,ba
27/08/2026 15:09:50,usr_mt8swjhx_hp0qk,estim,NCMS000,im,r.consonant,0,indiferent,no,si,va
27/08/2026 15:10:14,usr_mt5s4y6n_bgqr1,pandemia,***,***,r.consonant,0,indiferent,no,si,va
27/08/2026 15:10:21,usr_mt5s4y6n_bgqr1,pandèmia,NCFS000,ɛmiə,r.consonant,0,indiferent,no,si,va
27/08/2026 15:25:56,usr_mtbk2wnk_flpyc,totxo,NCMS000,otʃu,r.consonant,0,indiferent,no,si,va
27/08/2026 15:26:00,usr_mtbk2wnk_flpyc,totxos,NCMP000,otʃus,r.consonant,0,indiferent,no,si,ba
27/08/2026 15:26:09,usr_mtbk2wnk_flpyc,humor,NCCS000,or,r.consonant,0,indiferent,no,si,ba
27/08/2026 15:27:27,usr_mtbk2wnk_flpyc,tu,PP2CSN00,u,r.consonant,0,indiferent,no,si,va
27/08/2026 15:28:26,usr_mtbk2wnk_flpyc,ferrat,NCMS000,at,r.consonant,0,indiferent,no,si,ca
27/08/2026 15:29:09,usr_mtbk2wnk_flpyc,humor,NCCS000,or,r.consonant,0,indiferent,no,si,ba
27/08/2026 15:33:23,usr_mtbk2wnk_flpyc,ferrat,NCMS000,at,r.consonant,0,indiferent,no,si,ba
27/08/2026 16:13:05,usr_mslzxmrq_n4dju,gota,NCFS000,otə,r.consonant,0,indiferent,no,si,ba
27/08/2026 16:14:15,usr_mslzxmrq_n4dju,font,NCFS000,ɔn,r.consonant,0,indiferent,no,si,va
27/08/2026 16:16:23,usr_mslzxmrq_n4dju,ametllers,NCMP000,es,r.consonant,0,indiferent,no,si,nw
27/08/2026 16:17:06,usr_mslzxmrq_n4dju,corona,NCFS000,onə,r.consonant,0,indiferent,no,si,va
27/08/2026 16:25:54,usr_mslzxmrq_n4dju,nits,NCFP000,its,r.consonant,0,indiferent,no,si,nw
27/08/2026 16:26:36,usr_mslzxmrq_n4dju,fava,NCCS000,aβə,r.consonant,0,indiferent,no,si,ba
27/08/2026 16:30:53,usr_mslzxmrq_n4dju,seure,VMN00000,ɛwɾə,r.consonant,0,indiferent,no,si,ba
27/08/2026 16:37:15,usr_mswaka17_8fcn9,carmeta,***,***,r.consonant,0,indiferent,no,si,nw
27/08/2026 16:37:18,usr_mswaka17_8fcn9,teta,NCFS000,ɛtə,r.consonant,0,indiferent,no,si,ca
27/08/2026 16:42:23,usr_mswaka17_8fcn9,gane,***,***,r.consonant,0,indiferent,no,si,va
27/08/2026 16:42:24,usr_mswaka17_8fcn9,ganes,NCFP000,anəs,r.consonant,0,indiferent,no,si,va
27/08/2026 16:52:13,usr_mswaka17_8fcn9,sal,NCFS000,al,r.consonant,0,indiferent,no,si,nw
27/08/2026 17:05:12,usr_mswaka17_8fcn9,commou,VMIP3S00,ɔw,r.consonant,0,indiferent,no,si,va
27/08/2026 17:08:03,usr_mswaka17_8fcn9,fregona,NCFS000,onə,r.consonant,0,indiferent,no,si,nw
27/08/2026 17:24:40,usr_mt1vzxo5_uk1al,venuda,NCFS000,uðə,r.consonant,0,indiferent,no,si,ba
27/08/2026 18:56:09,usr_mt1vzxo5_uk1al,festa,NCFS000,estə,r.consonant,0,indiferent,no,si,ca
27/08/2026 19:10:07,usr_ms0wbtzx_absdx,naixem,VMIP1P00,ɛm,r.consonant,0,indiferent,no,si,ca
27/08/2026 19:10:09,usr_ms0wbtzx_absdx,naixem,VMIP1P00,ɛm,r.consonant,0,indiferent,no,si,ca
27/08/2026 19:10:26,usr_ms0wbtzx_absdx,naixem,VMIP1P00,ɛm,r.consonant,0,indiferent,no,si,va
27/08/2026 19:11:21,usr_ms0wbtzx_absdx,naixem,VMIP1P00,ɛm,r.consonant,0,indiferent,no,si,ba
27/08/2026 19:11:30,usr_ms0wbtzx_absdx,naixem,VMIP1P00,ɛm,r.consonant,0,indiferent,no,si,va
27/08/2026 19:16:41,usr_ms0wbtzx_absdx,sigui,VSM03S0Y,iɣi,r.consonant,0,indiferent,no,si,va
27/08/2026 19:18:41,usr_ms0wbtzx_absdx,tothom,PI0CS000,ɔm,r.consonant,0,indiferent,no,si,ba
27/08/2026 19:35:25,usr_ms0wbtzx_absdx,rigui,VMM03S0Y,iɣi,r.consonant,0,indiferent,no,si,ba
27/08/2026 19:45:21,usr_ms0wbtzx_absdx,catalana,NCFS000,anə,r.consonant,0,indiferent,no,si,ba
27/08/2026 19:45:28,usr_ms0wbtzx_absdx,catalana,NCFS000,anə,r.consonant,0,indiferent,no,si,ba
27/08/2026 20:28:10,usr_mtbuvldv_d473o,alegre,AQ0CS0,eɣɾə,r.consonant,0,indiferent,no,si,va
27/08/2026 20:28:14,usr_mtbuvldv_d473o,alegre,AQ0CS0,eɣɾə,r.consonant,0,indiferent,no,si,ca
27/08/2026 21:00:18,usr_mtbw0xim_ynxb9,conseller,NCMS000,e,r.consonant,0,indiferent,no,si,va
27/08/2026 21:01:01,usr_mtbw0xim_ynxb9,amic,NCMS000,ik,r.consonant,0,indiferent,no,si,ba
27/08/2026 21:38:24,usr_mt34qjne_9nyzb,lent,NCFS000,en,r.consonant,0,indiferent,no,si,ca
27/08/2026 21:39:22,usr_mt34qjne_9nyzb,lent,NCFS000,en,r.consonant,2,indiferent,no,si,ca
27/08/2026 21:39:35,usr_mt34qjne_9nyzb,lent,NCFS000,en,r.consonant,1,indiferent,no,si,nw
27/08/2026 21:40:39,usr_mt34qjne_9nyzb,lent,NCFS000,en,r.consonant,2,vocal+h,no,si,ca
27/08/2026 23:12:07,usr_mtc0qeko_pmc5m,mi,NCMS000,i,r.consonant,0,indiferent,no,si,ba
27/08/2026 23:12:08,usr_mtc0qeko_pmc5m,mi,NCMS000,i,r.consonant,0,indiferent,no,si,va
27/08/2026 23:12:11,usr_mtc0qeko_pmc5m,mi,NCMS000,i,r.consonant,0,indiferent,no,si,ba
27/08/2026 23:37:24,usr_ms98hezb_l87o6,bofia,***,***,r.consonant,0,indiferent,no,si,nw
27/08/2026 23:37:35,usr_ms98hezb_l87o6,bòfia,NCFS000,ɔfiə,r.consonant,0,indiferent,no,si,nw
27/08/2026 23:38:17,usr_ms98hezb_l87o6,pasma,NCFS000,azmə,r.consonant,0,indiferent,no,si,ba
28/08/2026 5:03:05,usr_msvstgal_f0fqn,canvien,VMIP3P00,iə,r.assonant,3,indiferent,no,si,ba
28/08/2026 5:03:25,usr_msvstgal_f0fqn,canvien,VMIP3P00,iə,r.assonant,3,indiferent,no,si,ba
28/08/2026 6:47:40,usr_msvstgal_f0fqn,arreu,NCMS000,ɛ,r.assonant,2,indiferent,no,si,ba
28/08/2026 6:48:20,usr_msvstgal_f0fqn,arreu,NCMS000,ɛw,r.consonant,2,indiferent,no,si,va
28/08/2026 7:06:26,usr_msvstgal_f0fqn,vola,VMIP3S00,ɔlə,r.consonant,2,indiferent,no,si,ca
28/08/2026 7:06:37,usr_msvstgal_f0fqn,vola,VMIP3S00,ɔə,r.assonant,2,indiferent,no,si,nw
28/08/2026 7:06:45,usr_msvstgal_f0fqn,vola,VMIP3S00,ɔə,r.assonant,2,indiferent,no,no,va
28/08/2026 7:46:22,usr_msvstgal_f0fqn,cames,NCFP000,aə,r.assonant,2,indiferent,no,no,va
28/08/2026 7:46:37,usr_msvstgal_f0fqn,cames,NCFP000,aməs,r.consonant,2,indiferent,no,no,va
28/08/2026 9:37:34,usr_mtcn2qq3_hyc4n,pèsol,NCMS000,ɛzul,r.consonant,0,indiferent,no,si,ca
28/08/2026 10:12:58,usr_mtcoc8w6_91y9l,esalert,***,***,r.consonant,0,indiferent,no,si,va
28/08/2026 10:12:58,usr_mtcoc8w6_91y9l,esalert,***,***,r.consonant,0,indiferent,no,si,nw
28/08/2026 10:13:01,usr_mtcoc8w6_91y9l,er,NPCSG00,ɛ,r.consonant,0,indiferent,no,si,ca
28/08/2026 10:13:10,usr_mtcock62_hg2lo,ric,NCMS000,ik,r.consonant,0,indiferent,no,si,va
28/08/2026 10:14:22,usr_mtcoc8w6_91y9l,er,NPCSG00,ɛ,r.consonant,0,indiferent,no,si,va
28/08/2026 10:14:22,usr_mtcoc8w6_91y9l,er,NPCSG00,ɛ,r.consonant,0,indiferent,no,si,ba
28/08/2026 10:14:22,usr_mtcoc8w6_91y9l,er,NPCSG00,ɛ,r.consonant,0,indiferent,no,si,nw
28/08/2026 10:14:22,usr_mtcoc8w6_91y9l,er,NPCSG00,ɛ,r.consonant,0,indiferent,no,si,va
28/08/2026 10:14:24,usr_mtcoc8w6_91y9l,erale,***,***,r.consonant,0,indiferent,no,si,nw
28/08/2026 10:14:25,usr_mtcoc8w6_91y9l,erale,***,***,r.consonant,0,indiferent,no,si,nw
28/08/2026 10:14:25,usr_mtcoc8w6_91y9l,erale,***,***,r.consonant,0,indiferent,no,si,ba
28/08/2026 10:14:25,usr_mtcoc8w6_91y9l,erale,***,***,r.consonant,0,indiferent,no,si,nw
28/08/2026 10:14:25,usr_mtcoc8w6_91y9l,erale,***,***,r.consonant,0,indiferent,no,si,ca
28/08/2026 10:14:25,usr_mtcoc8w6_91y9l,erale,***,***,r.consonant,0,indiferent,no,si,ca
28/08/2026 10:14:28,usr_mtcoc8w6_91y9l,aler,NCMS000,e,r.consonant,0,indiferent,no,si,va
28/08/2026 10:14:33,usr_mtcoc8w6_91y9l,aler,NCMS000,e,r.consonant,0,indiferent,no,si,ca
28/08/2026 10:15:33,usr_mtcoc8w6_91y9l,dinarot,***,***,r.consonant,0,indiferent,no,si,ba
28/08/2026 10:15:39,usr_mtcoc8w6_91y9l,dinarot,***,***,r.consonant,0,indiferent,no,si,ca
28/08/2026 10:15:46,usr_mtcoc8w6_91y9l,arot,***,***,r.consonant,0,indiferent,no,si,ca
28/08/2026 10:15:50,usr_mtcoc8w6_91y9l,ot,NPMSSP0,ɔt,r.consonant,0,indiferent,no,si,va
28/08/2026 10:17:20,usr_mtcoc8w6_91y9l,dinar,NCMS000,a,r.consonant,0,indiferent,no,si,ca
28/08/2026 10:17:32,usr_mtcoc8w6_91y9l,dinar,NCMS000,a,r.consonant,0,indiferent,no,si,va
28/08/2026 10:39:35,usr_mt4k0ciw_91uo9,enterrades,VMP00PF0,aðəs,r.consonant,0,indiferent,no,si,ba
28/08/2026 11:12:32,usr_mtcoc8w6_91y9l,dinar,NCMS000,a,r.consonant,0,indiferent,no,si,ca
28/08/2026 11:13:11,usr_mtcoc8w6_91y9l,dinar,NCMS000,a,r.consonant,0,indiferent,no,si,ca
28/08/2026 11:13:21,usr_mtcqhy4m_emcna,meu,NCMS000,ew,r.consonant,0,indiferent,no,si,ca
28/08/2026 11:13:22,usr_mtcoc8w6_91y9l,dinar,NCMS000,a,r.consonant,0,indiferent,no,si,nw
28/08/2026 11:33:00,usr_ms0wbtzx_absdx,tarda,NCFS000,arðə,r.consonant,0,indiferent,no,si,nw
28/08/2026 11:37:53,usr_ms0wbtzx_absdx,vers,NCMP000,ɛrs,r.consonant,0,indiferent,no,si,ba
28/08/2026 11:39:10,usr_mt1vzxo5_uk1al,espanyol,NCMS000,ɔl,r.consonant,0,indiferent,no,si,va
28/08/2026 11:39:13,usr_mt1vzxo5_uk1al,espanyol,NCMS000,ɔl,r.consonant,0,indiferent,no,si,nw
28/08/2026 11:41:03,usr_mt1vzxo5_uk1al,dit,NCMS000,it,r.consonant,0,indiferent,no,si,nw
28/08/2026 11:43:37,usr_msiz02lz_915tz,promesa,NCFS000,ɛzə,r.consonant,0,indiferent,no,si,ba
28/08/2026 11:44:26,usr_mt1vzxo5_uk1al,fallida,NCFS000,iðə,r.consonant,0,indiferent,no,si,ca
28/08/2026 11:45:01,usr_mt1vzxo5_uk1al,lliura,NCFS000,iwɾə,r.consonant,0,indiferent,no,si,nw
28/08/2026 11:45:24,usr_mt1vzxo5_uk1al,lliure,AQ0CS0,iwɾə,r.consonant,0,indiferent,no,si,nw
28/08/2026 11:46:56,usr_mt1vzxo5_uk1al,lliure,AQ0CS0,iwɾə,r.consonant,0,indiferent,no,si,ca
28/08/2026 11:46:58,usr_mt1vzxo5_uk1al,lliure,AQ0CS0,iwɾə,r.consonant,0,indiferent,no,si,ca
28/08/2026 11:47:10,usr_mt1vzxo5_uk1al,madrid,NPCSG00,it,r.consonant,0,indiferent,no,si,ca
28/08/2026 11:47:24,usr_mt1vzxo5_uk1al,madrid,NPCSG00,it,r.consonant,0,indiferent,no,si,ca
28/08/2026 11:47:26,usr_mt1vzxo5_uk1al,madrid,NPCSG00,it,r.consonant,0,indiferent,no,si,nw
28/08/2026 11:51:55,usr_mt1vzxo5_uk1al,trossos,NCMP000,ɔsus,r.consonant,0,indiferent,no,si,ba
28/08/2026 11:53:08,usr_msiz02lz_915tz,llimoner,NCMS000,e,r.consonant,0,indiferent,no,si,ba
28/08/2026 11:53:11,usr_msiz02lz_915tz,llimoner,NCMS000,e,r.consonant,0,indiferent,no,si,ba
28/08/2026 12:01:07,usr_msvstgal_f0fqn,rabent,AQ0CS0,e,r.assonant,2,indiferent,no,no,ca
28/08/2026 12:01:19,usr_msvstgal_f0fqn,rabent,AQ0CS0,en,r.consonant,2,indiferent,no,no,ca
28/08/2026 12:01:23,usr_msvstgal_f0fqn,rabent,AQ0CS0,en,r.consonant,2,indiferent,no,no,va
28/08/2026 12:05:40,usr_mtcsd8or_btt4t,espaii,***,***,r.consonant,0,indiferent,no,si,nw
28/08/2026 12:05:43,usr_mtcsd8or_btt4t,espai,NCMS000,aj,r.consonant,0,indiferent,no,si,nw
28/08/2026 12:14:34,usr_msiz02lz_915tz,hamaca,NCFS000,akə,r.consonant,0,indiferent,no,si,va
28/08/2026 12:14:46,usr_mtcsox8l_y3qgz,senzilla,AQ0FS0,iʎə,r.consonant,0,indiferent,no,si,va
28/08/2026 12:15:13,usr_mtcsox8l_y3qgz,senzilla,AQ0FS0,iə,r.assonant,0,indiferent,no,si,nw
28/08/2026 12:15:18,usr_mtcsox8l_y3qgz,senzilla,AQ0FS0,iə,r.assonant,0,indiferent,no,si,ca
28/08/2026 13:32:07,usr_mtcvikr5_iw9s1,pregària,NCFS000,aiə,r.assonant,0,indiferent,no,si,va
28/08/2026 13:32:23,usr_mtcvikr5_iw9s1,pregària,NCFS000,aiə,r.assonant,0,indiferent,no,si,ca
28/08/2026 13:32:49,usr_mtcvikr5_iw9s1,pregària,NCFS000,aiə,r.assonant,2,indiferent,no,si,ca
28/08/2026 13:32:56,usr_mtcvikr5_iw9s1,pregària,NCFS000,aiə,r.assonant,4,indiferent,no,si,va
28/08/2026 13:33:03,usr_mtcvikr5_iw9s1,pregària,NCFS000,aɾiə,r.consonant,4,indiferent,no,si,nw
28/08/2026 14:27:38,usr_mtcxfrpq_qmh5z,all,NCMS000,aʎ,r.consonant,0,indiferent,no,si,ba
28/08/2026 15:13:17,usr_mt5qf69a_mp752,moc,NCMS000,ok,r.consonant,0,indiferent,no,si,ba
28/08/2026 15:39:54,usr_mt5qf69a_mp752,quis,***,***,r.assonant,0,consonant,no,si,ca
28/08/2026 15:40:02,usr_mt5qf69a_mp752,is,NCFP000,i,r.assonant,0,consonant,no,si,ca
28/08/2026 15:40:04,usr_mt5qf69a_mp752,is,NCFP000,i,r.assonant,0,consonant,no,si,nw
28/08/2026 17:21:15,usr_mtcock62_hg2lo,art,NCCS000,art,r.consonant,0,indiferent,no,si,ba
28/08/2026 19:16:40,usr_ms98hezb_l87o6,cony,NCMS000,oɲ,r.consonant,0,indiferent,no,si,ca
28/08/2026 20:23:54,usr_mtda5y17_k4vkh,ferum,NCFS000,um,r.consonant,0,indiferent,no,si,ba
28/08/2026 23:39:22,usr_mt1vzxo5_uk1al,peresa,NCFS000,ɛzə,r.consonant,0,indiferent,no,si,ca
28/08/2026 23:46:45,usr_mt1vzxo5_uk1al,brussel·les,NPCSG00,ɛlləs,r.consonant,0,indiferent,no,si,nw
28/08/2026 23:47:05,usr_mt1vzxo5_uk1al,esqueles,NCFP000,ɛləs,r.consonant,0,indiferent,no,si,nw
28/08/2026 23:55:45,usr_mt1vzxo5_uk1al,embut,NCMS000,ut,r.consonant,0,indiferent,no,si,nw
28/08/2026 23:55:46,usr_mt1vzxo5_uk1al,embut,NCMS000,ut,r.consonant,0,indiferent,no,si,ca
28/08/2026 23:58:36,usr_mt1vzxo5_uk1al,peresa,NCFS000,ɛzə,r.consonant,0,indiferent,no,si,nw
29/08/2026 0:01:32,usr_msg9zg8t_9tkmy,diables,NCMP000,abbləs,r.consonant,0,indiferent,no,si,nw
29/08/2026 7:18:37,usr_mtdxjvym_wgo0x,lluny,AQ0MS0,uɲ,r.consonant,0,indiferent,no,si,va
29/08/2026 7:18:54,usr_mtdxjvym_wgo0x,junts,NCMP000,uns,r.consonant,0,indiferent,no,si,ca
29/08/2026 7:18:57,usr_mtdxjvym_wgo0x,junts,NCMP000,u,r.assonant,0,indiferent,no,si,ba
29/08/2026 9:14:54,usr_mte1p6qo_c09mj,cinturó,NCMS000,o,r.consonant,0,indiferent,no,si,va
29/08/2026 10:12:45,usr_mstfbme9_z9xrn,merda,NCFS000,ɛrðə,r.consonant,0,indiferent,no,si,ba
29/08/2026 12:42:42,usr_mstfbme9_z9xrn,llançadora,NCFS000,oɾə,r.consonant,0,indiferent,no,si,va
29/08/2026 12:47:06,usr_mstfbme9_z9xrn,mil,NCCN000,il,r.consonant,0,indiferent,no,si,ba
29/08/2026 13:40:09,usr_ms3d4ade_edo2g,maharajà,NCMS000,a,r.consonant,0,indiferent,no,si,ca
29/08/2026 13:45:03,usr_ms3d4ade_edo2g,blot,***,***,r.consonant,0,indiferent,no,si,nw
29/08/2026 13:45:05,usr_ms3d4ade_edo2g,blot,***,***,r.consonant,0,indiferent,no,si,ba
29/08/2026 13:45:42,usr_ms3d4ade_edo2g,immunoblot,***,***,r.consonant,0,indiferent,no,si,nw
29/08/2026 13:45:46,usr_ms3d4ade_edo2g,pot,NCMS000,ɔt,r.consonant,0,indiferent,no,si,ba
29/08/2026 13:54:53,usr_mtcvikr5_iw9s1,pregària,NCFS000,aɾiə,r.consonant,0,consonant,no,no,va
29/08/2026 13:57:29,usr_mtcvikr5_iw9s1,pregària,NCFS000,aiə,r.assonant,0,consonant,no,no,ba
29/08/2026 13:58:36,usr_mtcvikr5_iw9s1,ermita,NCFS000,iə,r.assonant,0,consonant,no,no,ba
29/08/2026 13:58:42,usr_mtcvikr5_iw9s1,ermita,NCFS000,iə,r.assonant,0,consonant,no,no,ca
29/08/2026 13:58:49,usr_mtcvikr5_iw9s1,ermita,NCFS000,iə,r.assonant,0,consonant,no,no,nw
29/08/2026 13:58:57,usr_mtcvikr5_iw9s1,ermita,NCFS000,iə,r.assonant,0,consonant,no,no,ca
29/08/2026 13:59:09,usr_mtcvikr5_iw9s1,ermita,NCFS000,itə,r.consonant,0,consonant,no,no,nw
29/08/2026 14:01:25,usr_mtebxx67_sshd3,major,NCCS000,o,r.consonant,0,indiferent,no,si,nw
29/08/2026 14:01:27,usr_mtebxx67_sshd3,major,NCCS000,o,r.consonant,0,indiferent,no,si,va
29/08/2026 14:01:31,usr_mtebxx67_sshd3,major,NCCS000,o,r.consonant,0,indiferent,no,si,ba
29/08/2026 14:03:14,usr_mtebxx67_sshd3,persones,NCFP000,onəs,r.consonant,0,indiferent,no,si,nw
29/08/2026 14:03:15,usr_mtebxx67_sshd3,persones,NCFP000,onəs,r.consonant,0,indiferent,no,si,ca
29/08/2026 14:21:42,usr_msi5i2ow_qg0fc,escalfa,VMIP3S00,alfə,r.consonant,0,indiferent,no,si,va
29/08/2026 14:22:18,usr_mtecosya_t3fpy,abril,NCMS000,il,r.consonant,0,indiferent,no,si,ba
29/08/2026 14:22:19,usr_mtecosya_t3fpy,abril,NCMS000,il,r.consonant,0,indiferent,no,si,va
29/08/2026 15:04:24,usr_mtecosya_t3fpy,abril,NCMS000,il,r.consonant,0,indiferent,no,si,ca
29/08/2026 15:04:25,usr_mtecosya_t3fpy,abril,NCMS000,il,r.consonant,0,indiferent,no,si,va
29/08/2026 16:31:58,usr_mtehbimi_uf860,trista,AQ0FS0,istə,r.consonant,0,indiferent,no,si,ba
29/08/2026 16:38:34,usr_mtehbimi_uf860,trista,AQ0FS0,iə,r.assonant,0,indiferent,no,si,va
29/08/2026 16:39:03,usr_mtehbimi_uf860,trista,AQ0FS0,iə,r.assonant,0,indiferent,no,si,ba
29/08/2026 16:39:21,usr_mtehbimi_uf860,trista,AQ0FS0,iə,r.assonant,0,indiferent,no,si,ca
29/08/2026 17:06:35,usr_mtda5y17_k4vkh,ferum,NCFS000,um,r.consonant,0,indiferent,no,si,ca
29/08/2026 17:39:32,usr_mtda5y17_k4vkh,mussol,NCMS000,ɔl,r.consonant,0,indiferent,no,si,ba
29/08/2026 17:43:06,usr_mtda5y17_k4vkh,lluna,NCFS000,unə,r.consonant,0,indiferent,no,si,va
29/08/2026 17:46:52,usr_mtda5y17_k4vkh,musssol,***,***,r.consonant,0,indiferent,no,si,nw
29/08/2026 17:46:55,usr_mtda5y17_k4vkh,mussol,NCMS000,ɔl,r.consonant,0,indiferent,no,si,ba
29/08/2026 17:50:49,usr_mtda5y17_k4vkh,lluna,NCFS000,unə,r.consonant,0,indiferent,no,si,nw
29/08/2026 18:08:18,usr_ms3d4ade_edo2g,melsa,NCFS000,ɛlsə,r.consonant,0,indiferent,no,si,ba
29/08/2026 20:41:49,usr_mteq8ufy_praub,sola,NCFS000,ɔlə,r.consonant,0,indiferent,no,si,va
29/08/2026 20:49:16,usr_mteq8ufy_praub,força,NCFS000,ɔrsə,r.consonant,0,indiferent,no,si,va
29/08/2026 20:49:52,usr_mteq8ufy_praub,l'hora,***,***,r.consonant,0,indiferent,no,si,nw
29/08/2026 20:49:56,usr_mteq8ufy_praub,hora,NCFS000,ɔɾə,r.consonant,0,indiferent,no,si,ba
29/08/2026 20:51:25,usr_mteq8ufy_praub,fora,NCFS000,ɔɾə,r.consonant,0,indiferent,no,si,ca
29/08/2026 23:24:30,usr_mtew1wqq_89gf0,seny,NCMS000,ɛɲ,r.consonant,0,indiferent,no,si,va
29/08/2026 23:27:14,usr_mtew1wqq_89gf0,pau,NCFS000,aw,r.consonant,0,indiferent,no,si,ca
29/08/2026 23:38:11,usr_mtew1wqq_89gf0,fí,***,***,r.consonant,0,indiferent,no,si,va
29/08/2026 23:38:13,usr_mtew1wqq_89gf0,fi,NCCS000,i,r.consonant,0,indiferent,no,si,nw
29/08/2026 23:40:26,usr_msvstgal_f0fqn,visible,AQ0CS0,ibblə,r.consonant,3,indiferent,no,no,nw
29/08/2026 23:41:10,usr_msvstgal_f0fqn,visible,AQ0CS0,iə,r.assonant,3,indiferent,no,no,nw
29/08/2026 23:44:40,usr_mtew1wqq_89gf0,bestreta,NCFS000,etə,r.consonant,0,indiferent,no,si,ca
29/08/2026 23:44:58,usr_mtew1wqq_89gf0,discerat,***,***,r.consonant,0,indiferent,no,si,nw
29/08/2026 23:45:03,usr_mtew1wqq_89gf0,discreta,AQ0FS0,etə,r.consonant,0,indiferent,no,si,va
30/08/2026 0:06:48,usr_mtew1wqq_89gf0,patum,NCFS000,um,r.consonant,0,indiferent,no,si,nw
30/08/2026 8:11:17,usr_msvstgal_f0fqn,gronxa,VMIP3S00,onʃə,r.consonant,2,indiferent,no,no,ba
30/08/2026 8:11:35,usr_msvstgal_f0fqn,gronxa,VMIP3S00,oə,r.assonant,2,indiferent,no,no,ba
30/08/2026 8:16:41,usr_msvstgal_f0fqn,ufana,NCFS000,aə,r.assonant,2,indiferent,no,no,nw
30/08/2026 8:29:16,usr_msvstgal_f0fqn,dia,NCMS000,iə,r.assonant,2,indiferent,no,no,nw
30/08/2026 10:28:44,usr_mt48v0u6_2f0h2,nostra,DP1FSP,ɔstɾə,r.consonant,0,indiferent,no,si,va
30/08/2026 11:10:28,usr_mtda5y17_k4vkh,lluna,NCFS000,unə,r.consonant,0,indiferent,no,si,va
30/08/2026 11:11:01,usr_mtda5y17_k4vkh,mussol,NCMS000,ɔl,r.consonant,0,indiferent,no,si,nw
30/08/2026 11:13:40,usr_mtda5y17_k4vkh,crida,NCFS000,iðə,r.consonant,0,indiferent,no,si,ba
30/08/2026 11:14:25,usr_mt8qbj0y_t9oqc,fardo,***,***,r.assonant,2,indiferent,no,si,ba
30/08/2026 11:14:33,usr_mt8qbj0y_t9oqc,fardo,***,***,r.assonant,0,indiferent,no,si,nw
30/08/2026 11:14:36,usr_mt8qbj0y_t9oqc,fardo,***,***,r.assonant,0,indiferent,no,si,va
30/08/2026 11:14:42,usr_mt8qbj0y_t9oqc,cardo,NCMS000,au,r.assonant,0,indiferent,no,si,ba
30/08/2026 11:15:03,usr_mt8qbj0y_t9oqc,cardo,NCMS000,arðu,r.consonant,0,indiferent,no,si,nw
30/08/2026 11:15:19,usr_mt8qbj0y_t9oqc,cardo,NCMS000,au,r.assonant,0,indiferent,no,si,nw
30/08/2026 11:19:41,usr_ms3d4ade_edo2g,fonoll,NCMS000,oʎ,r.consonant,0,indiferent,no,si,ba
30/08/2026 12:22:44,usr_mtda5y17_k4vkh,mussol,NCMS000,ɔl,r.consonant,0,indiferent,no,si,nw
30/08/2026 12:23:07,usr_msmvi6bs_y8nms,ent,***,***,r.consonant,3,indiferent,no,si,va
30/08/2026 12:23:27,usr_msmvi6bs_y8nms,ment,NCFS000,en,r.consonant,3,indiferent,no,si,ba
30/08/2026 12:27:48,usr_msw1neq7_upeg5,acle,***,***,r.consonant,0,indiferent,no,si,va
30/08/2026 12:27:54,usr_msw1neq7_upeg5,espectacle,NCMS000,aklə,r.consonant,0,indiferent,no,si,nw
30/08/2026 12:53:05,usr_mtfoxw17_jly6f,niu,NCMS000,iw,r.consonant,0,indiferent,no,si,ba
30/08/2026 14:47:40,usr_mt8qbj0y_t9oqc,bàndol,NCMS000,au,r.assonant,0,indiferent,no,si,nw
30/08/2026 14:47:45,usr_mt8qbj0y_t9oqc,bàndol,NCMS000,andul,r.consonant,0,indiferent,no,si,nw
30/08/2026 14:49:11,usr_mt8qbj0y_t9oqc,òrbita,NCFS000,ɔrβitə,r.consonant,0,indiferent,no,si,ca
30/08/2026 14:49:16,usr_mt8qbj0y_t9oqc,òrbita,NCFS000,ɔiə,r.assonant,0,indiferent,no,si,ca
30/08/2026 16:12:33,usr_ms6gfnsa_ot8rk,avui,ZRG,uj,r.consonant,0,indiferent,no,si,va
30/08/2026 16:17:25,usr_mtfw8ou2_3wbr8,any,NCMS000,aɲ,r.consonant,0,indiferent,no,si,ba
30/08/2026 16:26:56,usr_mtfw8ou2_3wbr8,pensant,AQ0CS0,an,r.consonant,0,indiferent,no,si,ca
30/08/2026 16:27:52,usr_mtfw8ou2_3wbr8,pensant,AQ0CS0,an,r.consonant,2,indiferent,no,si,nw
30/08/2026 16:28:09,usr_mtfw8ou2_3wbr8,pensant,AQ0CS0,an,r.consonant,2,indiferent,no,si,va
30/08/2026 16:45:53,usr_mtda5y17_k4vkh,mussol,NCMS000,ɔl,r.consonant,0,indiferent,no,si,ca
30/08/2026 16:46:34,usr_mtda5y17_k4vkh,vaca,NCFS000,akə,r.consonant,0,indiferent,no,si,ba
30/08/2026 16:48:14,usr_mtfxcasq_0aorc,era,NCFS000,eɾə,r.consonant,2,indiferent,no,no,ca
30/08/2026 16:48:54,usr_mtfxcasq_0aorc,era,NCFS000,eɾə,r.consonant,3,indiferent,no,no,nw
30/08/2026 18:32:55,usr_mtg12x0c_j80je,dia,NCMS000,iə,r.consonant,0,indiferent,no,si,nw
30/08/2026 18:44:16,usr_mtg1hj8u_1u67w,quinze,NCCN000,inzə,r.consonant,0,indiferent,no,si,va
30/08/2026 18:44:23,usr_mtg1hj8u_1u67w,quinze,NCCN000,inzə,r.consonant,0,indiferent,no,si,nw
30/08/2026 18:47:06,usr_mt7dxd1z_az9oo,homenatjo,VMIP1S0C,au,r.assonant,0,indiferent,no,si,ca
30/08/2026 18:52:03,usr_mt7dxd1z_az9oo,alhora,ZRG,ɔə,r.assonant,0,indiferent,no,si,ca
30/08/2026 19:05:19,usr_ms9c5bd0_9amke,ció,NPFSSP0,o,r.consonant,0,indiferent,no,si,va
30/08/2026 19:09:27,usr_ms9c5bd0_9amke,el,DA0MS0,əl,r.consonant,0,indiferent,no,si,va
30/08/2026 19:59:37,usr_ms6gfnsa_ot8rk,negre,NCMS000,ɛɣɾə,r.consonant,0,indiferent,no,si,nw
30/08/2026 20:31:04,usr_ms6gfnsa_ot8rk,integra,VMIP3S00,eɣɾə,r.consonant,0,indiferent,no,si,ca
30/08/2026 21:05:41,usr_mtg6jdta_9cngi,camins,NCMP000,ins,r.consonant,0,indiferent,no,si,va
31/08/2026 1:37:33,usr_mtgg908p_13d18,-neta,***,***,r.consonant,0,indiferent,no,si,ca
31/08/2026 1:37:48,usr_mtgg908p_13d18,-neta,***,***,r.consonant,6,indiferent,no,no,nw
31/08/2026 1:38:01,usr_mtgg908p_13d18,neta,NCFS000,etə,r.consonant,6,indiferent,no,no,va
31/08/2026 1:39:40,usr_mtggbria_j1isz,oníric,AQ0MS0,iɾik,r.consonant,0,indiferent,no,si,nw
31/08/2026 1:43:14,usr_mtggbria_j1isz,insomni,NCMS000,ɔmni,r.consonant,0,indiferent,no,si,ba
31/08/2026 1:44:24,usr_mtggbria_j1isz,oníric,AQ0MS0,iɾik,r.consonant,0,indiferent,no,si,va
31/08/2026 1:46:10,usr_mtggbria_j1isz,oníric,AQ0MS0,ii,r.assonant,0,indiferent,no,si,va
31/08/2026 1:46:13,usr_mtggbria_j1isz,oníric,AQ0MS0,ii,r.assonant,0,indiferent,no,si,ba
31/08/2026 1:48:34,usr_msvstgal_f0fqn,fervent,AQ0CS0,en,r.consonant,2,indiferent,no,no,ba
31/08/2026 1:48:37,usr_mtggbria_j1isz,imaginari,AQ0MS0,aɾi,r.consonant,0,indiferent,no,si,nw
31/08/2026 1:49:56,usr_mtggbria_j1isz,insomni,NCMS000,ɔmni,r.consonant,0,indiferent,no,si,va
31/08/2026 1:49:59,usr_msvstgal_f0fqn,fervent,AQ0CS0,e,r.assonant,2,indiferent,no,no,nw
31/08/2026 1:50:53,usr_mtggbria_j1isz,transito,VMIP1S0C,itu,r.consonant,0,indiferent,no,si,ca
31/08/2026 1:54:52,usr_mtggbria_j1isz,arribaràn,***,***,r.consonant,0,indiferent,no,si,va
31/08/2026 1:54:59,usr_mtggbria_j1isz,arribaran,VMIF3P00,an,r.consonant,0,indiferent,no,si,va
31/08/2026 1:55:02,usr_mtggbria_j1isz,arribaran,VMIF3P00,an,r.consonant,0,indiferent,no,si,ba
31/08/2026 1:59:07,usr_mtggbria_j1isz,pensament,NCMS000,en,r.consonant,0,indiferent,no,si,ca
31/08/2026 2:00:50,usr_mtggbria_j1isz,nit,NCFS000,it,r.consonant,0,indiferent,no,si,ba
31/08/2026 2:05:12,usr_mtggbria_j1isz,traç,NCMS000,as,r.consonant,0,indiferent,no,si,nw
31/08/2026 2:11:16,usr_mtggbria_j1isz,camí,NCMS000,i,r.consonant,0,indiferent,no,si,ba
31/08/2026 2:12:30,usr_mtggbria_j1isz,fantasia,NCFS000,iə,r.consonant,0,indiferent,no,si,va
31/08/2026 2:17:55,usr_mtggbria_j1isz,camí,NCMS000,i,r.consonant,0,indiferent,no,si,ca
31/08/2026 8:39:21,usr_mt7dxd1z_az9oo,magnific,***,***,r.assonant,0,indiferent,no,si,nw
31/08/2026 8:39:34,usr_mt7dxd1z_az9oo,magnific,***,***,r.assonant,0,indiferent,no,si,va
31/08/2026 8:39:58,usr_mt7dxd1z_az9oo,magnific,***,***,r.assonant,0,indiferent,no,si,ca
31/08/2026 8:40:12,usr_mt7dxd1z_az9oo,magnific,***,***,r.assonant,3,indiferent,no,si,va
31/08/2026 8:40:27,usr_mt7dxd1z_az9oo,magnific,***,***,r.assonant,3,indiferent,si,si,nw
31/08/2026 8:43:03,usr_mt7dxd1z_az9oo,magnific,***,***,r.assonant,0,indiferent,no,si,ca
31/08/2026 8:45:42,usr_mt7dxd1z_az9oo,notable,NCMS000,aə,r.assonant,0,indiferent,no,si,ba
31/08/2026 8:48:23,usr_mt7dxd1z_az9oo,notablr,***,***,r.assonant,0,indiferent,no,si,ca
31/08/2026 8:48:24,usr_mt7dxd1z_az9oo,notablr,***,***,r.assonant,0,indiferent,no,si,nw
31/08/2026 8:48:31,usr_mt7dxd1z_az9oo,notable,NCMS000,aə,r.assonant,0,indiferent,no,si,ba
31/08/2026 8:48:57,usr_mt7dxd1z_az9oo,notable,NCMS000,aə,r.assonant,0,indiferent,no,si,nw
31/08/2026 9:21:34,usr_mtgwtqpu_6ngxt,amic,NCMS000,ik,r.consonant,0,indiferent,no,si,va
31/08/2026 9:21:51,usr_mtgwtqpu_6ngxt,amics,NCMP000,iks,r.consonant,0,indiferent,no,si,nw
31/08/2026 10:18:54,usr_mtgyvdkk_hlp33,ost,***,***,r.consonant,0,indiferent,no,si,ba
31/08/2026 10:19:14,usr_mtgyvdkk_hlp33,gost,***,***,r.consonant,0,indiferent,no,si,ca
31/08/2026 10:20:18,usr_mtgyxa0d_qy8v7,agost,NCMS000,ost,r.consonant,0,indiferent,no,si,va
31/08/2026 10:20:21,usr_mtgyxa0d_qy8v7,agost,NCMS000,ost,r.consonant,0,indiferent,no,si,nw
31/08/2026 10:20:22,usr_mtgyxa0d_qy8v7,agost,NCMS000,ost,r.consonant,0,indiferent,no,si,nw
31/08/2026 10:20:44,usr_mtgyxa0d_qy8v7,anys,NCMP000,aɲʃ,r.consonant,0,indiferent,no,si,ba
31/08/2026 10:20:47,usr_mtgyxa0d_qy8v7,anys,NCMP000,aɲʃ,r.consonant,0,indiferent,no,si,va
31/08/2026 10:20:50,usr_mtgyxa0d_qy8v7,anys,NCMP000,aɲʃ,r.consonant,0,indiferent,no,si,ba
31/08/2026 10:51:02,usr_mryuy7xv_kwye9,déu,NCMS000,ew,r.consonant,0,indiferent,no,si,va
31/08/2026 10:51:37,usr_mtda5y17_k4vkh,all,NCMS000,aʎ,r.consonant,0,indiferent,no,si,ca
31/08/2026 11:02:26,usr_mtgyxa0d_qy8v7,amants,NCCP000,ans,r.consonant,0,indiferent,no,si,ca
31/08/2026 11:07:50,usr_mtda5y17_k4vkh,audaç,AQ0CS0,as,r.consonant,0,indiferent,no,si,va
31/08/2026 11:17:18,usr_mtgyxa0d_qy8v7,amics,NCMP000,iks,r.consonant,0,indiferent,no,si,ca
31/08/2026 11:38:26,usr_mt7dxd1z_az9oo,notable,NCMS000,aə,r.assonant,0,indiferent,no,si,ca
31/08/2026 11:39:40,usr_mt7dxd1z_az9oo,notable,NCMS000,aə,r.assonant,0,indiferent,no,si,nw
31/08/2026 11:43:28,usr_mt7dxd1z_az9oo,estimar-te,***,***,r.assonant,0,indiferent,no,si,ca
31/08/2026 11:44:19,usr_mt7dxd1z_az9oo,estimar-te,***,***,r.assonant,0,indiferent,no,si,ca
31/08/2026 11:47:34,usr_mt7dxd1z_az9oo,estimar-te,***,***,r.assonant,0,indiferent,no,si,va
31/08/2026 11:47:45,usr_mt7dxd1z_az9oo,magnific,***,***,r.assonant,0,indiferent,no,si,nw
31/08/2026 11:47:47,usr_mt7dxd1z_az9oo,magnific,***,***,r.assonant,0,indiferent,no,si,va
31/08/2026 11:49:22,usr_mt7dxd1z_az9oo,magnific,***,***,r.consonant,0,indiferent,no,si,ca
31/08/2026 11:49:23,usr_mt7dxd1z_az9oo,magnific,***,***,r.consonant,0,indiferent,no,si,ba
31/08/2026 11:49:38,usr_mt7dxd1z_az9oo,excels,AQ0MS0,ɛls,r.consonant,0,indiferent,no,si,ba
31/08/2026 11:49:40,usr_mt7dxd1z_az9oo,excels,AQ0MS0,ɛls,r.consonant,0,indiferent,no,si,nw
31/08/2026 11:50:27,usr_mryuy7xv_kwye9,àngelus,NCMN000,anʒəlus,r.consonant,0,indiferent,no,si,va
31/08/2026 11:50:29,usr_mt7dxd1z_az9oo,precios,***,***,r.consonant,0,indiferent,no,si,ca
31/08/2026 11:50:29,usr_mt7dxd1z_az9oo,precios,***,***,r.consonant,0,indiferent,no,si,va
31/08/2026 11:50:45,usr_mt7dxd1z_az9oo,preciós,AQ0MS0,o,r.assonant,0,indiferent,no,si,ba
31/08/2026 11:50:52,usr_mt7dxd1z_az9oo,preciós,AQ0MS0,o,r.assonant,0,indiferent,no,si,ba
31/08/2026 11:50:56,usr_mt7dxd1z_az9oo,preciós,AQ0MS0,o,r.assonant,0,indiferent,no,si,va
31/08/2026 11:53:54,usr_mryuy7xv_kwye9,vermellíssim,***,***,r.consonant,0,indiferent,no,si,ba
31/08/2026 11:53:57,usr_mryuy7xv_kwye9,vermellissim,***,***,r.consonant,0,indiferent,no,si,ca
31/08/2026 11:54:03,usr_mryuy7xv_kwye9,caríssim,***,***,r.consonant,0,indiferent,no,si,nw
31/08/2026 11:54:05,usr_mryuy7xv_kwye9,caríssim,***,***,r.consonant,0,indiferent,no,si,ba
31/08/2026 11:54:05,usr_mryuy7xv_kwye9,caríssim,***,***,r.consonant,0,indiferent,no,si,nw
31/08/2026 11:54:06,usr_mryuy7xv_kwye9,caríssim,***,***,r.consonant,0,indiferent,no,si,ba
31/08/2026 11:54:06,usr_mryuy7xv_kwye9,caríssim,***,***,r.consonant,0,indiferent,no,si,nw
31/08/2026 11:54:06,usr_mryuy7xv_kwye9,caríssim,***,***,r.consonant,0,indiferent,no,si,ca
31/08/2026 11:54:14,usr_mryuy7xv_kwye9,carissim,***,***,r.consonant,0,indiferent,no,si,va
31/08/2026 11:55:16,usr_mt7dxd1z_az9oo,honor,NCCS000,o,r.assonant,0,indiferent,no,si,nw
31/08/2026 12:04:25,usr_mt7dxd1z_az9oo,admirar,VMN00000,a,r.assonant,0,indiferent,no,si,nw
31/08/2026 12:05:27,usr_mt7dxd1z_az9oo,admirar,VMN00000,a,r.assonant,0,indiferent,no,si,nw
31/08/2026 12:06:00,usr_mt7dxd1z_az9oo,notable,NCMS000,aə,r.assonant,0,indiferent,no,si,va
31/08/2026 12:06:15,usr_mt7dxd1z_az9oo,notable,NCMS000,aə,r.assonant,0,indiferent,no,si,nw
31/08/2026 12:06:59,usr_mt7dxd1z_az9oo,magnific,***,***,r.consonant,0,indiferent,no,si,ca
31/08/2026 12:07:01,usr_mt7dxd1z_az9oo,magnific,***,***,r.consonant,0,indiferent,no,si,nw
31/08/2026 12:07:11,usr_mt7dxd1z_az9oo,magnific,***,***,r.assonant,0,indiferent,no,si,va
31/08/2026 12:08:08,usr_mryuy7xv_kwye9,tarda,NCFS000,arðə,r.consonant,0,indiferent,no,si,va
31/08/2026 12:10:17,usr_mtda5y17_k4vkh,taca,NCFS000,akə,r.consonant,0,indiferent,no,si,ba
31/08/2026 12:11:11,usr_mth2vv39_etfsu,dimecres,NCMN000,ekɾəs,r.consonant,0,indiferent,no,si,ca
31/08/2026 12:11:15,usr_mth2vv39_etfsu,dimecres,NCMN000,ekɾəs,r.consonant,0,indiferent,no,si,nw
31/08/2026 12:11:22,usr_mth2w465_nmos9,una,DI0FS0,unə,r.consonant,0,indiferent,no,si,va
31/08/2026 12:15:40,usr_mryuy7xv_kwye9,crepuscle,NCMS000,usklə,r.consonant,0,indiferent,no,si,nw
31/08/2026 12:16:30,usr_mryuy7xv_kwye9,déu,NCMS000,ew,r.consonant,0,indiferent,no,si,nw
31/08/2026 13:43:08,usr_mt1cxisw_s93yx,sentit,NCMS000,it,r.consonant,0,indiferent,no,si,ba
31/08/2026 13:43:11,usr_mth66723_oi120,cosa,NCFS000,ɔzə,r.consonant,0,indiferent,no,si,ba
31/08/2026 13:47:47,usr_mth66723_oi120,noves,NCFP000,ɔβəs,r.consonant,0,indiferent,no,si,nw
31/08/2026 14:34:30,usr_ms3d4ade_edo2g,tomàtiga,NCFS000,atiɣə,r.consonant,0,indiferent,no,si,nw
31/08/2026 14:34:46,usr_ms3d4ade_edo2g,espill,NCMS000,iʎ,r.consonant,0,indiferent,no,si,ca
31/08/2026 14:42:19,usr_mth8a7kk_hzrmt,coma,NCFS000,omə,r.consonant,0,indiferent,no,si,ba
31/08/2026 14:55:22,usr_ms3d4ade_edo2g,votura,***,***,r.consonant,0,indiferent,no,si,nw
31/08/2026 15:04:30,usr_ms78a4ki_37kmj,monb,***,***,r.consonant,0,indiferent,no,si,va
31/08/2026 15:04:39,usr_ms78a4ki_37kmj,mon,DP1MSS,un,r.consonant,0,indiferent,no,si,va
31/08/2026 15:04:39,usr_ms78a4ki_37kmj,mon,DP1MSS,un,r.consonant,0,indiferent,no,si,nw
31/08/2026 15:04:54,usr_ms78a4ki_37kmj,mon,DP1MSS,un,r.consonant,0,indiferent,no,si,nw
31/08/2026 15:05:01,usr_ms78a4ki_37kmj,món,NCMS000,on,r.consonant,0,indiferent,no,si,nw
31/08/2026 15:21:02,usr_mth9o0kz_at932,fàcil,AQ0CS0,asil,r.consonant,0,indiferent,no,si,va
31/08/2026 15:21:05,usr_mth9o0kz_at932,fàcil,AQ0CS0,ai,r.assonant,0,indiferent,no,si,ca
31/08/2026 15:21:08,usr_mth9o0kz_at932,fàcil,AQ0CS0,ai,r.assonant,0,indiferent,no,si,ba
31/08/2026 15:21:43,usr_mth9o0kz_at932,gratis,VMSP2S0Y,atis,r.consonant,0,indiferent,no,si,nw
31/08/2026 15:22:06,usr_mth9o0kz_at932,fantastic,***,***,r.consonant,0,indiferent,no,si,nw
31/08/2026 15:22:13,usr_mth9o0kz_at932,fantàstic,AQ0MS0,astik,r.consonant,0,indiferent,no,si,ba
31/08/2026 15:23:38,usr_mtda5y17_k4vkh,òptica,NCFS000,ɔptikə,r.consonant,0,indiferent,no,si,ba
31/08/2026 15:24:42,usr_mtda5y17_k4vkh,nyanyo,NCMS000,aɲu,r.consonant,0,indiferent,no,si,nw
31/08/2026 15:25:17,usr_mth9o0kz_at932,pràctic,NCMS000,aktik,r.consonant,0,indiferent,no,si,ca
31/08/2026 15:25:33,usr_mth9o0kz_at932,quasi,ZRG,azi,r.consonant,0,indiferent,no,si,va
31/08/2026 15:28:06,usr_mtda5y17_k4vkh,cames,NCFP000,aməs,r.consonant,0,indiferent,no,si,ca
31/08/2026 15:38:02,usr_ms78a4ki_37kmj,pot,NCMS000,ɔt,r.consonant,0,indiferent,no,si,va
31/08/2026 15:40:46,usr_mtda5y17_k4vkh,caigut,VMP00SM0,ut,r.consonant,0,indiferent,no,si,ba
31/08/2026 15:43:05,usr_mtda5y17_k4vkh,ulleres,NCFP000,eɾəs,r.consonant,0,indiferent,no,si,nw
31/08/2026 15:45:59,usr_mtda5y17_k4vkh,cames,NCFP000,aməs,r.consonant,0,indiferent,no,si,ca
31/08/2026 15:59:09,usr_mtda5y17_k4vkh,mussol,NCMS000,ɔl,r.consonant,0,indiferent,no,si,ca
31/08/2026 17:36:13,usr_ms4s02au_f16vv,perill,NCMS000,iʎ,r.consonant,0,indiferent,no,si,va
31/08/2026 17:40:20,usr_mth66723_oi120,com,NCMS000,ɔm,r.consonant,0,indiferent,no,si,va
31/08/2026 17:59:50,usr_mth66723_oi120,nota,NCFS000,ɔtə,r.consonant,0,indiferent,no,si,nw
31/08/2026 18:19:11,usr_mthg13u0_uf5kz,ones,NCFP000,onəs,r.consonant,0,indiferent,no,si,ca
31/08/2026 18:25:07,usr_mth66723_oi120,sang,NCFS000,aŋ,r.consonant,0,indiferent,no,si,va
31/08/2026 19:02:04,usr_mth66723_oi120,terra,NCCS000,ɛrə,r.consonant,0,indiferent,no,si,ba
31/08/2026 19:07:39,usr_mth66723_oi120,abril,NCMS000,il,r.consonant,0,indiferent,no,si,ca
31/08/2026 19:11:31,usr_mth66723_oi120,llegenda,NCFS000,endə,r.consonant,0,indiferent,no,si,nw
31/08/2026 19:21:47,usr_ms08dbgw_c6iss,bé,NCMS000,e,r.consonant,0,indiferent,no,si,va
31/08/2026 19:21:47,usr_ms08dbgw_c6iss,b4,***,***,r.consonant,0,indiferent,no,si,ba
31/08/2026 19:22:01,usr_ms08dbgw_c6iss,bé,NCMS000,e,r.consonant,0,indiferent,no,si,ba
31/08/2026 19:55:27,usr_mthjgxk0_cmgpm,constant,NCFS000,an,r.consonant,0,indiferent,no,si,va
31/08/2026 19:55:42,usr_mthjgxk0_cmgpm,constant,NCFS000,an,r.consonant,0,indiferent,no,si,va
31/08/2026 20:04:03,usr_mthjrznp_o337x,torna,NCFS000,ornə,r.consonant,0,indiferent,no,si,nw
31/08/2026 20:18:32,usr_mth66723_oi120,córrer,VMN00000,orə,r.consonant,0,indiferent,no,si,ca
31/08/2026 20:19:01,usr_msg99rht_qkano,mais,***,***,r.consonant,0,indiferent,no,si,ca
31/08/2026 20:19:06,usr_msg99rht_qkano,mai,ZRG,aj,r.consonant,0,indiferent,no,si,ca
31/08/2026 20:19:09,usr_msg99rht_qkano,espais,NCMP000,ajs,r.consonant,0,indiferent,no,si,ba
31/08/2026 20:19:49,usr_msg99rht_qkano,mai,ZRG,aj,r.consonant,0,indiferent,no,si,ba
31/08/2026 20:38:51,usr_msg99rht_qkano,estiu,NCMS000,iw,r.consonant,0,indiferent,no,si,ca
31/08/2026 20:45:01,usr_mth66723_oi120,pedres,NCFP000,eðɾəs,r.consonant,0,indiferent,no,si,va
31/08/2026 20:45:34,usr_mth66723_oi120,pedra,NCFS000,eðɾə,r.consonant,0,indiferent,no,si,va
31/08/2026 20:49:55,usr_mth66723_oi120,córrer,VMN00000,orə,r.consonant,0,indiferent,no,si,ca
31/08/2026 20:51:46,usr_mthlik7i_r6ajc,ametler,NCMS000,e,r.consonant,0,indiferent,no,si,ba
31/08/2026 20:52:11,usr_mthlik7i_r6ajc,ametller,NCMS000,e,r.consonant,0,indiferent,no,si,ba
31/08/2026 20:52:41,usr_mthlik7i_r6ajc,ametller,NCMS000,e,r.consonant,2,indiferent,no,si,ba
31/08/2026 20:53:36,usr_mthlik7i_r6ajc,ametller,NCMS000,e,r.assonant,2,indiferent,no,si,nw
31/08/2026 22:13:45,usr_mth66723_oi120,possible,NCMS000,ibblə,r.consonant,0,indiferent,no,si,va
31/08/2026 22:22:36,usr_mth66723_oi120,maquinista,NCCS000,istə,r.consonant,0,indiferent,no,si,ca
31/08/2026 22:33:00,usr_mth66723_oi120,diable,NCMS000,abblə,r.consonant,0,indiferent,no,si,va
31/08/2026 22:40:41,usr_mth66723_oi120,ritme,NCMS000,immə,r.consonant,0,indiferent,no,si,ca
